DefectID,ProductionID,DateKey,LineID,DefectTypeID,DefectCount
1,1.0,20240101.0,2.0,4,28
2,1.0,20240101.0,2.0,3,89
3,2.0,20240101.0,1.0,3,65
4,2.0,20240101.0,1.0,6,8
5,3.0,20240101.0,1.0,2,4
6,3.0,20240101.0,1.0,5,33
7,3.0,20240101.0,1.0,1,126
8,4.0,20240101.0,3.0,1,5
9,4.0,20240101.0,3.0,6,23
10,4.0,20240101.0,3.0,4,26
11,5.0,20240101.0,3.0,5,68
12,5.0,20240101.0,3.0,3,25
13,5.0,20240101.0,3.0,6,8
14,6.0,20240101.0,4.0,2,4
15,6.0,20240101.0,4.0,4,59
16,6.0,20240101.0,4.0,5,27
17,7.0,20240101.0,3.0,5,46
18,7.0,20240101.0,3.0,6,39
19,7.0,20240101.0,3.0,3,24
20,8.0,20240101.0,3.0,5,91
21,9.0,20240101.0,2.0,1,158
22,10.0,20240102.0,4.0,3,160
23,11.0,20240102.0,4.0,1,81
24,11.0,20240102.0,4.0,5,18
25,12.0,20240102.0,4.0,1,35
26,12.0,20240102.0,4.0,3,27
27,13.0,20240102.0,4.0,5,39
28,13.0,20240102.0,4.0,6,32
29,13.0,20240102.0,4.0,4,26
30,14.0,20240102.0,2.0,6,94
31,15.0,20240102.0,1.0,3,115
32,16.0,20240102.0,4.0,1,71
33,16.0,20240102.0,4.0,6,17
34,16.0,20240102.0,4.0,5,87
35,17.0,20240102.0,3.0,3,21
36,17.0,20240102.0,3.0,6,32
37,18.0,20240102.0,3.0,3,39
38,19.0,20240103.0,1.0,2,82
39,19.0,20240103.0,1.0,3,36
40,20.0,20240103.0,1.0,4,77
41,20.0,20240103.0,1.0,6,15
42,21.0,20240103.0,2.0,1,249
43,22.0,20240103.0,1.0,4,63
44,22.0,20240103.0,1.0,5,86
45,23.0,20240103.0,4.0,5,92
46,23.0,20240103.0,4.0,3,33
47,24.0,20240103.0,1.0,1,209
48,25.0,20240103.0,1.0,2,48
49,25.0,20240103.0,1.0,5,140
50,26.0,20240103.0,2.0,1,87
51,26.0,20240103.0,2.0,5,123
52,27.0,20240104.0,2.0,6,106
53,27.0,20240104.0,2.0,1,79
54,27.0,20240104.0,2.0,5,215
55,28.0,20240104.0,3.0,1,8
56,28.0,20240104.0,3.0,5,30
57,28.0,20240104.0,3.0,6,83
58,29.0,20240104.0,3.0,1,163
59,30.0,20240104.0,3.0,4,137
60,30.0,20240104.0,3.0,3,5
61,31.0,20240104.0,2.0,6,32
62,31.0,20240104.0,2.0,2,83
63,31.0,20240104.0,2.0,4,28
64,32.0,20240104.0,3.0,6,18
65,32.0,20240104.0,3.0,4,80
66,33.0,20240104.0,2.0,6,138
67,34.0,20240104.0,3.0,4,25
68,34.0,20240104.0,3.0,6,22
69,34.0,20240104.0,3.0,3,40
70,35.0,20240104.0,2.0,4,133
71,36.0,20240104.0,1.0,2,47
72,36.0,20240104.0,1.0,1,113
73,37.0,20240104.0,4.0,4,66
74,37.0,20240104.0,4.0,5,78
75,38.0,20240105.0,2.0,2,37
76,38.0,20240105.0,2.0,6,151
77,39.0,20240105.0,1.0,1,93
78,39.0,20240105.0,1.0,6,4
79,40.0,20240105.0,3.0,1,20
80,40.0,20240105.0,3.0,2,1
81,40.0,20240105.0,3.0,4,61
82,41.0,20240105.0,3.0,5,9
83,41.0,20240105.0,3.0,1,14
84,41.0,20240105.0,3.0,6,22
85,42.0,20240105.0,3.0,6,64
86,42.0,20240105.0,3.0,5,31
87,43.0,20240105.0,3.0,3,18
88,43.0,20240105.0,3.0,5,63
89,44.0,20240105.0,3.0,6,24
90,44.0,20240105.0,3.0,4,55
91,45.0,20240106.0,1.0,5,31
92,45.0,20240106.0,1.0,4,10
93,46.0,20240106.0,4.0,2,183
94,46.0,20240106.0,4.0,4,8
95,47.0,20240106.0,4.0,5,107
96,48.0,20240106.0,2.0,2,329
97,49.0,20240106.0,2.0,3,15
98,49.0,20240106.0,2.0,5,98
99,50.0,20240106.0,3.0,5,88
100,50.0,20240106.0,3.0,3,50
101,51.0,20240107.0,3.0,2,71
102,51.0,20240107.0,3.0,1,1
103,52.0,20240107.0,1.0,4,125
104,53.0,20240107.0,4.0,6,98
105,53.0,20240107.0,4.0,5,34
106,53.0,20240107.0,4.0,4,26
107,54.0,20240107.0,2.0,2,257
108,55.0,20240107.0,3.0,5,136
109,55.0,20240107.0,3.0,3,59
110,56.0,20240107.0,3.0,1,139
111,56.0,20240107.0,3.0,4,13
112,57.0,20240107.0,2.0,6,12
113,58.0,20240107.0,1.0,3,101
114,58.0,20240107.0,1.0,1,55
115,59.0,20240107.0,1.0,2,55
116,59.0,20240107.0,1.0,4,48
117,60.0,20240107.0,3.0,2,63
118,61.0,20240107.0,3.0,3,64
119,62.0,20240108.0,1.0,3,84
120,62.0,20240108.0,1.0,5,52
121,63.0,20240108.0,3.0,4,54
122,63.0,20240108.0,3.0,2,43
123,64.0,20240108.0,1.0,2,129
124,65.0,20240108.0,4.0,2,37
125,65.0,20240108.0,4.0,5,120
126,66.0,20240108.0,2.0,4,189
127,67.0,20240108.0,4.0,1,78
128,67.0,20240108.0,4.0,3,8
129,67.0,20240108.0,4.0,5,21
130,68.0,20240108.0,1.0,1,10
131,68.0,20240108.0,1.0,6,6
132,69.0,20240108.0,2.0,1,214
133,70.0,20240109.0,3.0,1,118
134,71.0,20240109.0,4.0,4,71
135,71.0,20240109.0,4.0,5,27
136,71.0,20240109.0,4.0,2,155
137,72.0,20240109.0,3.0,6,56
138,73.0,20240109.0,3.0,3,128
139,74.0,20240109.0,1.0,5,44
140,74.0,20240109.0,1.0,3,14
141,74.0,20240109.0,1.0,2,35
142,75.0,20240109.0,3.0,4,78
143,76.0,20240109.0,2.0,1,127
144,76.0,20240109.0,2.0,5,4
145,77.0,20240109.0,1.0,1,42
146,77.0,20240109.0,1.0,5,34
147,78.0,20240109.0,2.0,2,237
148,78.0,20240109.0,2.0,3,2
149,79.0,20240109.0,2.0,6,22
150,79.0,20240109.0,2.0,4,250
151,80.0,20240110.0,1.0,6,38
152,80.0,20240110.0,1.0,1,6
153,80.0,20240110.0,1.0,4,25
154,81.0,20240110.0,2.0,2,51
155,81.0,20240110.0,2.0,6,54
156,82.0,20240110.0,4.0,1,75
157,82.0,20240110.0,4.0,2,71
158,83.0,20240110.0,3.0,5,137
159,84.0,20240110.0,4.0,2,181
160,85.0,20240110.0,1.0,5,43
161,86.0,20240110.0,4.0,5,19
162,86.0,20240110.0,4.0,2,108
163,87.0,20240110.0,4.0,2,155
164,88.0,20240111.0,4.0,6,73
165,88.0,20240111.0,4.0,1,21
166,88.0,20240111.0,4.0,3,24
167,89.0,20240111.0,1.0,1,124
168,89.0,20240111.0,1.0,6,3
169,90.0,20240111.0,1.0,4,81
170,90.0,20240111.0,1.0,2,128
171,91.0,20240111.0,2.0,1,80
172,91.0,20240111.0,2.0,4,52
173,91.0,20240111.0,2.0,6,20
174,92.0,20240111.0,3.0,1,113
175,92.0,20240111.0,3.0,6,8
176,92.0,20240111.0,3.0,2,7
177,93.0,20240111.0,3.0,5,71
178,94.0,20240111.0,3.0,4,108
179,95.0,20240111.0,1.0,6,165
180,96.0,20240111.0,2.0,5,56
181,96.0,20240111.0,2.0,4,128
182,97.0,20240111.0,1.0,1,25
183,97.0,20240111.0,1.0,2,145
184,98.0,20240112.0,2.0,6,16
185,98.0,20240112.0,2.0,3,84
186,98.0,20240112.0,2.0,4,16
187,99.0,20240112.0,1.0,5,130
188,100.0,20240112.0,2.0,1,152
189,100.0,20240112.0,2.0,4,159
190,100.0,20240112.0,2.0,2,25
191,101.0,20240112.0,1.0,6,49
192,101.0,20240112.0,1.0,5,53
193,101.0,20240112.0,1.0,3,6
194,102.0,20240112.0,1.0,3,93
195,103.0,20240112.0,4.0,5,77
196,103.0,20240112.0,4.0,3,53
197,104.0,20240113.0,3.0,2,60
198,105.0,20240113.0,3.0,5,19
199,105.0,20240113.0,3.0,2,102
200,106.0,20240113.0,1.0,6,114
201,107.0,20240113.0,3.0,4,25
202,107.0,20240113.0,3.0,5,23
203,107.0,20240113.0,3.0,1,9
204,108.0,20240113.0,4.0,2,91
205,109.0,20240113.0,1.0,3,5
206,109.0,20240113.0,1.0,5,31
207,109.0,20240113.0,1.0,6,154
208,110.0,20240113.0,3.0,6,59
209,111.0,20240113.0,2.0,2,309
210,112.0,20240113.0,4.0,2,76
211,113.0,20240113.0,1.0,4,1
212,113.0,20240113.0,1.0,5,52
213,113.0,20240113.0,1.0,2,71
214,114.0,20240114.0,3.0,3,23
215,114.0,20240114.0,3.0,6,72
216,114.0,20240114.0,3.0,4,17
217,115.0,20240114.0,4.0,3,116
218,116.0,20240114.0,4.0,1,193
219,117.0,20240114.0,4.0,5,6
220,117.0,20240114.0,4.0,1,95
221,118.0,20240114.0,1.0,4,83
222,119.0,20240114.0,1.0,4,163
223,120.0,20240115.0,1.0,4,183
224,121.0,20240115.0,1.0,1,69
225,121.0,20240115.0,1.0,5,13
226,122.0,20240115.0,1.0,1,28
227,122.0,20240115.0,1.0,5,62
228,122.0,20240115.0,1.0,3,34
229,123.0,20240115.0,3.0,1,88
230,123.0,20240115.0,3.0,5,16
231,123.0,20240115.0,3.0,4,21
232,124.0,20240115.0,3.0,6,44
233,124.0,20240115.0,3.0,2,2
234,124.0,20240115.0,3.0,3,67
235,125.0,20240115.0,1.0,4,170
236,126.0,20240115.0,1.0,4,88
237,126.0,20240115.0,1.0,6,30
238,126.0,20240115.0,1.0,3,45
239,127.0,20240116.0,3.0,1,84
240,128.0,20240116.0,2.0,6,259
241,129.0,20240116.0,2.0,6,160
242,129.0,20240116.0,2.0,4,37
243,130.0,20240116.0,2.0,4,94
244,130.0,20240116.0,2.0,2,104
245,131.0,20240116.0,1.0,5,141
246,132.0,20240116.0,2.0,5,167
247,132.0,20240116.0,2.0,6,29
248,133.0,20240117.0,3.0,1,110
249,134.0,20240117.0,3.0,4,120
250,135.0,20240117.0,1.0,1,117
251,135.0,20240117.0,1.0,3,5
252,136.0,20240117.0,4.0,4,4
253,136.0,20240117.0,4.0,5,113
254,137.0,20240117.0,3.0,1,12
255,137.0,20240117.0,3.0,3,9
256,138.0,20240117.0,2.0,3,47
257,138.0,20240117.0,2.0,2,125
258,138.0,20240117.0,2.0,4,1
259,139.0,20240117.0,4.0,2,90
260,139.0,20240117.0,4.0,3,79
261,139.0,20240117.0,4.0,1,3
262,140.0,20240117.0,2.0,4,213
263,141.0,20240117.0,3.0,3,124
264,142.0,20240117.0,3.0,2,59
265,143.0,20240118.0,3.0,4,89
266,144.0,20240118.0,4.0,2,4
267,144.0,20240118.0,4.0,4,3
268,144.0,20240118.0,4.0,1,100
269,145.0,20240118.0,3.0,2,28
270,145.0,20240118.0,3.0,6,69
271,145.0,20240118.0,3.0,5,23
272,146.0,20240118.0,4.0,3,15
273,146.0,20240118.0,4.0,4,17
274,146.0,20240118.0,4.0,5,16
275,147.0,20240118.0,3.0,5,84
276,148.0,20240118.0,2.0,4,263
277,149.0,20240118.0,3.0,5,26
278,149.0,20240118.0,3.0,4,5
279,149.0,20240118.0,3.0,3,6
280,150.0,20240118.0,1.0,2,38
281,150.0,20240118.0,1.0,6,17
282,151.0,20240118.0,4.0,1,138
283,151.0,20240118.0,4.0,4,17
284,152.0,20240119.0,1.0,4,82
285,152.0,20240119.0,1.0,5,14
286,153.0,20240119.0,3.0,3,74
287,154.0,20240119.0,3.0,3,60
288,154.0,20240119.0,3.0,4,2
289,154.0,20240119.0,3.0,5,51
290,155.0,20240119.0,2.0,6,214
291,155.0,20240119.0,2.0,2,19
292,156.0,20240119.0,4.0,6,97
293,157.0,20240119.0,3.0,3,6
294,157.0,20240119.0,3.0,4,57
295,158.0,20240119.0,4.0,4,52
296,158.0,20240119.0,4.0,2,34
297,158.0,20240119.0,4.0,6,28
298,159.0,20240119.0,4.0,5,104
299,160.0,20240119.0,3.0,2,3
300,160.0,20240119.0,3.0,1,84
301,160.0,20240119.0,3.0,3,33
302,161.0,20240120.0,2.0,1,100
303,162.0,20240120.0,3.0,3,88
304,163.0,20240120.0,2.0,4,150
305,164.0,20240120.0,1.0,3,34
306,164.0,20240120.0,1.0,4,99
307,165.0,20240120.0,2.0,5,4
308,165.0,20240120.0,2.0,3,16
309,166.0,20240120.0,4.0,3,79
310,166.0,20240120.0,4.0,2,22
311,166.0,20240120.0,4.0,6,6
312,167.0,20240120.0,1.0,5,21
313,167.0,20240120.0,1.0,6,11
314,167.0,20240120.0,1.0,2,92
315,168.0,20240120.0,3.0,3,12
316,168.0,20240120.0,3.0,2,126
317,169.0,20240120.0,4.0,4,159
318,170.0,20240120.0,1.0,1,28
319,170.0,20240120.0,1.0,5,44
320,170.0,20240120.0,1.0,6,7
321,171.0,20240121.0,3.0,2,62
322,171.0,20240121.0,3.0,1,43
323,172.0,20240121.0,2.0,6,188
324,173.0,20240121.0,3.0,5,78
325,173.0,20240121.0,3.0,3,23
326,174.0,20240121.0,2.0,3,85
327,174.0,20240121.0,2.0,1,145
328,174.0,20240121.0,2.0,2,23
329,175.0,20240121.0,1.0,5,161
330,176.0,20240121.0,3.0,1,78
331,176.0,20240121.0,3.0,4,19
332,177.0,20240121.0,4.0,4,73
333,177.0,20240121.0,4.0,3,77
334,177.0,20240121.0,4.0,6,35
335,178.0,20240121.0,3.0,5,7
336,178.0,20240121.0,3.0,4,40
337,179.0,20240122.0,3.0,6,75
338,179.0,20240122.0,3.0,2,15
339,179.0,20240122.0,3.0,1,29
340,180.0,20240122.0,2.0,5,152
341,181.0,20240122.0,3.0,3,50
342,181.0,20240122.0,3.0,4,36
343,181.0,20240122.0,3.0,5,42
344,182.0,20240122.0,2.0,6,173
345,183.0,20240122.0,4.0,4,125
346,184.0,20240122.0,3.0,5,74
347,185.0,20240122.0,1.0,2,71
348,186.0,20240122.0,3.0,5,4
349,186.0,20240122.0,3.0,2,19
350,187.0,20240122.0,4.0,4,131
351,188.0,20240123.0,1.0,4,67
352,189.0,20240123.0,2.0,4,274
353,190.0,20240123.0,4.0,2,108
354,190.0,20240123.0,4.0,1,103
355,191.0,20240123.0,1.0,5,110
356,191.0,20240123.0,1.0,2,8
357,191.0,20240123.0,1.0,4,48
358,192.0,20240123.0,1.0,2,112
359,193.0,20240123.0,1.0,1,140
360,193.0,20240123.0,1.0,3,8
361,194.0,20240123.0,4.0,6,12
362,195.0,20240123.0,2.0,2,46
363,195.0,20240123.0,2.0,6,40
364,196.0,20240124.0,1.0,4,39
365,196.0,20240124.0,1.0,5,15
366,196.0,20240124.0,1.0,2,6
367,197.0,20240124.0,4.0,4,55
368,197.0,20240124.0,4.0,3,1
369,197.0,20240124.0,4.0,1,114
370,198.0,20240124.0,2.0,4,90
371,198.0,20240124.0,2.0,2,93
372,199.0,20240124.0,4.0,6,63
373,199.0,20240124.0,4.0,3,86
374,200.0,20240124.0,2.0,3,235
375,201.0,20240124.0,4.0,4,87
376,201.0,20240124.0,4.0,2,64
377,201.0,20240124.0,4.0,6,63
378,202.0,20240124.0,4.0,6,3
379,202.0,20240124.0,4.0,1,20
380,202.0,20240124.0,4.0,2,65
381,203.0,20240124.0,1.0,3,77
382,204.0,20240124.0,3.0,2,84
383,205.0,20240124.0,2.0,3,175
384,206.0,20240124.0,3.0,5,1
385,206.0,20240124.0,3.0,6,64
386,206.0,20240124.0,3.0,1,58
387,207.0,20240125.0,4.0,1,97
388,208.0,20240125.0,3.0,2,68
389,209.0,20240125.0,3.0,4,125
390,210.0,20240125.0,2.0,4,89
391,210.0,20240125.0,2.0,1,58
392,211.0,20240125.0,3.0,5,7
393,211.0,20240125.0,3.0,4,58
394,211.0,20240125.0,3.0,3,3
395,212.0,20240125.0,1.0,3,108
396,213.0,20240125.0,1.0,6,32
397,213.0,20240125.0,1.0,1,63
398,214.0,20240125.0,2.0,3,35
399,214.0,20240125.0,2.0,6,18
400,215.0,20240125.0,1.0,6,166
401,216.0,20240125.0,1.0,5,93
402,216.0,20240125.0,1.0,4,56
403,216.0,20240125.0,1.0,1,10
404,217.0,20240126.0,2.0,5,106
405,217.0,20240126.0,2.0,2,63
406,217.0,20240126.0,2.0,1,69
407,218.0,20240126.0,1.0,6,12
408,218.0,20240126.0,1.0,1,68
409,218.0,20240126.0,1.0,5,33
410,219.0,20240126.0,4.0,2,39
411,219.0,20240126.0,4.0,5,89
412,220.0,20240126.0,4.0,5,89
413,221.0,20240126.0,3.0,5,12
414,221.0,20240126.0,3.0,1,34
415,221.0,20240126.0,3.0,2,38
416,222.0,20240126.0,4.0,1,51
417,222.0,20240126.0,4.0,3,52
418,223.0,20240126.0,4.0,4,181
419,223.0,20240126.0,4.0,5,32
420,224.0,20240126.0,2.0,5,120
421,224.0,20240126.0,2.0,1,17
422,224.0,20240126.0,2.0,3,27
423,225.0,20240126.0,4.0,2,41
424,225.0,20240126.0,4.0,1,69
425,225.0,20240126.0,4.0,6,41
426,226.0,20240126.0,1.0,5,2
427,226.0,20240126.0,1.0,2,37
428,226.0,20240126.0,1.0,3,26
429,227.0,20240127.0,3.0,3,64
430,228.0,20240127.0,3.0,5,67
431,228.0,20240127.0,3.0,1,19
432,228.0,20240127.0,3.0,4,25
433,229.0,20240127.0,1.0,1,56
434,229.0,20240127.0,1.0,3,51
435,230.0,20240127.0,2.0,3,54
436,230.0,20240127.0,2.0,5,10
437,230.0,20240127.0,2.0,1,16
438,231.0,20240127.0,2.0,2,106
439,231.0,20240127.0,2.0,1,2
440,232.0,20240127.0,4.0,4,152
441,232.0,20240127.0,4.0,3,12
442,233.0,20240127.0,3.0,4,85
443,233.0,20240127.0,3.0,1,16
444,234.0,20240128.0,4.0,3,101
445,234.0,20240128.0,4.0,4,21
446,234.0,20240128.0,4.0,6,28
447,235.0,20240128.0,4.0,2,175
448,235.0,20240128.0,4.0,6,10
449,235.0,20240128.0,4.0,5,9
450,236.0,20240128.0,3.0,4,17
451,236.0,20240128.0,3.0,2,31
452,237.0,20240128.0,3.0,5,104
453,238.0,20240128.0,4.0,6,162
454,239.0,20240128.0,2.0,4,19
455,239.0,20240128.0,2.0,5,164
456,239.0,20240128.0,2.0,3,11
457,240.0,20240129.0,1.0,6,22
458,240.0,20240129.0,1.0,3,63
459,240.0,20240129.0,1.0,1,35
460,241.0,20240129.0,2.0,4,21
461,241.0,20240129.0,2.0,1,43
462,241.0,20240129.0,2.0,5,291
463,242.0,20240129.0,3.0,5,31
464,243.0,20240129.0,3.0,2,48
465,243.0,20240129.0,3.0,4,101
466,244.0,20240129.0,1.0,6,65
467,244.0,20240129.0,1.0,4,3
468,245.0,20240129.0,3.0,1,148
469,246.0,20240129.0,4.0,6,46
470,246.0,20240129.0,4.0,3,8
471,246.0,20240129.0,4.0,4,86
472,247.0,20240129.0,2.0,1,26
473,247.0,20240129.0,2.0,3,109
474,248.0,20240130.0,2.0,2,149
475,248.0,20240130.0,2.0,4,85
476,249.0,20240130.0,2.0,1,81
477,249.0,20240130.0,2.0,6,75
478,250.0,20240130.0,3.0,4,43
479,250.0,20240130.0,3.0,6,54
480,251.0,20240130.0,3.0,6,1
481,251.0,20240130.0,3.0,3,78
482,252.0,20240130.0,1.0,5,6
483,252.0,20240130.0,1.0,2,23
484,252.0,20240130.0,1.0,6,94
485,253.0,20240130.0,2.0,5,61
486,253.0,20240130.0,2.0,4,125
487,254.0,20240130.0,4.0,3,64
488,254.0,20240130.0,4.0,4,14
489,255.0,20240130.0,1.0,3,28
490,255.0,20240130.0,1.0,5,50
491,255.0,20240130.0,1.0,4,78
492,256.0,20240130.0,1.0,3,3
493,256.0,20240130.0,1.0,6,60
494,256.0,20240130.0,1.0,1,116
495,257.0,20240131.0,2.0,2,182
496,258.0,20240131.0,2.0,5,21
497,258.0,20240131.0,2.0,3,34
498,258.0,20240131.0,2.0,1,127
499,259.0,20240131.0,1.0,3,25
500,259.0,20240131.0,1.0,5,104
501,260.0,20240131.0,2.0,4,40
502,260.0,20240131.0,2.0,6,55
503,260.0,20240131.0,2.0,5,108
504,261.0,20240131.0,3.0,3,41
505,261.0,20240131.0,3.0,4,65
506,262.0,20240131.0,4.0,2,65
507,263.0,20240131.0,4.0,6,18
508,263.0,20240131.0,4.0,5,34
509,263.0,20240131.0,4.0,2,12
510,264.0,20240131.0,1.0,1,4
511,264.0,20240131.0,1.0,2,39
512,264.0,20240131.0,1.0,4,31
513,265.0,20240131.0,4.0,2,168
514,266.0,20240201.0,3.0,1,49
515,266.0,20240201.0,3.0,5,34
516,267.0,20240201.0,3.0,3,51
517,268.0,20240201.0,4.0,5,55
518,268.0,20240201.0,4.0,4,10
519,269.0,20240201.0,3.0,2,105
520,270.0,20240201.0,3.0,2,37
521,270.0,20240201.0,3.0,6,16
522,270.0,20240201.0,3.0,3,32
523,271.0,20240201.0,3.0,2,50
524,272.0,20240202.0,1.0,6,164
525,273.0,20240202.0,4.0,2,42
526,274.0,20240202.0,2.0,2,28
527,274.0,20240202.0,2.0,4,140
528,274.0,20240202.0,2.0,1,22
529,275.0,20240202.0,3.0,5,123
530,276.0,20240202.0,4.0,4,1
531,276.0,20240202.0,4.0,6,72
532,277.0,20240202.0,2.0,3,259
533,278.0,20240202.0,1.0,6,251
534,279.0,20240202.0,3.0,4,5
535,279.0,20240202.0,3.0,5,5
536,279.0,20240202.0,3.0,1,87
537,280.0,20240203.0,1.0,5,25
538,280.0,20240203.0,1.0,4,78
539,280.0,20240203.0,1.0,3,22
540,281.0,20240203.0,3.0,3,21
541,281.0,20240203.0,3.0,4,23
542,281.0,20240203.0,3.0,6,47
543,282.0,20240203.0,2.0,6,116
544,282.0,20240203.0,2.0,1,62
545,283.0,20240203.0,4.0,6,36
546,284.0,20240203.0,3.0,2,91
547,284.0,20240203.0,3.0,4,34
548,284.0,20240203.0,3.0,6,8
549,285.0,20240203.0,4.0,1,134
550,285.0,20240203.0,4.0,6,47
551,285.0,20240203.0,4.0,4,8
552,286.0,20240203.0,2.0,3,65
553,286.0,20240203.0,2.0,4,30
554,286.0,20240203.0,2.0,1,22
555,287.0,20240203.0,1.0,2,8
556,287.0,20240203.0,1.0,5,24
557,287.0,20240203.0,1.0,4,39
558,288.0,20240203.0,4.0,4,88
559,288.0,20240203.0,4.0,6,34
560,289.0,20240204.0,2.0,5,329
561,290.0,20240204.0,1.0,6,51
562,291.0,20240204.0,3.0,5,25
563,292.0,20240204.0,4.0,5,47
564,292.0,20240204.0,4.0,2,51
565,293.0,20240204.0,1.0,6,155
566,294.0,20240204.0,3.0,6,51
567,294.0,20240204.0,3.0,4,63
568,295.0,20240205.0,2.0,3,40
569,296.0,20240205.0,4.0,3,27
570,296.0,20240205.0,4.0,6,38
571,296.0,20240205.0,4.0,2,9
572,297.0,20240205.0,3.0,1,41
573,297.0,20240205.0,3.0,5,12
574,298.0,20240205.0,2.0,4,237
575,299.0,20240205.0,4.0,4,112
576,299.0,20240205.0,4.0,3,24
577,299.0,20240205.0,4.0,2,37
578,300.0,20240205.0,3.0,2,22
579,300.0,20240205.0,3.0,1,34
580,300.0,20240205.0,3.0,6,5
581,301.0,20240205.0,1.0,5,102
582,302.0,20240206.0,1.0,2,6
583,302.0,20240206.0,1.0,6,14
584,302.0,20240206.0,1.0,5,46
585,303.0,20240206.0,4.0,1,52
586,303.0,20240206.0,4.0,5,25
587,303.0,20240206.0,4.0,6,81
588,304.0,20240206.0,1.0,4,36
589,304.0,20240206.0,1.0,1,45
590,304.0,20240206.0,1.0,6,123
591,305.0,20240206.0,4.0,1,163
592,306.0,20240206.0,2.0,3,287
593,307.0,20240206.0,4.0,5,5
594,307.0,20240206.0,4.0,2,3
595,308.0,20240207.0,3.0,3,27
596,308.0,20240207.0,3.0,5,21
597,308.0,20240207.0,3.0,6,39
598,309.0,20240207.0,3.0,1,47
599,309.0,20240207.0,3.0,4,28
600,310.0,20240207.0,1.0,3,68
601,310.0,20240207.0,1.0,1,47
602,311.0,20240207.0,4.0,6,206
603,312.0,20240207.0,4.0,1,31
604,312.0,20240207.0,4.0,4,93
605,312.0,20240207.0,4.0,3,24
606,313.0,20240207.0,1.0,5,141
607,314.0,20240207.0,4.0,3,256
608,315.0,20240207.0,4.0,4,118
609,315.0,20240207.0,4.0,2,33
610,316.0,20240207.0,3.0,2,51
611,316.0,20240207.0,3.0,4,75
612,317.0,20240207.0,3.0,3,83
613,318.0,20240207.0,3.0,1,115
614,319.0,20240208.0,1.0,3,39
615,319.0,20240208.0,1.0,2,28
616,319.0,20240208.0,1.0,4,27
617,320.0,20240208.0,2.0,6,142
618,320.0,20240208.0,2.0,5,84
619,321.0,20240208.0,1.0,5,93
620,322.0,20240208.0,3.0,2,31
621,322.0,20240208.0,3.0,5,12
622,322.0,20240208.0,3.0,6,81
623,323.0,20240208.0,2.0,2,290
624,324.0,20240208.0,3.0,3,114
625,325.0,20240208.0,1.0,6,54
626,325.0,20240208.0,1.0,3,52
627,325.0,20240208.0,1.0,2,25
628,326.0,20240208.0,4.0,3,109
629,326.0,20240208.0,4.0,6,22
630,327.0,20240208.0,4.0,1,52
631,327.0,20240208.0,4.0,5,23
632,327.0,20240208.0,4.0,3,68
633,328.0,20240208.0,4.0,3,5
634,328.0,20240208.0,4.0,6,3
635,328.0,20240208.0,4.0,4,13
636,329.0,20240208.0,4.0,4,6
637,329.0,20240208.0,4.0,5,110
638,330.0,20240209.0,4.0,4,48
639,331.0,20240209.0,3.0,2,112
640,332.0,20240209.0,1.0,4,39
641,332.0,20240209.0,1.0,3,65
642,333.0,20240209.0,3.0,4,56
643,334.0,20240209.0,3.0,5,31
644,334.0,20240209.0,3.0,6,17
645,334.0,20240209.0,3.0,2,36
646,335.0,20240209.0,1.0,2,26
647,335.0,20240209.0,1.0,1,121
648,336.0,20240209.0,1.0,1,87
649,337.0,20240209.0,3.0,4,42
650,337.0,20240209.0,3.0,1,19
651,338.0,20240209.0,4.0,2,119
652,338.0,20240209.0,4.0,1,35
653,339.0,20240210.0,4.0,6,82
654,340.0,20240210.0,2.0,6,65
655,340.0,20240210.0,2.0,2,108
656,341.0,20240210.0,3.0,6,72
657,341.0,20240210.0,3.0,5,8
658,342.0,20240210.0,3.0,5,64
659,342.0,20240210.0,3.0,3,27
660,343.0,20240210.0,1.0,4,75
661,343.0,20240210.0,1.0,3,50
662,344.0,20240210.0,3.0,4,70
663,345.0,20240210.0,2.0,3,104
664,346.0,20240210.0,4.0,4,120
665,347.0,20240210.0,1.0,4,37
666,347.0,20240210.0,1.0,2,25
667,348.0,20240210.0,2.0,2,91
668,348.0,20240210.0,2.0,5,59
669,348.0,20240210.0,2.0,6,52
670,349.0,20240211.0,4.0,4,5
671,349.0,20240211.0,4.0,1,123
672,350.0,20240211.0,1.0,4,103
673,350.0,20240211.0,1.0,2,44
674,351.0,20240211.0,3.0,5,124
675,351.0,20240211.0,3.0,2,41
676,352.0,20240211.0,4.0,4,172
677,353.0,20240211.0,3.0,6,25
678,353.0,20240211.0,3.0,3,49
679,354.0,20240211.0,2.0,5,163
680,355.0,20240211.0,1.0,1,61
681,356.0,20240211.0,3.0,1,54
682,356.0,20240211.0,3.0,6,3
683,356.0,20240211.0,3.0,2,25
684,357.0,20240211.0,4.0,2,5
685,357.0,20240211.0,4.0,1,2
686,358.0,20240211.0,3.0,3,1
687,358.0,20240211.0,3.0,4,87
688,359.0,20240212.0,4.0,2,23
689,359.0,20240212.0,4.0,4,5
690,359.0,20240212.0,4.0,5,104
691,360.0,20240212.0,2.0,3,14
692,360.0,20240212.0,2.0,1,178
693,361.0,20240212.0,2.0,6,153
694,361.0,20240212.0,2.0,3,156
695,362.0,20240212.0,1.0,2,59
696,362.0,20240212.0,1.0,5,45
697,362.0,20240212.0,1.0,1,4
698,363.0,20240212.0,2.0,5,11
699,363.0,20240212.0,2.0,4,244
700,364.0,20240212.0,3.0,2,46
701,364.0,20240212.0,3.0,6,83
702,365.0,20240212.0,4.0,2,119
703,366.0,20240213.0,2.0,3,168
704,367.0,20240213.0,4.0,4,132
705,367.0,20240213.0,4.0,6,2
706,368.0,20240213.0,1.0,4,153
707,369.0,20240213.0,3.0,3,23
708,369.0,20240213.0,3.0,6,8
709,369.0,20240213.0,3.0,4,20
710,370.0,20240213.0,3.0,4,44
711,370.0,20240213.0,3.0,6,32
712,370.0,20240213.0,3.0,3,34
713,371.0,20240213.0,3.0,4,81
714,371.0,20240213.0,3.0,2,11
715,372.0,20240213.0,4.0,2,35
716,372.0,20240213.0,4.0,4,24
717,372.0,20240213.0,4.0,1,20
718,373.0,20240214.0,3.0,4,20
719,373.0,20240214.0,3.0,6,1
720,373.0,20240214.0,3.0,1,10
721,374.0,20240214.0,4.0,5,8
722,374.0,20240214.0,4.0,4,22
723,375.0,20240214.0,3.0,4,33
724,375.0,20240214.0,3.0,6,49
725,376.0,20240214.0,2.0,6,154
726,376.0,20240214.0,2.0,1,98
727,377.0,20240214.0,4.0,3,251
728,378.0,20240214.0,2.0,1,130
729,378.0,20240214.0,2.0,3,70
730,379.0,20240214.0,2.0,5,35
731,379.0,20240214.0,2.0,2,80
732,380.0,20240214.0,1.0,4,33
733,380.0,20240214.0,1.0,1,14
734,380.0,20240214.0,1.0,3,43
735,381.0,20240214.0,1.0,2,6
736,381.0,20240214.0,1.0,5,35
737,381.0,20240214.0,1.0,6,35
738,382.0,20240215.0,4.0,6,113
739,383.0,20240215.0,1.0,3,73
740,383.0,20240215.0,1.0,6,42
741,383.0,20240215.0,1.0,2,49
742,384.0,20240215.0,3.0,2,84
743,385.0,20240215.0,3.0,5,50
744,385.0,20240215.0,3.0,4,8
745,386.0,20240215.0,1.0,5,7
746,387.0,20240215.0,1.0,3,79
747,387.0,20240215.0,1.0,1,10
748,387.0,20240215.0,1.0,4,20
749,388.0,20240215.0,2.0,4,233
750,389.0,20240215.0,4.0,4,80
751,389.0,20240215.0,4.0,5,2
752,390.0,20240216.0,3.0,1,21
753,390.0,20240216.0,3.0,5,111
754,391.0,20240216.0,4.0,2,92
755,392.0,20240216.0,1.0,5,20
756,392.0,20240216.0,1.0,2,59
757,393.0,20240216.0,1.0,1,15
758,393.0,20240216.0,1.0,5,183
759,393.0,20240216.0,1.0,2,3
760,394.0,20240216.0,1.0,2,211
761,395.0,20240216.0,3.0,3,58
762,396.0,20240217.0,1.0,1,77
763,396.0,20240217.0,1.0,2,30
764,397.0,20240217.0,4.0,6,131
765,398.0,20240217.0,2.0,5,5
766,398.0,20240217.0,2.0,2,175
767,399.0,20240217.0,1.0,1,198
768,399.0,20240217.0,1.0,6,18
769,400.0,20240217.0,4.0,1,69
770,401.0,20240217.0,2.0,6,190
771,402.0,20240218.0,4.0,5,33
772,402.0,20240218.0,4.0,6,18
773,403.0,20240218.0,4.0,6,39
774,403.0,20240218.0,4.0,1,171
775,404.0,20240218.0,3.0,3,25
776,404.0,20240218.0,3.0,5,52
777,405.0,20240218.0,3.0,3,20
778,405.0,20240218.0,3.0,6,13
779,406.0,20240218.0,1.0,3,2
780,406.0,20240218.0,1.0,1,55
781,406.0,20240218.0,1.0,6,6
782,407.0,20240218.0,3.0,1,82
783,408.0,20240218.0,2.0,3,107
784,408.0,20240218.0,2.0,6,13
785,409.0,20240219.0,2.0,2,277
786,410.0,20240219.0,1.0,5,67
787,410.0,20240219.0,1.0,3,32
788,411.0,20240219.0,4.0,6,72
789,411.0,20240219.0,4.0,1,127
790,411.0,20240219.0,4.0,5,32
791,412.0,20240219.0,4.0,1,84
792,412.0,20240219.0,4.0,5,23
793,413.0,20240219.0,1.0,3,60
794,413.0,20240219.0,1.0,4,46
795,413.0,20240219.0,1.0,2,100
796,414.0,20240219.0,4.0,6,158
797,414.0,20240219.0,4.0,1,15
798,415.0,20240219.0,2.0,3,2
799,415.0,20240219.0,2.0,4,44
800,415.0,20240219.0,2.0,6,52
801,416.0,20240219.0,3.0,4,59
802,417.0,20240220.0,4.0,5,37
803,417.0,20240220.0,4.0,3,68
804,417.0,20240220.0,4.0,2,3
805,418.0,20240220.0,4.0,4,74
806,419.0,20240220.0,3.0,2,4
807,419.0,20240220.0,3.0,5,34
808,419.0,20240220.0,3.0,4,40
809,420.0,20240220.0,4.0,2,146
810,421.0,20240220.0,3.0,2,9
811,421.0,20240220.0,3.0,1,84
812,422.0,20240220.0,4.0,1,19
813,422.0,20240220.0,4.0,6,17
814,422.0,20240220.0,4.0,4,150
815,423.0,20240220.0,2.0,3,9
816,423.0,20240220.0,2.0,4,114
817,423.0,20240220.0,2.0,6,107
818,424.0,20240220.0,3.0,1,115
819,424.0,20240220.0,3.0,3,21
820,425.0,20240220.0,3.0,3,71
821,426.0,20240220.0,3.0,1,45
822,426.0,20240220.0,3.0,3,36
823,426.0,20240220.0,3.0,2,10
824,427.0,20240220.0,3.0,2,67
825,428.0,20240221.0,1.0,6,54
826,428.0,20240221.0,1.0,3,38
827,428.0,20240221.0,1.0,5,4
828,429.0,20240221.0,2.0,2,124
829,429.0,20240221.0,2.0,6,15
830,429.0,20240221.0,2.0,5,16
831,430.0,20240221.0,1.0,3,44
832,430.0,20240221.0,1.0,6,68
833,430.0,20240221.0,1.0,1,16
834,431.0,20240221.0,4.0,3,4
835,431.0,20240221.0,4.0,4,109
836,432.0,20240221.0,3.0,5,22
837,432.0,20240221.0,3.0,4,50
838,433.0,20240221.0,2.0,5,44
839,433.0,20240221.0,2.0,1,118
840,434.0,20240221.0,3.0,4,27
841,434.0,20240221.0,3.0,2,55
842,434.0,20240221.0,3.0,5,64
843,435.0,20240221.0,4.0,1,15
844,435.0,20240221.0,4.0,3,165
845,436.0,20240222.0,1.0,3,17
846,436.0,20240222.0,1.0,5,38
847,436.0,20240222.0,1.0,2,23
848,437.0,20240222.0,3.0,6,38
849,438.0,20240222.0,1.0,1,9
850,439.0,20240222.0,3.0,3,90
851,440.0,20240222.0,1.0,3,35
852,441.0,20240222.0,3.0,1,46
853,441.0,20240222.0,3.0,6,60
854,442.0,20240222.0,2.0,5,197
855,443.0,20240222.0,1.0,3,96
856,443.0,20240222.0,1.0,5,16
857,444.0,20240222.0,4.0,4,133
858,445.0,20240223.0,3.0,1,27
859,445.0,20240223.0,3.0,2,14
860,445.0,20240223.0,3.0,3,67
861,446.0,20240223.0,1.0,6,40
862,446.0,20240223.0,1.0,1,20
863,447.0,20240223.0,1.0,2,32
864,447.0,20240223.0,1.0,6,69
865,448.0,20240223.0,4.0,3,43
866,448.0,20240223.0,4.0,6,15
867,449.0,20240223.0,2.0,4,38
868,449.0,20240223.0,2.0,2,61
869,449.0,20240223.0,2.0,5,6
870,450.0,20240223.0,3.0,6,1
871,450.0,20240223.0,3.0,4,43
872,450.0,20240223.0,3.0,2,49
873,451.0,20240223.0,3.0,2,79
874,452.0,20240223.0,2.0,1,103
875,452.0,20240223.0,2.0,5,56
876,453.0,20240223.0,2.0,3,188
877,453.0,20240223.0,2.0,4,13
878,453.0,20240223.0,2.0,2,78
879,454.0,20240223.0,1.0,5,10
880,454.0,20240223.0,1.0,2,10
881,454.0,20240223.0,1.0,3,109
882,455.0,20240223.0,3.0,3,14
883,456.0,20240224.0,1.0,3,100
884,457.0,20240224.0,2.0,4,52
885,457.0,20240224.0,2.0,6,78
886,458.0,20240224.0,4.0,5,35
887,458.0,20240224.0,4.0,6,81
888,458.0,20240224.0,4.0,3,7
889,459.0,20240224.0,3.0,2,47
890,459.0,20240224.0,3.0,4,49
891,460.0,20240224.0,1.0,4,46
892,460.0,20240224.0,1.0,5,69
893,460.0,20240224.0,1.0,3,46
894,461.0,20240224.0,2.0,1,32
895,461.0,20240224.0,2.0,2,3
896,462.0,20240225.0,4.0,4,58
897,462.0,20240225.0,4.0,5,38
898,462.0,20240225.0,4.0,6,14
899,463.0,20240225.0,3.0,6,116
900,464.0,20240225.0,4.0,3,38
901,464.0,20240225.0,4.0,6,59
902,464.0,20240225.0,4.0,4,74
903,465.0,20240225.0,1.0,6,41
904,465.0,20240225.0,1.0,1,39
905,466.0,20240225.0,4.0,5,61
906,466.0,20240225.0,4.0,1,28
907,467.0,20240225.0,1.0,4,2
908,467.0,20240225.0,1.0,5,146
909,468.0,20240225.0,1.0,2,75
910,468.0,20240225.0,1.0,1,3
911,469.0,20240225.0,2.0,2,75
912,469.0,20240225.0,2.0,1,8
913,470.0,20240225.0,4.0,6,217
914,470.0,20240225.0,4.0,2,38
915,471.0,20240225.0,4.0,2,169
916,472.0,20240225.0,1.0,1,93
917,473.0,20240226.0,3.0,1,30
918,474.0,20240226.0,3.0,4,32
919,474.0,20240226.0,3.0,1,56
920,474.0,20240226.0,3.0,5,8
921,475.0,20240226.0,3.0,2,2
922,475.0,20240226.0,3.0,4,24
923,475.0,20240226.0,3.0,1,53
924,476.0,20240226.0,3.0,1,134
925,477.0,20240226.0,4.0,6,98
926,477.0,20240226.0,4.0,1,1
927,477.0,20240226.0,4.0,5,18
928,478.0,20240226.0,2.0,2,204
929,479.0,20240226.0,4.0,5,115
930,480.0,20240226.0,3.0,3,52
931,481.0,20240226.0,3.0,3,45
932,481.0,20240226.0,3.0,5,18
933,481.0,20240226.0,3.0,1,11
934,482.0,20240226.0,4.0,3,17
935,482.0,20240226.0,4.0,5,115
936,482.0,20240226.0,4.0,4,14
937,483.0,20240226.0,2.0,2,100
938,483.0,20240226.0,2.0,5,12
939,484.0,20240227.0,3.0,4,47
940,485.0,20240227.0,4.0,2,98
941,486.0,20240227.0,2.0,5,78
942,486.0,20240227.0,2.0,2,33
943,487.0,20240227.0,1.0,6,81
944,487.0,20240227.0,1.0,3,9
945,487.0,20240227.0,1.0,2,15
946,488.0,20240227.0,1.0,3,62
947,488.0,20240227.0,1.0,5,82
948,489.0,20240227.0,2.0,4,160
949,490.0,20240228.0,1.0,5,90
950,490.0,20240228.0,1.0,4,39
951,491.0,20240228.0,1.0,1,42
952,491.0,20240228.0,1.0,6,31
953,492.0,20240228.0,1.0,1,32
954,492.0,20240228.0,1.0,4,32
955,492.0,20240228.0,1.0,2,106
956,493.0,20240228.0,3.0,2,48
957,493.0,20240228.0,3.0,4,16
958,493.0,20240228.0,3.0,6,17
959,494.0,20240228.0,4.0,2,138
960,495.0,20240228.0,1.0,6,208
961,496.0,20240228.0,4.0,6,104
962,496.0,20240228.0,4.0,5,44
963,497.0,20240228.0,2.0,5,156
964,497.0,20240228.0,2.0,2,95
965,498.0,20240228.0,4.0,1,164
966,499.0,20240229.0,3.0,3,21
967,500.0,20240229.0,2.0,2,85
968,500.0,20240229.0,2.0,5,59
969,501.0,20240229.0,4.0,4,58
970,502.0,20240229.0,4.0,6,5
971,502.0,20240229.0,4.0,5,7
972,502.0,20240229.0,4.0,2,9
973,503.0,20240229.0,4.0,6,100
974,503.0,20240229.0,4.0,4,116
975,504.0,20240229.0,1.0,6,8
976,504.0,20240229.0,1.0,1,2
977,505.0,20240229.0,3.0,1,64
978,505.0,20240229.0,3.0,3,8
979,506.0,20240229.0,4.0,6,157
980,507.0,20240301.0,2.0,1,93
981,507.0,20240301.0,2.0,3,5
982,508.0,20240301.0,3.0,3,100
983,509.0,20240301.0,1.0,4,18
984,509.0,20240301.0,1.0,1,55
985,509.0,20240301.0,1.0,2,5
986,510.0,20240301.0,4.0,5,154
987,511.0,20240301.0,3.0,4,67
988,512.0,20240301.0,2.0,1,243
989,513.0,20240301.0,2.0,4,239
990,513.0,20240301.0,2.0,1,20
991,514.0,20240302.0,4.0,2,39
992,514.0,20240302.0,4.0,1,111
993,515.0,20240302.0,2.0,5,40
994,515.0,20240302.0,2.0,1,75
995,515.0,20240302.0,2.0,2,23
996,516.0,20240302.0,4.0,5,162
997,517.0,20240302.0,4.0,4,141
998,517.0,20240302.0,4.0,6,21
999,517.0,20240302.0,4.0,1,69
1000,518.0,20240302.0,2.0,5,297
1001,519.0,20240302.0,1.0,1,17
1002,520.0,20240302.0,2.0,4,17
1003,520.0,20240302.0,2.0,3,77
1004,520.0,20240302.0,2.0,5,39
1005,521.0,20240303.0,4.0,2,122
1006,521.0,20240303.0,4.0,1,12
1007,521.0,20240303.0,4.0,3,15
1008,522.0,20240303.0,3.0,5,25
1009,523.0,20240303.0,3.0,3,67
1010,523.0,20240303.0,3.0,6,3
1011,524.0,20240303.0,3.0,1,50
1012,524.0,20240303.0,3.0,4,52
1013,525.0,20240303.0,2.0,1,48
1014,525.0,20240303.0,2.0,3,89
1015,526.0,20240303.0,1.0,4,106
1016,526.0,20240303.0,1.0,3,70
1017,527.0,20240303.0,3.0,5,32
1018,527.0,20240303.0,3.0,1,40
1019,528.0,20240303.0,1.0,2,111
1020,529.0,20240304.0,2.0,4,56
1021,529.0,20240304.0,2.0,3,23
1022,529.0,20240304.0,2.0,5,11
1023,530.0,20240304.0,2.0,2,119
1024,530.0,20240304.0,2.0,1,95
1025,531.0,20240304.0,3.0,3,57
1026,531.0,20240304.0,3.0,1,159
1027,531.0,20240304.0,3.0,6,5
1028,532.0,20240304.0,1.0,5,37
1029,532.0,20240304.0,1.0,3,34
1030,533.0,20240304.0,2.0,3,122
1031,534.0,20240304.0,2.0,2,187
1032,535.0,20240304.0,2.0,3,44
1033,535.0,20240304.0,2.0,1,41
1034,535.0,20240304.0,2.0,5,145
1035,536.0,20240305.0,3.0,6,32
1036,536.0,20240305.0,3.0,4,97
1037,537.0,20240305.0,4.0,3,39
1038,537.0,20240305.0,4.0,4,79
1039,537.0,20240305.0,4.0,1,29
1040,538.0,20240305.0,3.0,5,15
1041,538.0,20240305.0,3.0,4,88
1042,539.0,20240305.0,2.0,6,110
1043,540.0,20240305.0,3.0,3,45
1044,540.0,20240305.0,3.0,4,27
1045,540.0,20240305.0,3.0,6,6
1046,541.0,20240305.0,1.0,2,22
1047,541.0,20240305.0,1.0,6,100
1048,542.0,20240305.0,3.0,5,100
1049,542.0,20240305.0,3.0,3,24
1050,543.0,20240305.0,3.0,6,20
1051,543.0,20240305.0,3.0,1,41
1052,543.0,20240305.0,3.0,3,37
1053,544.0,20240305.0,4.0,3,118
1054,545.0,20240306.0,3.0,5,89
1055,546.0,20240306.0,1.0,6,4
1056,546.0,20240306.0,1.0,1,58
1057,546.0,20240306.0,1.0,4,49
1058,547.0,20240306.0,4.0,3,227
1059,548.0,20240306.0,3.0,6,41
1060,548.0,20240306.0,3.0,4,9
1061,548.0,20240306.0,3.0,3,29
1062,549.0,20240306.0,4.0,5,1
1063,549.0,20240306.0,4.0,4,152
1064,550.0,20240306.0,4.0,1,134
1065,551.0,20240306.0,4.0,4,18
1066,551.0,20240306.0,4.0,5,139
1067,552.0,20240306.0,1.0,6,44
1068,552.0,20240306.0,1.0,5,43
1069,552.0,20240306.0,1.0,3,71
1070,553.0,20240307.0,1.0,1,6
1071,553.0,20240307.0,1.0,3,11
1072,553.0,20240307.0,1.0,5,139
1073,554.0,20240307.0,1.0,2,43
1074,554.0,20240307.0,1.0,3,73
1075,554.0,20240307.0,1.0,6,35
1076,555.0,20240307.0,1.0,4,220
1077,556.0,20240307.0,4.0,3,175
1078,557.0,20240307.0,2.0,5,94
1079,558.0,20240307.0,2.0,5,8
1080,558.0,20240307.0,2.0,6,164
1081,558.0,20240307.0,2.0,3,6
1082,559.0,20240307.0,1.0,1,36
1083,559.0,20240307.0,1.0,4,74
1084,560.0,20240307.0,3.0,5,6
1085,560.0,20240307.0,3.0,3,26
1086,560.0,20240307.0,3.0,1,31
1087,561.0,20240308.0,2.0,2,156
1088,561.0,20240308.0,2.0,1,4
1089,562.0,20240308.0,1.0,6,73
1090,563.0,20240308.0,3.0,2,21
1091,564.0,20240308.0,4.0,1,2
1092,564.0,20240308.0,4.0,4,87
1093,565.0,20240308.0,4.0,2,147
1094,566.0,20240308.0,4.0,3,89
1095,566.0,20240308.0,4.0,2,34
1096,566.0,20240308.0,4.0,1,1
1097,567.0,20240308.0,3.0,3,110
1098,568.0,20240309.0,4.0,3,41
1099,568.0,20240309.0,4.0,4,86
1100,569.0,20240309.0,3.0,5,120
1101,569.0,20240309.0,3.0,4,15
1102,570.0,20240309.0,2.0,6,182
1103,571.0,20240309.0,4.0,4,11
1104,571.0,20240309.0,4.0,3,171
1105,572.0,20240309.0,2.0,4,326
1106,573.0,20240309.0,3.0,6,15
1107,573.0,20240309.0,3.0,4,27
1108,573.0,20240309.0,3.0,2,30
1109,574.0,20240309.0,1.0,1,13
1110,574.0,20240309.0,1.0,6,34
1111,575.0,20240309.0,1.0,5,12
1112,575.0,20240309.0,1.0,6,74
1113,576.0,20240310.0,2.0,1,49
1114,576.0,20240310.0,2.0,6,102
1115,577.0,20240310.0,1.0,1,105
1116,578.0,20240310.0,3.0,2,30
1117,578.0,20240310.0,3.0,5,17
1118,578.0,20240310.0,3.0,3,19
1119,579.0,20240310.0,1.0,5,18
1120,580.0,20240310.0,4.0,5,20
1121,580.0,20240310.0,4.0,6,46
1122,580.0,20240310.0,4.0,1,108
1123,581.0,20240310.0,3.0,5,52
1124,582.0,20240310.0,2.0,1,188
1125,583.0,20240311.0,1.0,2,218
1126,584.0,20240311.0,4.0,5,146
1127,585.0,20240311.0,3.0,6,55
1128,586.0,20240311.0,1.0,5,151
1129,586.0,20240311.0,1.0,2,100
1130,587.0,20240311.0,1.0,2,2
1131,587.0,20240311.0,1.0,6,79
1132,588.0,20240311.0,4.0,2,157
1133,589.0,20240311.0,2.0,5,7
1134,589.0,20240311.0,2.0,2,69
1135,589.0,20240311.0,2.0,3,27
1136,590.0,20240311.0,4.0,5,49
1137,590.0,20240311.0,4.0,4,47
1138,590.0,20240311.0,4.0,1,11
1139,591.0,20240312.0,1.0,5,138
1140,592.0,20240312.0,3.0,4,7
1141,592.0,20240312.0,3.0,3,24
1142,592.0,20240312.0,3.0,5,49
1143,593.0,20240312.0,2.0,2,103
1144,593.0,20240312.0,2.0,6,17
1145,594.0,20240312.0,2.0,1,30
1146,594.0,20240312.0,2.0,5,18
1147,594.0,20240312.0,2.0,3,69
1148,595.0,20240312.0,3.0,2,7
1149,595.0,20240312.0,3.0,6,28
1150,595.0,20240312.0,3.0,3,59
1151,596.0,20240312.0,4.0,5,71
1152,596.0,20240312.0,4.0,4,21
1153,597.0,20240312.0,1.0,5,33
1154,597.0,20240312.0,1.0,2,48
1155,597.0,20240312.0,1.0,3,12
1156,598.0,20240312.0,3.0,1,19
1157,598.0,20240312.0,3.0,2,6
1158,598.0,20240312.0,3.0,5,42
1159,599.0,20240313.0,4.0,4,13
1160,599.0,20240313.0,4.0,1,124
1161,599.0,20240313.0,4.0,3,1
1162,600.0,20240313.0,1.0,4,101
1163,601.0,20240313.0,3.0,5,48
1164,601.0,20240313.0,3.0,3,50
1165,602.0,20240313.0,4.0,2,14
1166,602.0,20240313.0,4.0,6,63
1167,603.0,20240313.0,2.0,2,192
1168,604.0,20240313.0,3.0,1,91
1169,605.0,20240314.0,2.0,4,97
1170,605.0,20240314.0,2.0,5,59
1171,605.0,20240314.0,2.0,2,105
1172,606.0,20240314.0,2.0,4,213
1173,607.0,20240314.0,2.0,5,112
1174,608.0,20240314.0,4.0,4,127
1175,609.0,20240314.0,2.0,4,34
1176,610.0,20240314.0,4.0,2,22
1177,610.0,20240314.0,4.0,5,39
1178,611.0,20240315.0,4.0,1,38
1179,611.0,20240315.0,4.0,5,44
1180,611.0,20240315.0,4.0,3,18
1181,612.0,20240315.0,1.0,5,167
1182,613.0,20240315.0,2.0,2,320
1183,614.0,20240315.0,1.0,5,26
1184,614.0,20240315.0,1.0,2,2
1185,614.0,20240315.0,1.0,3,78
1186,615.0,20240315.0,4.0,4,99
1187,615.0,20240315.0,4.0,5,28
1188,615.0,20240315.0,4.0,1,59
1189,616.0,20240315.0,1.0,6,90
1190,617.0,20240315.0,1.0,2,122
1191,618.0,20240315.0,3.0,1,75
1192,618.0,20240315.0,3.0,3,20
1193,619.0,20240315.0,4.0,4,144
1194,619.0,20240315.0,4.0,1,26
1195,619.0,20240315.0,4.0,5,60
1196,620.0,20240315.0,4.0,6,62
1197,621.0,20240315.0,2.0,6,35
1198,621.0,20240315.0,2.0,4,190
1199,622.0,20240316.0,3.0,2,123
1200,623.0,20240316.0,1.0,5,52
1201,624.0,20240316.0,3.0,2,111
1202,624.0,20240316.0,3.0,1,4
1203,625.0,20240316.0,3.0,3,115
1204,626.0,20240316.0,3.0,4,43
1205,626.0,20240316.0,3.0,3,18
1206,627.0,20240316.0,3.0,5,71
1207,627.0,20240316.0,3.0,4,9
1208,627.0,20240316.0,3.0,6,34
1209,628.0,20240316.0,2.0,4,272
1210,629.0,20240316.0,2.0,4,119
1211,629.0,20240316.0,2.0,3,215
1212,629.0,20240316.0,2.0,2,82
1213,630.0,20240316.0,1.0,4,46
1214,631.0,20240316.0,2.0,3,140
1215,631.0,20240316.0,2.0,2,73
1216,631.0,20240316.0,2.0,6,1
1217,632.0,20240317.0,2.0,2,33
1218,632.0,20240317.0,2.0,4,84
1219,633.0,20240317.0,2.0,3,28
1220,633.0,20240317.0,2.0,2,86
1221,633.0,20240317.0,2.0,4,29
1222,634.0,20240317.0,4.0,2,56
1223,634.0,20240317.0,4.0,6,114
1224,634.0,20240317.0,4.0,5,2
1225,635.0,20240317.0,1.0,1,173
1226,636.0,20240317.0,2.0,3,62
1227,636.0,20240317.0,2.0,2,19
1228,637.0,20240317.0,4.0,4,73
1229,637.0,20240317.0,4.0,5,2
1230,638.0,20240317.0,4.0,6,112
1231,639.0,20240317.0,1.0,1,111
1232,640.0,20240317.0,1.0,3,5
1233,640.0,20240317.0,1.0,1,23
1234,641.0,20240318.0,1.0,3,35
1235,641.0,20240318.0,1.0,2,46
1236,641.0,20240318.0,1.0,1,50
1237,642.0,20240318.0,3.0,4,123
1238,643.0,20240318.0,1.0,3,6
1239,643.0,20240318.0,1.0,2,122
1240,643.0,20240318.0,1.0,6,21
1241,644.0,20240318.0,1.0,5,156
1242,644.0,20240318.0,1.0,6,5
1243,645.0,20240318.0,1.0,2,81
1244,646.0,20240318.0,1.0,5,80
1245,646.0,20240318.0,1.0,2,3
1246,646.0,20240318.0,1.0,4,27
1247,647.0,20240318.0,4.0,3,4
1248,647.0,20240318.0,4.0,6,10
1249,647.0,20240318.0,4.0,2,59
1250,648.0,20240318.0,4.0,6,1
1251,648.0,20240318.0,4.0,4,1
1252,648.0,20240318.0,4.0,3,102
1253,649.0,20240319.0,3.0,4,23
1254,649.0,20240319.0,3.0,5,22
1255,650.0,20240319.0,3.0,4,49
1256,650.0,20240319.0,3.0,3,44
1257,650.0,20240319.0,3.0,1,11
1258,651.0,20240319.0,1.0,1,125
1259,651.0,20240319.0,1.0,2,13
1260,652.0,20240319.0,2.0,6,90
1261,652.0,20240319.0,2.0,4,11
1262,653.0,20240319.0,4.0,6,36
1263,653.0,20240319.0,4.0,3,173
1264,654.0,20240319.0,1.0,6,127
1265,655.0,20240319.0,4.0,6,44
1266,655.0,20240319.0,4.0,2,59
1267,656.0,20240319.0,4.0,4,33
1268,657.0,20240319.0,1.0,5,28
1269,657.0,20240319.0,1.0,6,47
1270,658.0,20240319.0,3.0,2,23
1271,658.0,20240319.0,3.0,1,8
1272,658.0,20240319.0,3.0,5,42
1273,659.0,20240319.0,2.0,3,37
1274,659.0,20240319.0,2.0,2,39
1275,659.0,20240319.0,2.0,4,72
1276,660.0,20240320.0,4.0,6,56
1277,661.0,20240320.0,4.0,5,40
1278,661.0,20240320.0,4.0,4,80
1279,662.0,20240320.0,1.0,1,51
1280,662.0,20240320.0,1.0,5,49
1281,663.0,20240320.0,2.0,4,132
1282,663.0,20240320.0,2.0,5,17
1283,663.0,20240320.0,2.0,2,23
1284,664.0,20240320.0,4.0,3,60
1285,665.0,20240320.0,2.0,6,153
1286,665.0,20240320.0,2.0,5,66
1287,666.0,20240320.0,1.0,2,1
1288,666.0,20240320.0,1.0,6,17
1289,666.0,20240320.0,1.0,4,84
1290,667.0,20240320.0,1.0,2,84
1291,668.0,20240320.0,1.0,2,19
1292,668.0,20240320.0,1.0,6,104
1293,669.0,20240320.0,1.0,4,26
1294,669.0,20240320.0,1.0,3,2
1295,670.0,20240320.0,1.0,5,100
1296,671.0,20240321.0,2.0,2,116
1297,672.0,20240321.0,4.0,2,51
1298,672.0,20240321.0,4.0,1,63
1299,673.0,20240321.0,4.0,5,25
1300,673.0,20240321.0,4.0,4,1
1301,674.0,20240321.0,4.0,3,209
1302,675.0,20240321.0,1.0,5,104
1303,676.0,20240321.0,4.0,1,121
1304,676.0,20240321.0,4.0,6,28
1305,676.0,20240321.0,4.0,2,61
1306,677.0,20240321.0,3.0,2,19
1307,677.0,20240321.0,3.0,3,2
1308,678.0,20240321.0,1.0,6,118
1309,679.0,20240321.0,2.0,2,43
1310,679.0,20240321.0,2.0,6,28
1311,679.0,20240321.0,2.0,4,113
1312,680.0,20240322.0,4.0,4,53
1313,680.0,20240322.0,4.0,6,17
1314,681.0,20240322.0,3.0,4,55
1315,681.0,20240322.0,3.0,2,6
1316,681.0,20240322.0,3.0,5,43
1317,682.0,20240322.0,1.0,2,60
1318,683.0,20240322.0,4.0,3,10
1319,683.0,20240322.0,4.0,1,6
1320,683.0,20240322.0,4.0,4,99
1321,684.0,20240322.0,3.0,2,51
1322,684.0,20240322.0,3.0,1,18
1323,684.0,20240322.0,3.0,5,27
1324,685.0,20240322.0,4.0,5,36
1325,685.0,20240322.0,4.0,4,53
1326,685.0,20240322.0,4.0,1,52
1327,686.0,20240323.0,4.0,6,173
1328,687.0,20240323.0,2.0,5,19
1329,687.0,20240323.0,2.0,3,252
1330,687.0,20240323.0,2.0,4,49
1331,688.0,20240323.0,4.0,3,38
1332,688.0,20240323.0,4.0,5,43
1333,689.0,20240323.0,4.0,3,112
1334,689.0,20240323.0,4.0,5,21
1335,690.0,20240323.0,1.0,5,55
1336,690.0,20240323.0,1.0,3,105
1337,690.0,20240323.0,1.0,6,54
1338,691.0,20240323.0,4.0,5,34
1339,691.0,20240323.0,4.0,4,54
1340,692.0,20240324.0,3.0,5,9
1341,693.0,20240324.0,4.0,4,137
1342,694.0,20240324.0,2.0,2,123
1343,694.0,20240324.0,2.0,6,61
1344,694.0,20240324.0,2.0,4,42
1345,695.0,20240324.0,2.0,3,158
1346,696.0,20240324.0,4.0,3,17
1347,696.0,20240324.0,4.0,6,81
1348,696.0,20240324.0,4.0,2,82
1349,697.0,20240324.0,2.0,4,107
1350,697.0,20240324.0,2.0,3,49
1351,698.0,20240324.0,1.0,5,7
1352,699.0,20240324.0,3.0,4,31
1353,699.0,20240324.0,3.0,2,25
1354,699.0,20240324.0,3.0,1,2
1355,700.0,20240324.0,2.0,3,71
1356,700.0,20240324.0,2.0,1,33
1357,701.0,20240324.0,1.0,5,36
1358,701.0,20240324.0,1.0,2,119
1359,702.0,20240325.0,3.0,6,125
1360,703.0,20240325.0,3.0,2,4
1361,704.0,20240325.0,3.0,3,1
1362,704.0,20240325.0,3.0,1,65
1363,704.0,20240325.0,3.0,2,37
1364,705.0,20240325.0,2.0,6,131
1365,705.0,20240325.0,2.0,2,29
1366,706.0,20240325.0,3.0,4,9
1367,706.0,20240325.0,3.0,6,81
1368,707.0,20240325.0,3.0,2,105
1369,708.0,20240325.0,3.0,6,37
1370,708.0,20240325.0,3.0,2,43
1371,709.0,20240325.0,2.0,5,163
1372,709.0,20240325.0,2.0,1,27
1373,710.0,20240325.0,4.0,5,118
1374,711.0,20240326.0,4.0,4,28
1375,711.0,20240326.0,4.0,6,53
1376,711.0,20240326.0,4.0,2,5
1377,712.0,20240326.0,4.0,4,129
1378,713.0,20240326.0,2.0,5,96
1379,713.0,20240326.0,2.0,4,37
1380,714.0,20240326.0,4.0,6,21
1381,714.0,20240326.0,4.0,5,145
1382,715.0,20240326.0,2.0,6,21
1383,715.0,20240326.0,2.0,4,99
1384,715.0,20240326.0,2.0,3,59
1385,716.0,20240326.0,4.0,3,80
1386,716.0,20240326.0,4.0,2,9
1387,716.0,20240326.0,4.0,5,79
1388,717.0,20240326.0,2.0,3,28
1389,717.0,20240326.0,2.0,5,163
1390,717.0,20240326.0,2.0,1,17
1391,718.0,20240326.0,2.0,1,95
1392,718.0,20240326.0,2.0,5,171
1393,719.0,20240326.0,1.0,5,47
1394,720.0,20240326.0,2.0,4,129
1395,720.0,20240326.0,2.0,1,34
1396,720.0,20240326.0,2.0,6,42
1397,721.0,20240326.0,2.0,6,168
1398,722.0,20240327.0,1.0,6,21
1399,723.0,20240327.0,4.0,6,132
1400,723.0,20240327.0,4.0,1,50
1401,723.0,20240327.0,4.0,2,46
1402,724.0,20240327.0,3.0,3,81
1403,724.0,20240327.0,3.0,6,18
1404,725.0,20240327.0,2.0,3,47
1405,725.0,20240327.0,2.0,1,4
1406,725.0,20240327.0,2.0,2,80
1407,726.0,20240327.0,4.0,5,21
1408,726.0,20240327.0,4.0,2,18
1409,727.0,20240327.0,2.0,1,8
1410,727.0,20240327.0,2.0,4,185
1411,728.0,20240327.0,2.0,3,46
1412,728.0,20240327.0,2.0,5,64
1413,729.0,20240328.0,4.0,1,175
1414,729.0,20240328.0,4.0,5,36
1415,730.0,20240328.0,2.0,6,89
1416,731.0,20240328.0,3.0,2,99
1417,731.0,20240328.0,3.0,6,14
1418,732.0,20240328.0,3.0,4,18
1419,732.0,20240328.0,3.0,5,8
1420,732.0,20240328.0,3.0,1,1
1421,733.0,20240328.0,2.0,1,125
1422,734.0,20240328.0,2.0,3,258
1423,734.0,20240328.0,2.0,2,17
1424,735.0,20240328.0,3.0,5,19
1425,735.0,20240328.0,3.0,4,85
1426,736.0,20240328.0,4.0,2,141
1427,737.0,20240328.0,2.0,3,11
1428,737.0,20240328.0,2.0,2,63
1429,737.0,20240328.0,2.0,1,17
1430,738.0,20240328.0,1.0,2,12
1431,738.0,20240328.0,1.0,4,62
1432,739.0,20240329.0,3.0,3,4
1433,739.0,20240329.0,3.0,4,17
1434,739.0,20240329.0,3.0,2,42
1435,740.0,20240329.0,1.0,5,192
1436,741.0,20240329.0,3.0,3,32
1437,741.0,20240329.0,3.0,5,19
1438,741.0,20240329.0,3.0,6,71
1439,742.0,20240329.0,3.0,2,48
1440,742.0,20240329.0,3.0,3,51
1441,743.0,20240329.0,4.0,5,194
1442,744.0,20240329.0,2.0,2,28
1443,744.0,20240329.0,2.0,1,32
1444,744.0,20240329.0,2.0,4,37
1445,745.0,20240329.0,3.0,4,40
1446,745.0,20240329.0,3.0,2,21
1447,746.0,20240329.0,3.0,1,49
1448,746.0,20240329.0,3.0,6,39
1449,747.0,20240330.0,4.0,1,147
1450,748.0,20240330.0,3.0,5,57
1451,748.0,20240330.0,3.0,3,12
1452,749.0,20240330.0,2.0,1,33
1453,749.0,20240330.0,2.0,4,39
1454,749.0,20240330.0,2.0,6,116
1455,750.0,20240330.0,4.0,4,44
1456,750.0,20240330.0,4.0,5,35
1457,750.0,20240330.0,4.0,1,18
1458,751.0,20240330.0,4.0,2,66
1459,751.0,20240330.0,4.0,1,1
1460,751.0,20240330.0,4.0,6,5
1461,752.0,20240330.0,3.0,5,30
1462,753.0,20240331.0,2.0,1,34
1463,753.0,20240331.0,2.0,5,6
1464,753.0,20240331.0,2.0,3,114
1465,754.0,20240331.0,2.0,2,127
1466,754.0,20240331.0,2.0,4,83
1467,755.0,20240331.0,3.0,3,18
1468,755.0,20240331.0,3.0,4,68
1469,756.0,20240331.0,3.0,2,69
1470,757.0,20240331.0,4.0,6,47
1471,757.0,20240331.0,4.0,4,51
1472,758.0,20240331.0,3.0,6,70
1473,759.0,20240331.0,1.0,5,74
1474,760.0,20240331.0,1.0,2,14
1475,760.0,20240331.0,1.0,6,8
1476,760.0,20240331.0,1.0,5,48
1477,761.0,20240331.0,4.0,4,166
1478,762.0,20240331.0,1.0,6,42
1479,762.0,20240331.0,1.0,4,20
1480,762.0,20240331.0,1.0,2,26
1481,763.0,20240401.0,4.0,3,57
1482,764.0,20240401.0,3.0,5,5
1483,764.0,20240401.0,3.0,6,69
1484,764.0,20240401.0,3.0,2,10
1485,765.0,20240401.0,2.0,5,45
1486,765.0,20240401.0,2.0,2,194
1487,765.0,20240401.0,2.0,6,30
1488,766.0,20240401.0,3.0,4,50
1489,766.0,20240401.0,3.0,6,1
1490,767.0,20240401.0,4.0,3,2
1491,767.0,20240401.0,4.0,2,183
1492,768.0,20240401.0,1.0,2,124
1493,768.0,20240401.0,1.0,4,3
1494,768.0,20240401.0,1.0,6,1
1495,769.0,20240401.0,1.0,1,138
1496,770.0,20240401.0,3.0,2,29
1497,770.0,20240401.0,3.0,1,84
1498,771.0,20240401.0,1.0,5,11
1499,771.0,20240401.0,1.0,1,106
1500,772.0,20240401.0,2.0,3,119
1501,772.0,20240401.0,2.0,2,2
1502,773.0,20240402.0,2.0,1,14
1503,774.0,20240402.0,3.0,3,111
1504,775.0,20240402.0,2.0,5,62
1505,775.0,20240402.0,2.0,3,10
1506,775.0,20240402.0,2.0,6,130
1507,776.0,20240402.0,3.0,2,75
1508,776.0,20240402.0,3.0,3,22
1509,777.0,20240402.0,2.0,4,62
1510,777.0,20240402.0,2.0,5,97
1511,777.0,20240402.0,2.0,3,27
1512,778.0,20240402.0,1.0,3,3
1513,778.0,20240402.0,1.0,1,93
1514,778.0,20240402.0,1.0,2,11
1515,779.0,20240402.0,2.0,3,73
1516,779.0,20240402.0,2.0,2,148
1517,780.0,20240403.0,3.0,5,21
1518,780.0,20240403.0,3.0,1,24
1519,780.0,20240403.0,3.0,3,16
1520,781.0,20240403.0,2.0,5,51
1521,781.0,20240403.0,2.0,3,136
1522,782.0,20240403.0,4.0,4,85
1523,782.0,20240403.0,4.0,2,76
1524,782.0,20240403.0,4.0,6,75
1525,783.0,20240403.0,2.0,1,203
1526,784.0,20240403.0,1.0,1,116
1527,784.0,20240403.0,1.0,5,28
1528,785.0,20240403.0,4.0,3,19
1529,785.0,20240403.0,4.0,6,15
1530,785.0,20240403.0,4.0,5,72
1531,786.0,20240403.0,3.0,6,77
1532,787.0,20240403.0,4.0,2,61
1533,787.0,20240403.0,4.0,6,92
1534,788.0,20240403.0,3.0,3,5
1535,789.0,20240404.0,4.0,6,83
1536,789.0,20240404.0,4.0,3,76
1537,790.0,20240404.0,3.0,6,90
1538,791.0,20240404.0,4.0,5,217
1539,791.0,20240404.0,4.0,3,16
1540,792.0,20240404.0,4.0,2,74
1541,793.0,20240404.0,4.0,6,38
1542,794.0,20240404.0,1.0,6,13
1543,794.0,20240404.0,1.0,4,99
1544,794.0,20240404.0,1.0,5,28
1545,795.0,20240404.0,2.0,6,295
1546,796.0,20240404.0,1.0,4,32
1547,796.0,20240404.0,1.0,5,26
1548,796.0,20240404.0,1.0,2,39
1549,797.0,20240404.0,4.0,6,180
1550,798.0,20240404.0,2.0,1,129
1551,799.0,20240404.0,3.0,3,92
1552,800.0,20240405.0,1.0,2,74
1553,800.0,20240405.0,1.0,4,84
1554,801.0,20240405.0,1.0,5,19
1555,801.0,20240405.0,1.0,1,7
1556,801.0,20240405.0,1.0,6,76
1557,802.0,20240405.0,1.0,2,35
1558,802.0,20240405.0,1.0,5,82
1559,803.0,20240405.0,4.0,3,33
1560,803.0,20240405.0,4.0,1,20
1561,803.0,20240405.0,4.0,6,3
1562,804.0,20240405.0,1.0,6,111
1563,804.0,20240405.0,1.0,3,14
1564,805.0,20240405.0,2.0,4,100
1565,806.0,20240405.0,3.0,4,44
1566,807.0,20240405.0,4.0,6,35
1567,807.0,20240405.0,4.0,4,93
1568,808.0,20240405.0,3.0,4,89
1569,809.0,20240406.0,2.0,4,143
1570,810.0,20240406.0,1.0,5,1
1571,810.0,20240406.0,1.0,1,12
1572,810.0,20240406.0,1.0,2,60
1573,811.0,20240406.0,2.0,3,244
1574,812.0,20240406.0,4.0,3,53
1575,813.0,20240406.0,2.0,6,280
1576,814.0,20240406.0,4.0,5,69
1577,814.0,20240406.0,4.0,1,45
1578,815.0,20240406.0,3.0,2,64
1579,816.0,20240406.0,1.0,1,19
1580,816.0,20240406.0,1.0,5,35
1581,817.0,20240407.0,3.0,6,70
1582,818.0,20240407.0,1.0,2,90
1583,818.0,20240407.0,1.0,4,2
1584,819.0,20240407.0,4.0,6,91
1585,820.0,20240407.0,1.0,3,111
1586,820.0,20240407.0,1.0,6,7
1587,821.0,20240407.0,3.0,4,18
1588,821.0,20240407.0,3.0,3,8
1589,821.0,20240407.0,3.0,6,78
1590,822.0,20240407.0,3.0,2,43
1591,822.0,20240407.0,3.0,4,76
1592,823.0,20240407.0,3.0,3,107
1593,824.0,20240407.0,3.0,2,85
1594,825.0,20240407.0,1.0,1,52
1595,825.0,20240407.0,1.0,2,97
1596,826.0,20240407.0,4.0,4,123
1597,827.0,20240408.0,2.0,4,95
1598,827.0,20240408.0,2.0,2,57
1599,828.0,20240408.0,1.0,1,140
1600,829.0,20240408.0,3.0,6,125
1601,830.0,20240408.0,4.0,2,136
1602,831.0,20240408.0,1.0,1,17
1603,831.0,20240408.0,1.0,5,16
1604,831.0,20240408.0,1.0,3,69
1605,832.0,20240408.0,4.0,3,99
1606,833.0,20240408.0,4.0,4,17
1607,833.0,20240408.0,4.0,3,106
1608,834.0,20240408.0,2.0,1,95
1609,834.0,20240408.0,2.0,2,60
1610,834.0,20240408.0,2.0,5,29
1611,835.0,20240408.0,2.0,1,78
1612,835.0,20240408.0,2.0,3,234
1613,835.0,20240408.0,2.0,2,46
1614,836.0,20240408.0,1.0,1,10
1615,836.0,20240408.0,1.0,6,32
1616,836.0,20240408.0,1.0,5,21
1617,837.0,20240408.0,1.0,4,84
1618,837.0,20240408.0,1.0,1,70
1619,838.0,20240409.0,3.0,2,3
1620,838.0,20240409.0,3.0,5,77
1621,838.0,20240409.0,3.0,1,31
1622,839.0,20240409.0,3.0,3,2
1623,839.0,20240409.0,3.0,5,82
1624,839.0,20240409.0,3.0,4,6
1625,840.0,20240409.0,4.0,6,181
1626,841.0,20240409.0,3.0,3,12
1627,841.0,20240409.0,3.0,6,17
1628,841.0,20240409.0,3.0,1,28
1629,842.0,20240409.0,4.0,3,83
1630,842.0,20240409.0,4.0,6,22
1631,842.0,20240409.0,4.0,5,99
1632,843.0,20240409.0,4.0,6,182
1633,844.0,20240409.0,1.0,4,77
1634,844.0,20240409.0,1.0,6,99
1635,845.0,20240410.0,2.0,5,113
1636,845.0,20240410.0,2.0,2,65
1637,846.0,20240410.0,3.0,1,71
1638,846.0,20240410.0,3.0,2,22
1639,847.0,20240410.0,1.0,3,73
1640,847.0,20240410.0,1.0,5,64
1641,848.0,20240410.0,4.0,5,20
1642,848.0,20240410.0,4.0,6,98
1643,849.0,20240410.0,4.0,5,134
1644,850.0,20240410.0,4.0,5,139
1645,851.0,20240410.0,3.0,1,25
1646,851.0,20240410.0,3.0,6,164
1647,852.0,20240411.0,3.0,4,89
1648,853.0,20240411.0,1.0,4,65
1649,854.0,20240411.0,3.0,2,34
1650,854.0,20240411.0,3.0,4,30
1651,854.0,20240411.0,3.0,5,22
1652,855.0,20240411.0,4.0,1,136
1653,855.0,20240411.0,4.0,4,110
1654,856.0,20240411.0,1.0,4,127
1655,856.0,20240411.0,1.0,1,51
1656,856.0,20240411.0,1.0,3,9
1657,857.0,20240411.0,2.0,5,106
1658,857.0,20240411.0,2.0,2,27
1659,857.0,20240411.0,2.0,4,151
1660,858.0,20240411.0,2.0,5,84
1661,858.0,20240411.0,2.0,1,125
1662,859.0,20240412.0,1.0,2,81
1663,859.0,20240412.0,1.0,4,94
1664,860.0,20240412.0,3.0,1,90
1665,860.0,20240412.0,3.0,4,6
1666,861.0,20240412.0,3.0,5,36
1667,861.0,20240412.0,3.0,1,26
1668,862.0,20240412.0,1.0,4,6
1669,862.0,20240412.0,1.0,2,156
1670,863.0,20240412.0,2.0,2,84
1671,863.0,20240412.0,2.0,3,41
1672,863.0,20240412.0,2.0,1,212
1673,864.0,20240412.0,4.0,3,74
1674,864.0,20240412.0,4.0,6,26
1675,865.0,20240412.0,1.0,6,68
1676,866.0,20240412.0,2.0,1,203
1677,867.0,20240413.0,3.0,4,24
1678,867.0,20240413.0,3.0,3,3
1679,867.0,20240413.0,3.0,2,7
1680,868.0,20240413.0,4.0,3,96
1681,868.0,20240413.0,4.0,2,16
1682,868.0,20240413.0,4.0,6,17
1683,869.0,20240413.0,3.0,1,26
1684,869.0,20240413.0,3.0,4,85
1685,870.0,20240413.0,4.0,3,46
1686,870.0,20240413.0,4.0,5,46
1687,871.0,20240413.0,2.0,2,236
1688,872.0,20240413.0,1.0,2,70
1689,872.0,20240413.0,1.0,6,39
1690,872.0,20240413.0,1.0,4,11
1691,873.0,20240413.0,2.0,3,66
1692,874.0,20240414.0,2.0,6,61
1693,874.0,20240414.0,2.0,3,7
1694,874.0,20240414.0,2.0,4,100
1695,875.0,20240414.0,1.0,5,49
1696,875.0,20240414.0,1.0,6,53
1697,876.0,20240414.0,3.0,2,50
1698,877.0,20240414.0,3.0,2,55
1699,877.0,20240414.0,3.0,1,20
1700,877.0,20240414.0,3.0,5,21
1701,878.0,20240414.0,4.0,3,4
1702,878.0,20240414.0,4.0,1,4
1703,879.0,20240414.0,4.0,2,173
1704,879.0,20240414.0,4.0,4,1
1705,879.0,20240414.0,4.0,1,1
1706,880.0,20240414.0,4.0,3,83
1707,881.0,20240414.0,2.0,2,213
1708,882.0,20240414.0,1.0,4,81
1709,883.0,20240414.0,2.0,1,183
1710,884.0,20240415.0,1.0,5,64
1711,885.0,20240415.0,4.0,3,77
1712,886.0,20240415.0,1.0,5,94
1713,887.0,20240415.0,2.0,6,11
1714,887.0,20240415.0,2.0,2,163
1715,888.0,20240415.0,2.0,1,123
1716,888.0,20240415.0,2.0,6,114
1717,889.0,20240415.0,3.0,1,39
1718,889.0,20240415.0,3.0,3,45
1719,890.0,20240415.0,4.0,3,13
1720,890.0,20240415.0,4.0,1,26
1721,890.0,20240415.0,4.0,4,16
1722,891.0,20240415.0,4.0,3,14
1723,891.0,20240415.0,4.0,1,10
1724,891.0,20240415.0,4.0,4,41
1725,892.0,20240415.0,1.0,4,33
1726,892.0,20240415.0,1.0,5,83
1727,892.0,20240415.0,1.0,3,67
1728,893.0,20240415.0,3.0,5,12
1729,893.0,20240415.0,3.0,4,63
1730,893.0,20240415.0,3.0,2,49
1731,894.0,20240416.0,3.0,2,64
1732,894.0,20240416.0,3.0,3,24
1733,894.0,20240416.0,3.0,4,9
1734,895.0,20240416.0,4.0,4,59
1735,895.0,20240416.0,4.0,5,100
1736,896.0,20240416.0,4.0,5,143
1737,896.0,20240416.0,4.0,6,27
1738,896.0,20240416.0,4.0,3,4
1739,897.0,20240416.0,3.0,2,26
1740,898.0,20240416.0,1.0,4,67
1741,898.0,20240416.0,1.0,5,38
1742,898.0,20240416.0,1.0,2,23
1743,899.0,20240416.0,2.0,3,32
1744,899.0,20240416.0,2.0,1,224
1745,900.0,20240416.0,2.0,4,112
1746,900.0,20240416.0,2.0,1,27
1747,901.0,20240416.0,3.0,4,11
1748,901.0,20240416.0,3.0,1,67
1749,901.0,20240416.0,3.0,6,24
1750,902.0,20240417.0,3.0,5,11
1751,902.0,20240417.0,3.0,1,53
1752,903.0,20240417.0,2.0,2,164
1753,904.0,20240417.0,3.0,4,92
1754,905.0,20240417.0,3.0,1,44
1755,905.0,20240417.0,3.0,4,12
1756,905.0,20240417.0,3.0,5,52
1757,906.0,20240417.0,1.0,5,158
1758,906.0,20240417.0,1.0,1,14
1759,907.0,20240417.0,4.0,6,58
1760,907.0,20240417.0,4.0,4,157
1761,908.0,20240417.0,1.0,6,3
1762,908.0,20240417.0,1.0,5,191
1763,909.0,20240418.0,1.0,2,33
1764,909.0,20240418.0,1.0,5,22
1765,909.0,20240418.0,1.0,6,5
1766,910.0,20240418.0,1.0,6,6
1767,910.0,20240418.0,1.0,3,88
1768,911.0,20240418.0,1.0,6,114
1769,912.0,20240418.0,1.0,6,41
1770,912.0,20240418.0,1.0,3,60
1771,913.0,20240418.0,3.0,4,17
1772,913.0,20240418.0,3.0,3,27
1773,913.0,20240418.0,3.0,5,27
1774,914.0,20240418.0,1.0,6,167
1775,915.0,20240418.0,4.0,5,2
1776,915.0,20240418.0,4.0,6,104
1777,916.0,20240418.0,2.0,1,142
1778,916.0,20240418.0,2.0,5,98
1779,917.0,20240419.0,2.0,2,21
1780,917.0,20240419.0,2.0,5,109
1781,918.0,20240419.0,3.0,3,13
1782,918.0,20240419.0,3.0,2,44
1783,919.0,20240419.0,1.0,2,92
1784,919.0,20240419.0,1.0,6,110
1785,920.0,20240419.0,1.0,2,107
1786,921.0,20240419.0,3.0,1,112
1787,922.0,20240419.0,1.0,4,110
1788,922.0,20240419.0,1.0,5,4
1789,923.0,20240419.0,4.0,3,63
1790,923.0,20240419.0,4.0,5,18
1791,924.0,20240420.0,3.0,2,71
1792,925.0,20240420.0,4.0,6,29
1793,925.0,20240420.0,4.0,5,40
1794,926.0,20240420.0,4.0,6,151
1795,926.0,20240420.0,4.0,5,28
1796,927.0,20240420.0,4.0,2,127
1797,928.0,20240420.0,1.0,5,7
1798,928.0,20240420.0,1.0,4,32
1799,929.0,20240420.0,1.0,3,8
1800,929.0,20240420.0,1.0,5,105
1801,929.0,20240420.0,1.0,6,34
1802,930.0,20240421.0,3.0,3,60
1803,931.0,20240421.0,3.0,4,20
1804,931.0,20240421.0,3.0,5,75
1805,931.0,20240421.0,3.0,2,27
1806,932.0,20240421.0,3.0,1,117
1807,932.0,20240421.0,3.0,2,8
1808,933.0,20240421.0,1.0,3,39
1809,934.0,20240421.0,3.0,4,62
1810,934.0,20240421.0,3.0,6,6
1811,935.0,20240421.0,2.0,5,236
1812,936.0,20240421.0,1.0,5,125
1813,937.0,20240421.0,2.0,4,17
1814,937.0,20240421.0,2.0,5,29
1815,937.0,20240421.0,2.0,2,90
1816,938.0,20240422.0,2.0,3,150
1817,938.0,20240422.0,2.0,1,3
1818,939.0,20240422.0,1.0,3,154
1819,939.0,20240422.0,1.0,4,7
1820,940.0,20240422.0,2.0,1,203
1821,941.0,20240422.0,2.0,4,158
1822,942.0,20240422.0,3.0,3,79
1823,942.0,20240422.0,3.0,5,4
1824,942.0,20240422.0,3.0,4,6
1825,943.0,20240422.0,1.0,6,67
1826,943.0,20240422.0,1.0,2,70
1827,944.0,20240422.0,1.0,3,142
1828,944.0,20240422.0,1.0,2,18
1829,945.0,20240423.0,3.0,1,33
1830,945.0,20240423.0,3.0,5,34
1831,945.0,20240423.0,3.0,2,4
1832,946.0,20240423.0,4.0,3,46
1833,946.0,20240423.0,4.0,1,29
1834,947.0,20240423.0,2.0,4,122
1835,948.0,20240423.0,1.0,6,9
1836,948.0,20240423.0,1.0,2,2
1837,948.0,20240423.0,1.0,3,96
1838,949.0,20240423.0,3.0,1,96
1839,950.0,20240423.0,1.0,2,55
1840,950.0,20240423.0,1.0,3,69
1841,951.0,20240424.0,3.0,5,34
1842,951.0,20240424.0,3.0,6,2
1843,951.0,20240424.0,3.0,1,13
1844,952.0,20240424.0,3.0,3,36
1845,952.0,20240424.0,3.0,4,1
1846,953.0,20240424.0,2.0,2,40
1847,953.0,20240424.0,2.0,4,129
1848,954.0,20240424.0,4.0,3,85
1849,954.0,20240424.0,4.0,6,17
1850,954.0,20240424.0,4.0,1,49
1851,955.0,20240424.0,1.0,5,18
1852,955.0,20240424.0,1.0,1,106
1853,955.0,20240424.0,1.0,2,70
1854,956.0,20240424.0,4.0,2,17
1855,956.0,20240424.0,4.0,1,1
1856,957.0,20240424.0,2.0,1,103
1857,957.0,20240424.0,2.0,3,71
1858,957.0,20240424.0,2.0,5,14
1859,958.0,20240425.0,3.0,2,13
1860,958.0,20240425.0,3.0,4,35
1861,958.0,20240425.0,3.0,6,9
1862,959.0,20240425.0,1.0,6,100
1863,960.0,20240425.0,3.0,3,150
1864,961.0,20240425.0,2.0,1,67
1865,962.0,20240425.0,4.0,6,77
1866,962.0,20240425.0,4.0,3,60
1867,962.0,20240425.0,4.0,5,20
1868,963.0,20240425.0,1.0,6,123
1869,963.0,20240425.0,1.0,2,10
1870,964.0,20240426.0,2.0,2,78
1871,964.0,20240426.0,2.0,4,182
1872,965.0,20240426.0,1.0,5,197
1873,965.0,20240426.0,1.0,1,26
1874,966.0,20240426.0,3.0,3,21
1875,966.0,20240426.0,3.0,1,52
1876,967.0,20240426.0,1.0,3,45
1877,967.0,20240426.0,1.0,4,54
1878,967.0,20240426.0,1.0,2,12
1879,968.0,20240426.0,3.0,1,29
1880,968.0,20240426.0,3.0,5,15
1881,968.0,20240426.0,3.0,3,17
1882,969.0,20240426.0,1.0,6,91
1883,969.0,20240426.0,1.0,4,1
1884,969.0,20240426.0,1.0,3,24
1885,970.0,20240426.0,3.0,4,53
1886,971.0,20240427.0,1.0,6,60
1887,971.0,20240427.0,1.0,4,63
1888,971.0,20240427.0,1.0,1,24
1889,972.0,20240427.0,4.0,5,34
1890,972.0,20240427.0,4.0,4,51
1891,973.0,20240427.0,3.0,4,42
1892,973.0,20240427.0,3.0,5,6
1893,974.0,20240427.0,3.0,5,8
1894,974.0,20240427.0,3.0,3,26
1895,974.0,20240427.0,3.0,6,42
1896,975.0,20240427.0,1.0,3,125
1897,976.0,20240427.0,4.0,6,2
1898,976.0,20240427.0,4.0,1,26
1899,976.0,20240427.0,4.0,4,15
1900,977.0,20240427.0,4.0,6,99
1901,977.0,20240427.0,4.0,2,102
1902,978.0,20240427.0,3.0,6,83
1903,978.0,20240427.0,3.0,5,27
1904,979.0,20240428.0,3.0,3,78
1905,980.0,20240428.0,3.0,2,85
1906,981.0,20240428.0,2.0,5,238
1907,982.0,20240428.0,4.0,6,67
1908,983.0,20240428.0,3.0,2,84
1909,983.0,20240428.0,3.0,1,3
1910,984.0,20240428.0,3.0,1,84
1911,985.0,20240428.0,4.0,4,55
1912,985.0,20240428.0,4.0,2,5
1913,985.0,20240428.0,4.0,1,13
1914,986.0,20240428.0,1.0,6,52
1915,986.0,20240428.0,1.0,1,49
1916,987.0,20240428.0,1.0,6,57
1917,987.0,20240428.0,1.0,3,29
1918,987.0,20240428.0,1.0,2,20
1919,988.0,20240428.0,1.0,4,150
1920,989.0,20240429.0,1.0,6,133
1921,989.0,20240429.0,1.0,2,24
1922,990.0,20240429.0,3.0,2,25
1923,990.0,20240429.0,3.0,4,18
1924,990.0,20240429.0,3.0,1,20
1925,991.0,20240429.0,1.0,2,135
1926,992.0,20240429.0,4.0,4,157
1927,992.0,20240429.0,4.0,5,39
1928,993.0,20240429.0,1.0,4,150
1929,994.0,20240429.0,1.0,3,47
1930,994.0,20240429.0,1.0,6,39
1931,994.0,20240429.0,1.0,5,54
1932,995.0,20240429.0,1.0,2,45
1933,995.0,20240429.0,1.0,6,59
1934,996.0,20240429.0,1.0,3,43
1935,996.0,20240429.0,1.0,4,68
1936,997.0,20240429.0,1.0,3,52
1937,997.0,20240429.0,1.0,5,79
1938,998.0,20240429.0,2.0,5,58
1939,998.0,20240429.0,2.0,1,204
1940,999.0,20240430.0,4.0,5,83
1941,1000.0,20240430.0,2.0,1,18
1942,1000.0,20240430.0,2.0,5,51
1943,1000.0,20240430.0,2.0,2,148
1944,1001.0,20240430.0,2.0,4,9
1945,1001.0,20240430.0,2.0,3,2
1946,1001.0,20240430.0,2.0,2,175
1947,1002.0,20240430.0,2.0,4,351
1948,1003.0,20240430.0,3.0,1,118
1949,1004.0,20240430.0,1.0,4,151
1950,1004.0,20240430.0,1.0,3,5
1951,1005.0,20240501.0,3.0,5,49
1952,1005.0,20240501.0,3.0,4,30
1953,1005.0,20240501.0,3.0,6,45
1954,1006.0,20240501.0,4.0,2,22
1955,1006.0,20240501.0,4.0,5,207
1956,1007.0,20240501.0,1.0,6,26
1957,1007.0,20240501.0,1.0,3,42
1958,1007.0,20240501.0,1.0,1,1
1959,1008.0,20240501.0,4.0,1,106
1960,1009.0,20240501.0,4.0,4,100
1961,1009.0,20240501.0,4.0,6,33
1962,1009.0,20240501.0,4.0,5,7
1963,1010.0,20240501.0,1.0,2,163
1964,1011.0,20240501.0,2.0,4,107
1965,1012.0,20240501.0,3.0,3,70
1966,1012.0,20240501.0,3.0,5,31
1967,1013.0,20240501.0,1.0,1,3
1968,1013.0,20240501.0,1.0,4,187
1969,1014.0,20240501.0,4.0,2,75
1970,1014.0,20240501.0,4.0,1,8
1971,1015.0,20240502.0,1.0,3,34
1972,1015.0,20240502.0,1.0,5,25
1973,1016.0,20240502.0,4.0,5,75
1974,1016.0,20240502.0,4.0,3,8
1975,1017.0,20240502.0,1.0,3,36
1976,1017.0,20240502.0,1.0,2,44
1977,1018.0,20240502.0,2.0,1,78
1978,1018.0,20240502.0,2.0,4,10
1979,1019.0,20240502.0,4.0,6,50
1980,1019.0,20240502.0,4.0,1,22
1981,1020.0,20240502.0,2.0,4,30
1982,1020.0,20240502.0,2.0,5,74
1983,1020.0,20240502.0,2.0,2,122
1984,1021.0,20240503.0,4.0,5,28
1985,1022.0,20240503.0,1.0,3,52
1986,1022.0,20240503.0,1.0,2,73
1987,1022.0,20240503.0,1.0,5,86
1988,1023.0,20240503.0,4.0,3,107
1989,1023.0,20240503.0,4.0,2,33
1990,1024.0,20240503.0,2.0,3,417
1991,1025.0,20240503.0,1.0,4,58
1992,1025.0,20240503.0,1.0,5,51
1993,1026.0,20240503.0,4.0,3,27
1994,1026.0,20240503.0,4.0,2,16
1995,1026.0,20240503.0,4.0,6,66
1996,1027.0,20240503.0,2.0,5,24
1997,1027.0,20240503.0,2.0,3,14
1998,1027.0,20240503.0,2.0,4,108
1999,1028.0,20240503.0,3.0,2,99
2000,1029.0,20240503.0,3.0,6,23
2001,1029.0,20240503.0,3.0,3,47
2002,1029.0,20240503.0,3.0,2,33
2003,1030.0,20240504.0,1.0,4,7
2004,1030.0,20240504.0,1.0,3,41
2005,1030.0,20240504.0,1.0,6,35
2006,1031.0,20240504.0,1.0,1,118
2007,1032.0,20240504.0,3.0,6,17
2008,1032.0,20240504.0,3.0,3,32
2009,1033.0,20240504.0,4.0,6,166
2010,1033.0,20240504.0,4.0,2,30
2011,1034.0,20240504.0,2.0,6,100
2012,1034.0,20240504.0,2.0,4,5
2013,1034.0,20240504.0,2.0,2,116
2014,1035.0,20240504.0,4.0,3,24
2015,1035.0,20240504.0,4.0,6,79
2016,1035.0,20240504.0,4.0,4,34
2017,1036.0,20240504.0,3.0,6,28
2018,1036.0,20240504.0,3.0,2,27
2019,1037.0,20240505.0,3.0,6,10
2020,1037.0,20240505.0,3.0,1,94
2021,1038.0,20240505.0,1.0,1,64
2022,1038.0,20240505.0,1.0,3,42
2023,1038.0,20240505.0,1.0,6,11
2024,1039.0,20240505.0,4.0,4,96
2025,1039.0,20240505.0,4.0,3,70
2026,1040.0,20240505.0,3.0,5,25
2027,1040.0,20240505.0,3.0,6,7
2028,1040.0,20240505.0,3.0,3,1
2029,1041.0,20240505.0,1.0,1,214
2030,1042.0,20240505.0,2.0,3,52
2031,1042.0,20240505.0,2.0,6,25
2032,1042.0,20240505.0,2.0,4,59
2033,1043.0,20240505.0,4.0,2,133
2034,1043.0,20240505.0,4.0,6,35
2035,1043.0,20240505.0,4.0,4,1
2036,1044.0,20240505.0,1.0,2,44
2037,1044.0,20240505.0,1.0,3,13
2038,1044.0,20240505.0,1.0,5,23
2039,1045.0,20240506.0,3.0,6,52
2040,1045.0,20240506.0,3.0,2,71
2041,1045.0,20240506.0,3.0,1,9
2042,1046.0,20240506.0,3.0,5,33
2043,1047.0,20240506.0,2.0,1,31
2044,1047.0,20240506.0,2.0,3,92
2045,1048.0,20240506.0,3.0,3,65
2046,1048.0,20240506.0,3.0,2,19
2047,1049.0,20240506.0,2.0,3,131
2048,1049.0,20240506.0,2.0,4,120
2049,1050.0,20240506.0,2.0,2,221
2050,1051.0,20240506.0,4.0,4,171
2051,1052.0,20240506.0,3.0,6,23
2052,1053.0,20240506.0,4.0,3,118
2053,1053.0,20240506.0,4.0,5,47
2054,1054.0,20240507.0,1.0,6,54
2055,1054.0,20240507.0,1.0,3,25
2056,1054.0,20240507.0,1.0,4,10
2057,1055.0,20240507.0,2.0,1,26
2058,1055.0,20240507.0,2.0,6,139
2059,1055.0,20240507.0,2.0,3,12
2060,1056.0,20240507.0,4.0,4,157
2061,1057.0,20240507.0,2.0,3,37
2062,1057.0,20240507.0,2.0,1,8
2063,1057.0,20240507.0,2.0,2,8
2064,1058.0,20240507.0,1.0,5,130
2065,1059.0,20240507.0,2.0,6,68
2066,1059.0,20240507.0,2.0,4,51
2067,1060.0,20240507.0,4.0,6,164
2068,1060.0,20240507.0,4.0,4,48
2069,1061.0,20240508.0,3.0,2,14
2070,1061.0,20240508.0,3.0,5,25
2071,1062.0,20240508.0,1.0,1,2
2072,1062.0,20240508.0,1.0,4,23
2073,1062.0,20240508.0,1.0,2,66
2074,1063.0,20240508.0,2.0,3,125
2075,1063.0,20240508.0,2.0,1,73
2076,1063.0,20240508.0,2.0,6,138
2077,1064.0,20240508.0,4.0,1,203
2078,1064.0,20240508.0,4.0,4,40
2079,1065.0,20240508.0,2.0,6,127
2080,1066.0,20240508.0,2.0,6,87
2081,1066.0,20240508.0,2.0,2,133
2082,1067.0,20240508.0,3.0,3,83
2083,1068.0,20240508.0,4.0,2,54
2084,1068.0,20240508.0,4.0,5,17
2085,1068.0,20240508.0,4.0,3,48
2086,1069.0,20240508.0,3.0,4,74
2087,1069.0,20240508.0,3.0,3,20
2088,1070.0,20240509.0,3.0,2,34
2089,1070.0,20240509.0,3.0,3,9
2090,1071.0,20240509.0,3.0,3,87
2091,1072.0,20240509.0,1.0,1,36
2092,1072.0,20240509.0,1.0,2,59
2093,1073.0,20240509.0,4.0,4,59
2094,1073.0,20240509.0,4.0,1,2
2095,1073.0,20240509.0,4.0,6,32
2096,1074.0,20240509.0,2.0,1,176
2097,1074.0,20240509.0,2.0,2,13
2098,1075.0,20240509.0,2.0,5,7
2099,1075.0,20240509.0,2.0,6,88
2100,1076.0,20240509.0,1.0,6,128
2101,1077.0,20240509.0,4.0,5,14
2102,1078.0,20240509.0,2.0,6,165
2103,1079.0,20240510.0,3.0,5,93
2104,1079.0,20240510.0,3.0,6,9
2105,1080.0,20240510.0,1.0,6,35
2106,1080.0,20240510.0,1.0,3,71
2107,1081.0,20240510.0,2.0,6,86
2108,1081.0,20240510.0,2.0,1,23
2109,1081.0,20240510.0,2.0,2,18
2110,1082.0,20240510.0,4.0,1,85
2111,1082.0,20240510.0,4.0,5,6
2112,1083.0,20240510.0,4.0,4,119
2113,1084.0,20240510.0,4.0,6,139
2114,1084.0,20240510.0,4.0,4,20
2115,1085.0,20240510.0,3.0,1,16
2116,1085.0,20240510.0,3.0,5,45
2117,1085.0,20240510.0,3.0,4,26
2118,1086.0,20240510.0,2.0,5,117
2119,1086.0,20240510.0,2.0,2,55
2120,1087.0,20240510.0,3.0,1,119
2121,1088.0,20240510.0,3.0,6,23
2122,1088.0,20240510.0,3.0,5,50
2123,1088.0,20240510.0,3.0,1,11
2124,1089.0,20240511.0,4.0,2,39
2125,1089.0,20240511.0,4.0,6,56
2126,1089.0,20240511.0,4.0,4,7
2127,1090.0,20240511.0,4.0,6,15
2128,1090.0,20240511.0,4.0,5,69
2129,1090.0,20240511.0,4.0,2,31
2130,1091.0,20240511.0,2.0,1,26
2131,1091.0,20240511.0,2.0,2,158
2132,1092.0,20240511.0,1.0,5,103
2133,1093.0,20240511.0,2.0,2,127
2134,1093.0,20240511.0,2.0,6,11
2135,1094.0,20240511.0,1.0,2,93
2136,1095.0,20240511.0,2.0,3,222
2137,1096.0,20240511.0,2.0,4,175
2138,1097.0,20240511.0,3.0,2,4
2139,1097.0,20240511.0,3.0,6,54
2140,1098.0,20240511.0,4.0,4,86
2141,1098.0,20240511.0,4.0,3,5
2142,1098.0,20240511.0,4.0,6,50
2143,1099.0,20240511.0,4.0,3,39
2144,1099.0,20240511.0,4.0,5,107
2145,1099.0,20240511.0,4.0,4,37
2146,1100.0,20240512.0,3.0,2,36
2147,1100.0,20240512.0,3.0,4,38
2148,1101.0,20240512.0,4.0,2,207
2149,1102.0,20240512.0,1.0,1,108
2150,1102.0,20240512.0,1.0,4,84
2151,1103.0,20240512.0,3.0,6,79
2152,1103.0,20240512.0,3.0,2,15
2153,1104.0,20240512.0,3.0,4,105
2154,1105.0,20240512.0,1.0,4,1
2155,1105.0,20240512.0,1.0,1,16
2156,1105.0,20240512.0,1.0,6,179
2157,1106.0,20240512.0,1.0,4,118
2158,1107.0,20240512.0,2.0,5,196
2159,1107.0,20240512.0,2.0,1,14
2160,1107.0,20240512.0,2.0,6,27
2161,1108.0,20240512.0,2.0,5,58
2162,1108.0,20240512.0,2.0,1,83
2163,1109.0,20240512.0,1.0,1,39
2164,1109.0,20240512.0,1.0,2,6
2165,1110.0,20240513.0,1.0,3,136
2166,1111.0,20240513.0,4.0,1,41
2167,1111.0,20240513.0,4.0,3,24
2168,1111.0,20240513.0,4.0,5,32
2169,1112.0,20240513.0,3.0,1,10
2170,1112.0,20240513.0,3.0,4,71
2171,1113.0,20240513.0,4.0,3,42
2172,1113.0,20240513.0,4.0,4,126
2173,1114.0,20240513.0,1.0,2,40
2174,1114.0,20240513.0,1.0,6,26
2175,1115.0,20240513.0,4.0,4,106
2176,1116.0,20240513.0,1.0,2,25
2177,1116.0,20240513.0,1.0,6,105
2178,1117.0,20240513.0,3.0,1,112
2179,1117.0,20240513.0,3.0,6,8
2180,1118.0,20240514.0,3.0,1,90
2181,1119.0,20240514.0,4.0,1,121
2182,1120.0,20240514.0,2.0,5,6
2183,1120.0,20240514.0,2.0,3,176
2184,1120.0,20240514.0,2.0,4,69
2185,1121.0,20240514.0,4.0,4,10
2186,1121.0,20240514.0,4.0,3,41
2187,1121.0,20240514.0,4.0,5,70
2188,1122.0,20240514.0,1.0,6,74
2189,1122.0,20240514.0,1.0,3,16
2190,1123.0,20240514.0,4.0,4,119
2191,1124.0,20240514.0,4.0,6,146
2192,1125.0,20240514.0,3.0,3,52
2193,1125.0,20240514.0,3.0,5,4
2194,1126.0,20240514.0,4.0,6,83
2195,1126.0,20240514.0,4.0,1,77
2196,1126.0,20240514.0,4.0,5,59
2197,1127.0,20240514.0,4.0,5,68
2198,1127.0,20240514.0,4.0,1,15
2199,1127.0,20240514.0,4.0,3,31
2200,1128.0,20240515.0,2.0,2,113
2201,1128.0,20240515.0,2.0,1,148
2202,1128.0,20240515.0,2.0,3,65
2203,1129.0,20240515.0,4.0,5,53
2204,1129.0,20240515.0,4.0,3,70
2205,1130.0,20240515.0,4.0,6,132
2206,1131.0,20240515.0,1.0,6,92
2207,1131.0,20240515.0,1.0,5,85
2208,1132.0,20240515.0,3.0,5,82
2209,1133.0,20240515.0,1.0,6,116
2210,1134.0,20240516.0,3.0,3,62
2211,1134.0,20240516.0,3.0,5,4
2212,1135.0,20240516.0,2.0,4,152
2213,1135.0,20240516.0,2.0,2,73
2214,1136.0,20240516.0,4.0,4,2
2215,1136.0,20240516.0,4.0,6,82
2216,1137.0,20240516.0,1.0,3,76
2217,1137.0,20240516.0,1.0,1,15
2218,1137.0,20240516.0,1.0,6,12
2219,1138.0,20240516.0,3.0,1,168
2220,1139.0,20240516.0,4.0,6,41
2221,1139.0,20240516.0,4.0,1,39
2222,1139.0,20240516.0,4.0,4,62
2223,1140.0,20240516.0,1.0,1,28
2224,1140.0,20240516.0,1.0,3,21
2225,1140.0,20240516.0,1.0,4,87
2226,1141.0,20240516.0,1.0,3,121
2227,1142.0,20240516.0,4.0,3,24
2228,1142.0,20240516.0,4.0,6,94
2229,1143.0,20240517.0,4.0,5,78
2230,1143.0,20240517.0,4.0,6,8
2231,1143.0,20240517.0,4.0,1,10
2232,1144.0,20240517.0,4.0,2,35
2233,1144.0,20240517.0,4.0,1,104
2234,1145.0,20240517.0,3.0,4,9
2235,1145.0,20240517.0,3.0,3,13
2236,1145.0,20240517.0,3.0,1,15
2237,1146.0,20240517.0,2.0,1,277
2238,1147.0,20240517.0,1.0,2,35
2239,1147.0,20240517.0,1.0,4,67
2240,1148.0,20240517.0,1.0,1,39
2241,1148.0,20240517.0,1.0,2,21
2242,1148.0,20240517.0,1.0,3,81
2243,1149.0,20240518.0,1.0,2,33
2244,1150.0,20240518.0,1.0,2,87
2245,1151.0,20240518.0,4.0,3,129
2246,1152.0,20240518.0,1.0,5,124
2247,1153.0,20240518.0,2.0,2,2
2248,1153.0,20240518.0,2.0,6,72
2249,1153.0,20240518.0,2.0,4,32
2250,1154.0,20240518.0,3.0,6,45
2251,1154.0,20240518.0,3.0,4,53
2252,1155.0,20240518.0,2.0,4,82
2253,1155.0,20240518.0,2.0,1,142
2254,1156.0,20240518.0,4.0,2,134
2255,1157.0,20240518.0,3.0,5,64
2256,1157.0,20240518.0,3.0,6,8
2257,1158.0,20240518.0,3.0,1,41
2258,1158.0,20240518.0,3.0,2,31
2259,1158.0,20240518.0,3.0,3,6
2260,1159.0,20240519.0,2.0,2,65
2261,1160.0,20240519.0,4.0,2,128
2262,1160.0,20240519.0,4.0,6,15
2263,1161.0,20240519.0,1.0,3,102
2264,1161.0,20240519.0,1.0,1,63
2265,1162.0,20240519.0,2.0,5,4
2266,1162.0,20240519.0,2.0,3,67
2267,1162.0,20240519.0,2.0,1,76
2268,1163.0,20240519.0,4.0,5,9
2269,1163.0,20240519.0,4.0,2,84
2270,1164.0,20240519.0,1.0,1,26
2271,1164.0,20240519.0,1.0,3,149
2272,1165.0,20240519.0,2.0,5,139
2273,1165.0,20240519.0,2.0,2,99
2274,1166.0,20240519.0,1.0,3,93
2275,1166.0,20240519.0,1.0,2,17
2276,1167.0,20240519.0,1.0,3,16
2277,1167.0,20240519.0,1.0,6,17
2278,1167.0,20240519.0,1.0,1,120
2279,1168.0,20240520.0,1.0,5,82
2280,1169.0,20240520.0,2.0,6,5
2281,1169.0,20240520.0,2.0,2,88
2282,1169.0,20240520.0,2.0,3,6
2283,1170.0,20240520.0,4.0,3,94
2284,1171.0,20240520.0,1.0,5,2
2285,1171.0,20240520.0,1.0,3,44
2286,1171.0,20240520.0,1.0,2,58
2287,1172.0,20240520.0,4.0,3,3
2288,1172.0,20240520.0,4.0,4,162
2289,1173.0,20240520.0,2.0,1,118
2290,1173.0,20240520.0,2.0,3,109
2291,1174.0,20240520.0,4.0,4,94
2292,1175.0,20240520.0,2.0,4,170
2293,1176.0,20240521.0,4.0,5,81
2294,1177.0,20240521.0,1.0,5,50
2295,1177.0,20240521.0,1.0,3,84
2296,1178.0,20240521.0,2.0,1,124
2297,1178.0,20240521.0,2.0,2,45
2298,1179.0,20240521.0,3.0,3,54
2299,1180.0,20240521.0,2.0,2,58
2300,1180.0,20240521.0,2.0,1,12
2301,1180.0,20240521.0,2.0,5,75
2302,1181.0,20240521.0,2.0,6,4
2303,1181.0,20240521.0,2.0,2,22
2304,1181.0,20240521.0,2.0,1,19
2305,1182.0,20240522.0,4.0,3,104
2306,1183.0,20240522.0,4.0,4,7
2307,1183.0,20240522.0,4.0,6,125
2308,1183.0,20240522.0,4.0,3,39
2309,1184.0,20240522.0,4.0,2,91
2310,1185.0,20240522.0,2.0,2,26
2311,1185.0,20240522.0,2.0,3,16
2312,1185.0,20240522.0,2.0,1,80
2313,1186.0,20240522.0,1.0,3,45
2314,1186.0,20240522.0,1.0,5,22
2315,1187.0,20240522.0,3.0,1,56
2316,1187.0,20240522.0,3.0,3,60
2317,1188.0,20240522.0,4.0,3,118
2318,1189.0,20240523.0,3.0,3,40
2319,1189.0,20240523.0,3.0,6,41
2320,1189.0,20240523.0,3.0,2,3
2321,1190.0,20240523.0,1.0,3,136
2322,1191.0,20240523.0,1.0,4,1
2323,1191.0,20240523.0,1.0,6,41
2324,1191.0,20240523.0,1.0,3,63
2325,1192.0,20240523.0,2.0,6,79
2326,1192.0,20240523.0,2.0,4,58
2327,1192.0,20240523.0,2.0,2,36
2328,1193.0,20240523.0,2.0,4,89
2329,1194.0,20240523.0,2.0,5,289
2330,1195.0,20240523.0,4.0,3,30
2331,1195.0,20240523.0,4.0,5,83
2332,1196.0,20240523.0,3.0,2,18
2333,1196.0,20240523.0,3.0,4,19
2334,1197.0,20240523.0,4.0,2,15
2335,1197.0,20240523.0,4.0,5,59
2336,1198.0,20240523.0,3.0,3,19
2337,1198.0,20240523.0,3.0,5,72
2338,1199.0,20240524.0,1.0,1,38
2339,1199.0,20240524.0,1.0,6,68
2340,1200.0,20240524.0,2.0,1,127
2341,1201.0,20240524.0,4.0,1,53
2342,1201.0,20240524.0,4.0,5,17
2343,1201.0,20240524.0,4.0,4,38
2344,1202.0,20240524.0,2.0,4,90
2345,1203.0,20240524.0,3.0,2,58
2346,1203.0,20240524.0,3.0,3,64
2347,1204.0,20240524.0,2.0,5,89
2348,1205.0,20240524.0,4.0,1,135
2349,1205.0,20240524.0,4.0,3,20
2350,1206.0,20240525.0,1.0,6,238
2351,1207.0,20240525.0,1.0,4,83
2352,1208.0,20240525.0,3.0,4,115
2353,1209.0,20240525.0,1.0,4,43
2354,1209.0,20240525.0,1.0,3,27
2355,1209.0,20240525.0,1.0,1,42
2356,1210.0,20240525.0,4.0,5,64
2357,1210.0,20240525.0,4.0,6,48
2358,1211.0,20240525.0,4.0,2,51
2359,1211.0,20240525.0,4.0,1,112
2360,1212.0,20240525.0,3.0,6,7
2361,1212.0,20240525.0,3.0,2,30
2362,1213.0,20240525.0,4.0,3,71
2363,1213.0,20240525.0,4.0,5,4
2364,1213.0,20240525.0,4.0,4,13
2365,1214.0,20240525.0,4.0,6,3
2366,1214.0,20240525.0,4.0,5,114
2367,1215.0,20240526.0,3.0,1,40
2368,1215.0,20240526.0,3.0,6,61
2369,1216.0,20240526.0,1.0,6,111
2370,1217.0,20240526.0,4.0,5,7
2371,1217.0,20240526.0,4.0,2,90
2372,1217.0,20240526.0,4.0,6,30
2373,1218.0,20240526.0,1.0,3,218
2374,1219.0,20240526.0,2.0,5,89
2375,1220.0,20240526.0,3.0,5,18
2376,1220.0,20240526.0,3.0,2,22
2377,1220.0,20240526.0,3.0,3,33
2378,1221.0,20240526.0,3.0,6,32
2379,1221.0,20240526.0,3.0,4,56
2380,1222.0,20240526.0,1.0,3,76
2381,1222.0,20240526.0,1.0,6,12
2382,1222.0,20240526.0,1.0,1,33
2383,1223.0,20240526.0,3.0,4,125
2384,1224.0,20240527.0,2.0,6,3
2385,1224.0,20240527.0,2.0,3,30
2386,1224.0,20240527.0,2.0,1,4
2387,1225.0,20240527.0,2.0,6,20
2388,1225.0,20240527.0,2.0,1,42
2389,1225.0,20240527.0,2.0,2,65
2390,1226.0,20240527.0,1.0,1,134
2391,1227.0,20240527.0,4.0,2,144
2392,1228.0,20240527.0,1.0,1,139
2393,1229.0,20240527.0,3.0,4,62
2394,1230.0,20240527.0,2.0,6,14
2395,1230.0,20240527.0,2.0,1,63
2396,1230.0,20240527.0,2.0,4,14
2397,1231.0,20240527.0,4.0,3,51
2398,1231.0,20240527.0,4.0,2,171
2399,1231.0,20240527.0,4.0,1,56
2400,1232.0,20240527.0,2.0,1,15
2401,1232.0,20240527.0,2.0,3,32
2402,1233.0,20240527.0,2.0,4,43
2403,1233.0,20240527.0,2.0,5,23
2404,1233.0,20240527.0,2.0,1,39
2405,1234.0,20240527.0,4.0,5,4
2406,1234.0,20240527.0,4.0,4,29
2407,1235.0,20240528.0,4.0,2,135
2408,1235.0,20240528.0,4.0,1,58
2409,1236.0,20240528.0,3.0,3,14
2410,1236.0,20240528.0,3.0,6,24
2411,1236.0,20240528.0,3.0,1,14
2412,1237.0,20240528.0,3.0,2,36
2413,1237.0,20240528.0,3.0,6,96
2414,1238.0,20240528.0,3.0,4,4
2415,1238.0,20240528.0,3.0,6,60
2416,1239.0,20240528.0,1.0,1,62
2417,1239.0,20240528.0,1.0,5,18
2418,1239.0,20240528.0,1.0,6,14
2419,1240.0,20240528.0,1.0,3,74
2420,1240.0,20240528.0,1.0,2,64
2421,1240.0,20240528.0,1.0,5,11
2422,1241.0,20240529.0,3.0,6,7
2423,1241.0,20240529.0,3.0,3,32
2424,1241.0,20240529.0,3.0,2,47
2425,1242.0,20240529.0,2.0,4,116
2426,1242.0,20240529.0,2.0,1,106
2427,1243.0,20240529.0,1.0,3,92
2428,1244.0,20240529.0,1.0,1,6
2429,1244.0,20240529.0,1.0,2,31
2430,1245.0,20240529.0,3.0,6,53
2431,1246.0,20240529.0,2.0,5,106
2432,1247.0,20240529.0,2.0,6,125
2433,1248.0,20240530.0,1.0,5,33
2434,1248.0,20240530.0,1.0,6,23
2435,1249.0,20240530.0,1.0,4,38
2436,1249.0,20240530.0,1.0,2,20
2437,1249.0,20240530.0,1.0,5,77
2438,1250.0,20240530.0,1.0,3,1
2439,1250.0,20240530.0,1.0,6,19
2440,1251.0,20240530.0,3.0,6,16
2441,1251.0,20240530.0,3.0,2,7
2442,1251.0,20240530.0,3.0,5,25
2443,1252.0,20240530.0,4.0,4,195
2444,1253.0,20240530.0,4.0,6,114
2445,1254.0,20240530.0,3.0,1,121
2446,1255.0,20240531.0,3.0,2,88
2447,1256.0,20240531.0,1.0,5,137
2448,1257.0,20240531.0,4.0,2,60
2449,1258.0,20240531.0,1.0,5,117
2450,1258.0,20240531.0,1.0,1,72
2451,1259.0,20240531.0,3.0,6,73
2452,1260.0,20240531.0,1.0,6,165
2453,1261.0,20240531.0,2.0,2,153
2454,1261.0,20240531.0,2.0,5,24
2455,1261.0,20240531.0,2.0,6,1
2456,1262.0,20240531.0,4.0,2,171
2457,1263.0,20240531.0,1.0,4,15
2458,1263.0,20240531.0,1.0,2,77
2459,1264.0,20240601.0,4.0,5,143
2460,1265.0,20240601.0,1.0,1,23
2461,1265.0,20240601.0,1.0,5,62
2462,1266.0,20240601.0,4.0,3,23
2463,1266.0,20240601.0,4.0,5,83
2464,1266.0,20240601.0,4.0,4,36
2465,1267.0,20240601.0,2.0,4,146
2466,1268.0,20240601.0,2.0,6,12
2467,1268.0,20240601.0,2.0,5,81
2468,1268.0,20240601.0,2.0,2,31
2469,1269.0,20240601.0,3.0,2,61
2470,1269.0,20240601.0,3.0,3,19
2471,1269.0,20240601.0,3.0,4,30
2472,1270.0,20240601.0,1.0,4,14
2473,1270.0,20240601.0,1.0,6,62
2474,1271.0,20240601.0,4.0,6,102
2475,1272.0,20240602.0,4.0,1,13
2476,1272.0,20240602.0,4.0,2,7
2477,1273.0,20240602.0,4.0,2,92
2478,1274.0,20240602.0,3.0,1,158
2479,1274.0,20240602.0,3.0,6,5
2480,1275.0,20240602.0,4.0,4,53
2481,1275.0,20240602.0,4.0,2,143
2482,1275.0,20240602.0,4.0,6,4
2483,1276.0,20240602.0,3.0,4,62
2484,1277.0,20240602.0,2.0,6,13
2485,1277.0,20240602.0,2.0,3,102
2486,1278.0,20240603.0,4.0,3,17
2487,1278.0,20240603.0,4.0,5,83
2488,1278.0,20240603.0,4.0,1,25
2489,1279.0,20240603.0,3.0,6,1
2490,1279.0,20240603.0,3.0,2,3
2491,1280.0,20240603.0,3.0,5,39
2492,1280.0,20240603.0,3.0,6,15
2493,1280.0,20240603.0,3.0,4,2
2494,1281.0,20240603.0,2.0,3,1
2495,1281.0,20240603.0,2.0,6,83
2496,1282.0,20240603.0,2.0,5,28
2497,1282.0,20240603.0,2.0,2,19
2498,1282.0,20240603.0,2.0,1,39
2499,1283.0,20240603.0,4.0,6,144
2500,1284.0,20240603.0,1.0,2,56
2501,1284.0,20240603.0,1.0,1,31
2502,1285.0,20240603.0,3.0,4,5
2503,1285.0,20240603.0,3.0,1,21
2504,1285.0,20240603.0,3.0,5,61
2505,1286.0,20240603.0,3.0,5,133
2506,1287.0,20240603.0,3.0,6,54
2507,1288.0,20240604.0,4.0,3,130
2508,1289.0,20240604.0,2.0,2,83
2509,1289.0,20240604.0,2.0,6,31
2510,1290.0,20240604.0,1.0,3,5
2511,1290.0,20240604.0,1.0,6,31
2512,1290.0,20240604.0,1.0,1,96
2513,1291.0,20240604.0,4.0,1,130
2514,1291.0,20240604.0,4.0,6,34
2515,1292.0,20240604.0,3.0,5,43
2516,1293.0,20240604.0,1.0,1,112
2517,1293.0,20240604.0,1.0,4,71
2518,1294.0,20240604.0,4.0,3,12
2519,1294.0,20240604.0,4.0,4,66
2520,1294.0,20240604.0,4.0,2,42
2521,1295.0,20240604.0,4.0,1,56
2522,1296.0,20240604.0,3.0,3,20
2523,1296.0,20240604.0,3.0,2,23
2524,1296.0,20240604.0,3.0,6,2
2525,1297.0,20240605.0,1.0,5,30
2526,1297.0,20240605.0,1.0,2,72
2527,1298.0,20240605.0,1.0,2,53
2528,1298.0,20240605.0,1.0,1,61
2529,1299.0,20240605.0,3.0,3,16
2530,1299.0,20240605.0,3.0,6,136
2531,1300.0,20240605.0,3.0,6,7
2532,1300.0,20240605.0,3.0,1,58
2533,1300.0,20240605.0,3.0,3,4
2534,1301.0,20240605.0,1.0,5,149
2535,1302.0,20240605.0,2.0,1,165
2536,1303.0,20240605.0,4.0,4,21
2537,1303.0,20240605.0,4.0,5,15
2538,1303.0,20240605.0,4.0,3,16
2539,1304.0,20240606.0,4.0,6,6
2540,1304.0,20240606.0,4.0,4,4
2541,1305.0,20240606.0,2.0,2,93
2542,1305.0,20240606.0,2.0,1,23
2543,1306.0,20240606.0,2.0,4,192
2544,1306.0,20240606.0,2.0,2,104
2545,1307.0,20240606.0,1.0,6,116
2546,1308.0,20240606.0,4.0,4,100
2547,1309.0,20240606.0,4.0,5,34
2548,1309.0,20240606.0,4.0,3,53
2549,1310.0,20240607.0,4.0,4,52
2550,1310.0,20240607.0,4.0,6,45
2551,1311.0,20240607.0,4.0,2,46
2552,1311.0,20240607.0,4.0,3,19
2553,1312.0,20240607.0,3.0,4,76
2554,1312.0,20240607.0,3.0,2,2
2555,1313.0,20240607.0,3.0,6,26
2556,1313.0,20240607.0,3.0,1,60
2557,1314.0,20240607.0,4.0,4,127
2558,1315.0,20240607.0,4.0,1,142
2559,1316.0,20240607.0,2.0,6,325
2560,1316.0,20240607.0,2.0,2,23
2561,1317.0,20240607.0,1.0,5,112
2562,1318.0,20240607.0,3.0,5,91
2563,1318.0,20240607.0,3.0,3,10
2564,1319.0,20240607.0,4.0,2,73
2565,1320.0,20240607.0,4.0,2,56
2566,1320.0,20240607.0,4.0,4,26
2567,1320.0,20240607.0,4.0,6,29
2568,1321.0,20240608.0,2.0,6,24
2569,1321.0,20240608.0,2.0,2,120
2570,1321.0,20240608.0,2.0,3,66
2571,1322.0,20240608.0,3.0,3,56
2572,1322.0,20240608.0,3.0,5,95
2573,1323.0,20240608.0,1.0,5,83
2574,1323.0,20240608.0,1.0,3,56
2575,1323.0,20240608.0,1.0,4,19
2576,1324.0,20240608.0,3.0,3,51
2577,1324.0,20240608.0,3.0,1,38
2578,1325.0,20240608.0,2.0,4,61
2579,1325.0,20240608.0,2.0,6,121
2580,1325.0,20240608.0,2.0,2,41
2581,1326.0,20240608.0,2.0,3,247
2582,1327.0,20240608.0,3.0,5,15
2583,1327.0,20240608.0,3.0,4,6
2584,1327.0,20240608.0,3.0,1,51
2585,1328.0,20240608.0,2.0,6,91
2586,1328.0,20240608.0,2.0,1,56
2587,1329.0,20240609.0,4.0,3,4
2588,1329.0,20240609.0,4.0,4,146
2589,1330.0,20240609.0,2.0,6,65
2590,1330.0,20240609.0,2.0,4,76
2591,1331.0,20240609.0,3.0,4,39
2592,1331.0,20240609.0,3.0,3,28
2593,1332.0,20240609.0,4.0,5,189
2594,1333.0,20240609.0,1.0,4,7
2595,1333.0,20240609.0,1.0,2,25
2596,1333.0,20240609.0,1.0,1,99
2597,1334.0,20240609.0,2.0,1,96
2598,1335.0,20240609.0,4.0,3,221
2599,1336.0,20240610.0,4.0,1,173
2600,1337.0,20240610.0,4.0,4,56
2601,1337.0,20240610.0,4.0,5,45
2602,1337.0,20240610.0,4.0,6,42
2603,1338.0,20240610.0,3.0,2,98
2604,1339.0,20240610.0,4.0,6,49
2605,1340.0,20240610.0,4.0,3,202
2606,1341.0,20240610.0,3.0,3,65
2607,1342.0,20240610.0,4.0,5,26
2608,1342.0,20240610.0,4.0,3,93
2609,1343.0,20240610.0,2.0,4,134
2610,1343.0,20240610.0,2.0,6,128
2611,1344.0,20240611.0,1.0,6,7
2612,1345.0,20240611.0,1.0,5,61
2613,1346.0,20240611.0,1.0,2,94
2614,1347.0,20240611.0,3.0,3,3
2615,1347.0,20240611.0,3.0,6,35
2616,1347.0,20240611.0,3.0,1,40
2617,1348.0,20240611.0,3.0,3,75
2618,1348.0,20240611.0,3.0,2,31
2619,1349.0,20240611.0,2.0,2,219
2620,1350.0,20240611.0,1.0,1,155
2621,1351.0,20240611.0,1.0,4,125
2622,1351.0,20240611.0,1.0,2,5
2623,1352.0,20240611.0,4.0,4,59
2624,1353.0,20240611.0,1.0,6,133
2625,1354.0,20240612.0,3.0,5,49
2626,1355.0,20240612.0,1.0,2,11
2627,1355.0,20240612.0,1.0,5,54
2628,1356.0,20240612.0,1.0,4,48
2629,1356.0,20240612.0,1.0,3,18
2630,1356.0,20240612.0,1.0,2,63
2631,1357.0,20240612.0,1.0,1,149
2632,1358.0,20240612.0,2.0,1,15
2633,1358.0,20240612.0,2.0,6,20
2634,1358.0,20240612.0,2.0,4,250
2635,1359.0,20240612.0,1.0,2,54
2636,1360.0,20240612.0,1.0,4,58
2637,1360.0,20240612.0,1.0,5,5
2638,1361.0,20240612.0,4.0,4,76
2639,1362.0,20240612.0,3.0,3,35
2640,1363.0,20240613.0,3.0,3,52
2641,1363.0,20240613.0,3.0,2,28
2642,1364.0,20240613.0,3.0,1,114
2643,1364.0,20240613.0,3.0,5,12
2644,1365.0,20240613.0,2.0,3,40
2645,1365.0,20240613.0,2.0,4,116
2646,1366.0,20240613.0,1.0,6,51
2647,1367.0,20240613.0,4.0,2,104
2648,1368.0,20240613.0,2.0,5,162
2649,1368.0,20240613.0,2.0,1,62
2650,1369.0,20240613.0,3.0,3,125
2651,1370.0,20240613.0,2.0,1,91
2652,1370.0,20240613.0,2.0,5,6
2653,1370.0,20240613.0,2.0,6,159
2654,1371.0,20240613.0,2.0,5,11
2655,1372.0,20240614.0,2.0,4,66
2656,1372.0,20240614.0,2.0,1,94
2657,1373.0,20240614.0,1.0,4,5
2658,1373.0,20240614.0,1.0,1,1
2659,1373.0,20240614.0,1.0,2,106
2660,1374.0,20240614.0,2.0,5,27
2661,1374.0,20240614.0,2.0,4,13
2662,1374.0,20240614.0,2.0,2,319
2663,1375.0,20240614.0,4.0,5,91
2664,1375.0,20240614.0,4.0,3,22
2665,1376.0,20240614.0,4.0,1,117
2666,1376.0,20240614.0,4.0,5,10
2667,1377.0,20240614.0,2.0,6,6
2668,1377.0,20240614.0,2.0,5,113
2669,1378.0,20240614.0,3.0,1,101
2670,1379.0,20240614.0,2.0,1,80
2671,1379.0,20240614.0,2.0,6,123
2672,1380.0,20240614.0,3.0,6,22
2673,1380.0,20240614.0,3.0,2,76
2674,1381.0,20240615.0,4.0,6,17
2675,1381.0,20240615.0,4.0,5,72
2676,1381.0,20240615.0,4.0,3,10
2677,1382.0,20240615.0,3.0,3,42
2678,1382.0,20240615.0,3.0,5,73
2679,1382.0,20240615.0,3.0,2,6
2680,1383.0,20240615.0,3.0,5,125
2681,1384.0,20240615.0,2.0,6,50
2682,1384.0,20240615.0,2.0,2,65
2683,1384.0,20240615.0,2.0,4,11
2684,1385.0,20240615.0,3.0,6,86
2685,1385.0,20240615.0,3.0,3,15
2686,1386.0,20240615.0,3.0,6,1
2687,1386.0,20240615.0,3.0,2,104
2688,1386.0,20240615.0,3.0,4,13
2689,1387.0,20240615.0,4.0,1,69
2690,1388.0,20240615.0,4.0,3,8
2691,1388.0,20240615.0,4.0,4,162
2692,1389.0,20240616.0,3.0,4,5
2693,1389.0,20240616.0,3.0,1,8
2694,1389.0,20240616.0,3.0,3,77
2695,1390.0,20240616.0,3.0,5,70
2696,1391.0,20240616.0,2.0,1,30
2697,1391.0,20240616.0,2.0,3,29
2698,1391.0,20240616.0,2.0,4,145
2699,1392.0,20240616.0,4.0,6,224
2700,1393.0,20240616.0,4.0,6,13
2701,1393.0,20240616.0,4.0,3,165
2702,1394.0,20240616.0,1.0,4,140
2703,1395.0,20240616.0,2.0,4,64
2704,1395.0,20240616.0,2.0,6,48
2705,1396.0,20240616.0,4.0,4,122
2706,1396.0,20240616.0,4.0,2,11
2707,1396.0,20240616.0,4.0,1,31
2708,1397.0,20240617.0,2.0,6,247
2709,1398.0,20240617.0,3.0,5,109
2710,1399.0,20240617.0,2.0,5,11
2711,1399.0,20240617.0,2.0,3,25
2712,1399.0,20240617.0,2.0,6,109
2713,1400.0,20240617.0,1.0,5,2
2714,1400.0,20240617.0,1.0,6,12
2715,1401.0,20240617.0,2.0,5,137
2716,1401.0,20240617.0,2.0,1,25
2717,1402.0,20240617.0,4.0,5,143
2718,1403.0,20240617.0,4.0,2,17
2719,1403.0,20240617.0,4.0,3,17
2720,1403.0,20240617.0,4.0,6,112
2721,1404.0,20240617.0,2.0,5,90
2722,1404.0,20240617.0,2.0,2,96
2723,1405.0,20240617.0,1.0,1,69
2724,1405.0,20240617.0,1.0,5,86
2725,1406.0,20240618.0,2.0,1,82
2726,1406.0,20240618.0,2.0,2,35
2727,1407.0,20240618.0,4.0,1,30
2728,1407.0,20240618.0,4.0,2,77
2729,1407.0,20240618.0,4.0,5,73
2730,1408.0,20240618.0,2.0,5,17
2731,1408.0,20240618.0,2.0,1,131
2732,1409.0,20240618.0,3.0,3,78
2733,1409.0,20240618.0,3.0,4,7
2734,1409.0,20240618.0,3.0,6,27
2735,1410.0,20240618.0,1.0,1,47
2736,1410.0,20240618.0,1.0,3,8
2737,1411.0,20240618.0,4.0,6,55
2738,1411.0,20240618.0,4.0,3,55
2739,1412.0,20240619.0,1.0,5,1
2740,1412.0,20240619.0,1.0,1,109
2741,1412.0,20240619.0,1.0,2,62
2742,1413.0,20240619.0,3.0,6,7
2743,1413.0,20240619.0,3.0,3,13
2744,1413.0,20240619.0,3.0,1,36
2745,1414.0,20240619.0,2.0,4,154
2746,1414.0,20240619.0,2.0,6,148
2747,1414.0,20240619.0,2.0,3,7
2748,1415.0,20240619.0,1.0,5,21
2749,1415.0,20240619.0,1.0,4,151
2750,1416.0,20240619.0,4.0,6,38
2751,1417.0,20240619.0,3.0,5,48
2752,1418.0,20240619.0,4.0,2,218
2753,1419.0,20240619.0,3.0,2,73
2754,1420.0,20240619.0,4.0,4,72
2755,1420.0,20240619.0,4.0,1,60
2756,1421.0,20240619.0,1.0,5,25
2757,1421.0,20240619.0,1.0,3,40
2758,1421.0,20240619.0,1.0,4,97
2759,1422.0,20240620.0,2.0,1,28
2760,1422.0,20240620.0,2.0,2,26
2761,1422.0,20240620.0,2.0,3,100
2762,1423.0,20240620.0,2.0,6,157
2763,1424.0,20240620.0,2.0,1,168
2764,1425.0,20240620.0,3.0,6,105
2765,1426.0,20240620.0,4.0,1,16
2766,1426.0,20240620.0,4.0,4,90
2767,1427.0,20240620.0,4.0,6,9
2768,1427.0,20240620.0,4.0,5,111
2769,1427.0,20240620.0,4.0,1,14
2770,1428.0,20240621.0,1.0,6,84
2771,1429.0,20240621.0,4.0,4,6
2772,1429.0,20240621.0,4.0,2,160
2773,1430.0,20240621.0,3.0,5,39
2774,1430.0,20240621.0,3.0,1,11
2775,1431.0,20240621.0,2.0,6,54
2776,1431.0,20240621.0,2.0,4,106
2777,1432.0,20240621.0,4.0,3,9
2778,1432.0,20240621.0,4.0,6,134
2779,1433.0,20240621.0,4.0,1,173
2780,1434.0,20240621.0,4.0,2,62
2781,1434.0,20240621.0,4.0,6,62
2782,1435.0,20240622.0,1.0,5,26
2783,1435.0,20240622.0,1.0,1,77
2784,1436.0,20240622.0,3.0,2,64
2785,1437.0,20240622.0,4.0,6,36
2786,1437.0,20240622.0,4.0,5,92
2787,1437.0,20240622.0,4.0,2,44
2788,1438.0,20240622.0,3.0,4,23
2789,1438.0,20240622.0,3.0,5,6
2790,1438.0,20240622.0,3.0,3,5
2791,1439.0,20240622.0,3.0,5,42
2792,1439.0,20240622.0,3.0,4,8
2793,1439.0,20240622.0,3.0,3,34
2794,1440.0,20240622.0,2.0,1,72
2795,1440.0,20240622.0,2.0,4,121
2796,1441.0,20240622.0,4.0,5,4
2797,1441.0,20240622.0,4.0,1,4
2798,1442.0,20240623.0,4.0,4,19
2799,1442.0,20240623.0,4.0,2,14
2800,1442.0,20240623.0,4.0,1,67
2801,1443.0,20240623.0,4.0,4,131
2802,1444.0,20240623.0,3.0,2,28
2803,1445.0,20240623.0,4.0,5,246
2804,1446.0,20240623.0,4.0,5,101
2805,1446.0,20240623.0,4.0,4,112
2806,1447.0,20240623.0,3.0,3,86
2807,1448.0,20240623.0,4.0,6,47
2808,1448.0,20240623.0,4.0,1,10
2809,1449.0,20240624.0,2.0,1,14
2810,1449.0,20240624.0,2.0,4,114
2811,1449.0,20240624.0,2.0,3,49
2812,1450.0,20240624.0,4.0,4,150
2813,1450.0,20240624.0,4.0,2,66
2814,1451.0,20240624.0,3.0,2,13
2815,1451.0,20240624.0,3.0,3,113
2816,1452.0,20240624.0,3.0,2,33
2817,1452.0,20240624.0,3.0,4,23
2818,1452.0,20240624.0,3.0,6,16
2819,1453.0,20240624.0,3.0,6,108
2820,1453.0,20240624.0,3.0,1,18
2821,1454.0,20240624.0,4.0,2,7
2822,1454.0,20240624.0,4.0,6,29
2823,1454.0,20240624.0,4.0,4,62
2824,1455.0,20240624.0,3.0,4,16
2825,1455.0,20240624.0,3.0,1,83
2826,1456.0,20240624.0,1.0,5,158
2827,1457.0,20240624.0,3.0,6,61
2828,1458.0,20240624.0,1.0,2,183
2829,1459.0,20240625.0,1.0,6,92
2830,1460.0,20240625.0,4.0,1,26
2831,1460.0,20240625.0,4.0,6,143
2832,1461.0,20240625.0,4.0,1,40
2833,1461.0,20240625.0,4.0,4,103
2834,1462.0,20240625.0,1.0,1,3
2835,1462.0,20240625.0,1.0,3,107
2836,1463.0,20240625.0,1.0,2,79
2837,1463.0,20240625.0,1.0,4,68
2838,1464.0,20240625.0,2.0,6,50
2839,1464.0,20240625.0,2.0,5,129
2840,1465.0,20240625.0,4.0,5,77
2841,1466.0,20240626.0,2.0,1,95
2842,1467.0,20240626.0,2.0,2,201
2843,1467.0,20240626.0,2.0,4,132
2844,1468.0,20240626.0,1.0,1,34
2845,1468.0,20240626.0,1.0,2,78
2846,1468.0,20240626.0,1.0,6,13
2847,1469.0,20240626.0,1.0,4,125
2848,1469.0,20240626.0,1.0,6,25
2849,1469.0,20240626.0,1.0,3,11
2850,1470.0,20240626.0,1.0,3,62
2851,1470.0,20240626.0,1.0,6,135
2852,1471.0,20240626.0,1.0,1,114
2853,1472.0,20240626.0,4.0,2,98
2854,1473.0,20240627.0,2.0,5,159
2855,1473.0,20240627.0,2.0,4,42
2856,1473.0,20240627.0,2.0,6,35
2857,1474.0,20240627.0,3.0,4,32
2858,1474.0,20240627.0,3.0,1,30
2859,1474.0,20240627.0,3.0,3,14
2860,1475.0,20240627.0,4.0,5,166
2861,1476.0,20240627.0,3.0,6,67
2862,1477.0,20240627.0,2.0,3,62
2863,1478.0,20240627.0,1.0,3,42
2864,1478.0,20240627.0,1.0,5,27
2865,1478.0,20240627.0,1.0,6,4
2866,1479.0,20240628.0,1.0,3,63
2867,1479.0,20240628.0,1.0,5,78
2868,1480.0,20240628.0,4.0,4,28
2869,1481.0,20240628.0,2.0,3,152
2870,1482.0,20240628.0,2.0,5,99
2871,1482.0,20240628.0,2.0,1,15
2872,1483.0,20240628.0,4.0,6,141
2873,1484.0,20240628.0,1.0,1,37
2874,1484.0,20240628.0,1.0,4,35
2875,1484.0,20240628.0,1.0,3,23
2876,1485.0,20240629.0,1.0,2,66
2877,1486.0,20240629.0,4.0,2,251
2878,1487.0,20240629.0,2.0,6,32
2879,1487.0,20240629.0,2.0,3,54
2880,1488.0,20240629.0,2.0,1,132
2881,1488.0,20240629.0,2.0,4,35
2882,1489.0,20240629.0,1.0,6,18
2883,1489.0,20240629.0,1.0,2,22
2884,1490.0,20240629.0,2.0,2,152
2885,1491.0,20240629.0,3.0,6,70
2886,1492.0,20240629.0,1.0,2,105
2887,1493.0,20240629.0,2.0,5,217
2888,1493.0,20240629.0,2.0,3,61
2889,1494.0,20240630.0,3.0,1,111
2890,1495.0,20240630.0,3.0,2,83
2891,1495.0,20240630.0,3.0,3,1
2892,1496.0,20240630.0,3.0,6,35
2893,1496.0,20240630.0,3.0,2,91
2894,1497.0,20240630.0,2.0,1,188
2895,1497.0,20240630.0,2.0,6,47
2896,1498.0,20240630.0,4.0,3,117
2897,1498.0,20240630.0,4.0,4,80
2898,1499.0,20240630.0,1.0,2,122
2899,1500.0,20240630.0,1.0,5,141
2900,1501.0,20240630.0,2.0,5,117
2901,1501.0,20240630.0,2.0,1,123
2902,1502.0,20240630.0,2.0,3,55
2903,1502.0,20240630.0,2.0,5,44
2904,1502.0,20240630.0,2.0,1,148
2905,1503.0,20240630.0,1.0,3,132
2906,1504.0,20240701.0,3.0,6,39
2907,1504.0,20240701.0,3.0,3,30
2908,1505.0,20240701.0,2.0,4,105
2909,1505.0,20240701.0,2.0,6,82
2910,1506.0,20240701.0,3.0,6,47
2911,1506.0,20240701.0,3.0,1,49
2912,1507.0,20240701.0,1.0,3,149
2913,1507.0,20240701.0,1.0,4,62
2914,1508.0,20240701.0,3.0,1,61
2915,1509.0,20240701.0,3.0,3,25
2916,1509.0,20240701.0,3.0,5,38
2917,1509.0,20240701.0,3.0,4,10
2918,1510.0,20240701.0,1.0,3,64
2919,1511.0,20240701.0,1.0,2,113
2920,1512.0,20240701.0,1.0,2,37
2921,1512.0,20240701.0,1.0,3,81
2922,1513.0,20240702.0,3.0,5,74
2923,1513.0,20240702.0,3.0,6,10
2924,1514.0,20240702.0,1.0,1,154
2925,1515.0,20240702.0,4.0,6,15
2926,1515.0,20240702.0,4.0,2,58
2927,1516.0,20240702.0,1.0,1,76
2928,1517.0,20240702.0,3.0,2,95
2929,1518.0,20240702.0,2.0,5,60
2930,1518.0,20240702.0,2.0,6,151
2931,1519.0,20240702.0,3.0,3,1
2932,1519.0,20240702.0,3.0,4,121
2933,1520.0,20240702.0,4.0,6,108
2934,1521.0,20240702.0,4.0,1,92
2935,1521.0,20240702.0,4.0,4,35
2936,1522.0,20240702.0,4.0,6,144
2937,1523.0,20240703.0,4.0,3,17
2938,1523.0,20240703.0,4.0,4,57
2939,1524.0,20240703.0,1.0,3,4
2940,1524.0,20240703.0,1.0,5,34
2941,1524.0,20240703.0,1.0,4,35
2942,1525.0,20240703.0,4.0,2,137
2943,1525.0,20240703.0,4.0,5,30
2944,1525.0,20240703.0,4.0,3,88
2945,1526.0,20240703.0,2.0,1,28
2946,1526.0,20240703.0,2.0,6,95
2947,1527.0,20240703.0,4.0,2,11
2948,1527.0,20240703.0,4.0,3,76
2949,1528.0,20240703.0,3.0,3,91
2950,1529.0,20240703.0,3.0,1,96
2951,1530.0,20240703.0,3.0,1,79
2952,1530.0,20240703.0,3.0,4,26
2953,1530.0,20240703.0,3.0,6,4
2954,1531.0,20240704.0,1.0,2,126
2955,1531.0,20240704.0,1.0,1,30
2956,1532.0,20240704.0,3.0,6,19
2957,1532.0,20240704.0,3.0,2,22
2958,1532.0,20240704.0,3.0,1,8
2959,1533.0,20240704.0,4.0,3,171
2960,1534.0,20240704.0,4.0,1,133
2961,1535.0,20240704.0,1.0,4,16
2962,1535.0,20240704.0,1.0,2,36
2963,1536.0,20240704.0,4.0,1,115
2964,1537.0,20240704.0,3.0,6,10
2965,1537.0,20240704.0,3.0,1,44
2966,1537.0,20240704.0,3.0,2,7
2967,1538.0,20240704.0,4.0,6,29
2968,1538.0,20240704.0,4.0,4,64
2969,1538.0,20240704.0,4.0,5,18
2970,1539.0,20240704.0,4.0,4,26
2971,1539.0,20240704.0,4.0,3,42
2972,1539.0,20240704.0,4.0,1,113
2973,1540.0,20240704.0,2.0,6,46
2974,1540.0,20240704.0,2.0,4,11
2975,1540.0,20240704.0,2.0,2,92
2976,1541.0,20240704.0,1.0,4,5
2977,1541.0,20240704.0,1.0,1,29
2978,1541.0,20240704.0,1.0,6,2
2979,1542.0,20240705.0,1.0,1,10
2980,1542.0,20240705.0,1.0,3,97
2981,1543.0,20240705.0,4.0,1,33
2982,1543.0,20240705.0,4.0,5,30
2983,1544.0,20240705.0,2.0,1,122
2984,1544.0,20240705.0,2.0,3,80
2985,1545.0,20240705.0,1.0,2,68
2986,1545.0,20240705.0,1.0,6,60
2987,1546.0,20240705.0,4.0,3,69
2988,1546.0,20240705.0,4.0,1,46
2989,1547.0,20240705.0,4.0,3,55
2990,1547.0,20240705.0,4.0,2,12
2991,1548.0,20240705.0,4.0,3,91
2992,1549.0,20240705.0,2.0,6,8
2993,1549.0,20240705.0,2.0,1,268
2994,1550.0,20240705.0,4.0,6,92
2995,1551.0,20240705.0,4.0,1,77
2996,1551.0,20240705.0,4.0,5,45
2997,1552.0,20240705.0,4.0,4,104
2998,1553.0,20240706.0,2.0,1,90
2999,1553.0,20240706.0,2.0,4,25
3000,1553.0,20240706.0,2.0,2,71
3001,1554.0,20240706.0,1.0,6,78
3002,1555.0,20240706.0,3.0,4,32
3003,1555.0,20240706.0,3.0,2,30
3004,1555.0,20240706.0,3.0,3,22
3005,1556.0,20240706.0,1.0,2,22
3006,1556.0,20240706.0,1.0,4,46
3007,1556.0,20240706.0,1.0,5,72
3008,1557.0,20240706.0,4.0,3,135
3009,1558.0,20240706.0,2.0,3,244
3010,1558.0,20240706.0,2.0,1,28
3011,1558.0,20240706.0,2.0,6,14
3012,1559.0,20240706.0,2.0,3,108
3013,1560.0,20240706.0,1.0,1,18
3014,1560.0,20240706.0,1.0,6,46
3015,1560.0,20240706.0,1.0,2,42
3016,1561.0,20240707.0,1.0,3,48
3017,1561.0,20240707.0,1.0,2,7
3018,1561.0,20240707.0,1.0,1,18
3019,1562.0,20240707.0,1.0,6,30
3020,1562.0,20240707.0,1.0,1,22
3021,1562.0,20240707.0,1.0,2,67
3022,1563.0,20240707.0,2.0,6,160
3023,1563.0,20240707.0,2.0,4,193
3024,1563.0,20240707.0,2.0,2,20
3025,1564.0,20240707.0,1.0,1,66
3026,1565.0,20240707.0,3.0,5,155
3027,1566.0,20240707.0,2.0,2,273
3028,1567.0,20240707.0,2.0,3,31
3029,1567.0,20240707.0,2.0,6,184
3030,1568.0,20240707.0,4.0,3,58
3031,1569.0,20240707.0,1.0,1,69
3032,1569.0,20240707.0,1.0,5,9
3033,1569.0,20240707.0,1.0,6,80
3034,1570.0,20240708.0,2.0,5,25
3035,1570.0,20240708.0,2.0,3,122
3036,1570.0,20240708.0,2.0,1,7
3037,1571.0,20240708.0,1.0,2,125
3038,1571.0,20240708.0,1.0,1,28
3039,1572.0,20240708.0,4.0,5,37
3040,1572.0,20240708.0,4.0,3,106
3041,1572.0,20240708.0,4.0,2,3
3042,1573.0,20240708.0,2.0,6,95
3043,1573.0,20240708.0,2.0,3,180
3044,1573.0,20240708.0,2.0,4,24
3045,1574.0,20240708.0,4.0,2,16
3046,1574.0,20240708.0,4.0,1,26
3047,1574.0,20240708.0,4.0,4,74
3048,1575.0,20240708.0,1.0,1,25
3049,1575.0,20240708.0,1.0,4,16
3050,1575.0,20240708.0,1.0,5,19
3051,1576.0,20240708.0,4.0,3,82
3052,1576.0,20240708.0,4.0,5,16
3053,1576.0,20240708.0,4.0,6,25
3054,1577.0,20240709.0,3.0,1,114
3055,1578.0,20240709.0,3.0,1,49
3056,1578.0,20240709.0,3.0,4,7
3057,1579.0,20240709.0,2.0,3,4
3058,1579.0,20240709.0,2.0,1,119
3059,1580.0,20240709.0,2.0,2,42
3060,1580.0,20240709.0,2.0,4,57
3061,1580.0,20240709.0,2.0,5,55
3062,1581.0,20240709.0,4.0,6,28
3063,1581.0,20240709.0,4.0,2,4
3064,1581.0,20240709.0,4.0,1,3
3065,1582.0,20240709.0,4.0,1,67
3066,1582.0,20240709.0,4.0,2,62
3067,1582.0,20240709.0,4.0,4,21
3068,1583.0,20240709.0,4.0,4,42
3069,1583.0,20240709.0,4.0,2,58
3070,1583.0,20240709.0,4.0,5,42
3071,1584.0,20240709.0,4.0,5,90
3072,1585.0,20240709.0,3.0,1,75
3073,1586.0,20240709.0,2.0,5,128
3074,1586.0,20240709.0,2.0,4,80
3075,1587.0,20240709.0,2.0,4,262
3076,1588.0,20240710.0,1.0,2,41
3077,1588.0,20240710.0,1.0,1,2
3078,1588.0,20240710.0,1.0,6,42
3079,1589.0,20240710.0,1.0,3,94
3080,1589.0,20240710.0,1.0,6,7
3081,1589.0,20240710.0,1.0,4,10
3082,1590.0,20240710.0,2.0,1,115
3083,1591.0,20240710.0,1.0,1,35
3084,1591.0,20240710.0,1.0,5,35
3085,1591.0,20240710.0,1.0,6,49
3086,1592.0,20240710.0,3.0,5,94
3087,1592.0,20240710.0,3.0,1,12
3088,1593.0,20240710.0,4.0,4,207
3089,1594.0,20240710.0,3.0,4,54
3090,1594.0,20240710.0,3.0,6,65
3091,1595.0,20240711.0,4.0,3,124
3092,1595.0,20240711.0,4.0,2,25
3093,1596.0,20240711.0,3.0,6,13
3094,1596.0,20240711.0,3.0,3,5
3095,1596.0,20240711.0,3.0,4,66
3096,1597.0,20240711.0,3.0,4,109
3097,1598.0,20240711.0,2.0,4,93
3098,1598.0,20240711.0,2.0,2,54
3099,1599.0,20240711.0,3.0,6,22
3100,1599.0,20240711.0,3.0,1,13
3101,1600.0,20240711.0,4.0,5,152
3102,1601.0,20240712.0,2.0,1,214
3103,1602.0,20240712.0,3.0,2,60
3104,1603.0,20240712.0,2.0,3,46
3105,1604.0,20240712.0,4.0,4,150
3106,1604.0,20240712.0,4.0,6,31
3107,1605.0,20240712.0,4.0,1,138
3108,1605.0,20240712.0,4.0,3,23
3109,1606.0,20240712.0,1.0,5,26
3110,1606.0,20240712.0,1.0,1,13
3111,1607.0,20240712.0,1.0,1,137
3112,1608.0,20240713.0,3.0,1,70
3113,1609.0,20240713.0,4.0,3,4
3114,1609.0,20240713.0,4.0,5,76
3115,1609.0,20240713.0,4.0,4,34
3116,1610.0,20240713.0,2.0,4,261
3117,1610.0,20240713.0,2.0,1,29
3118,1611.0,20240713.0,3.0,6,44
3119,1611.0,20240713.0,3.0,4,5
3120,1611.0,20240713.0,3.0,3,24
3121,1612.0,20240713.0,2.0,2,5
3122,1612.0,20240713.0,2.0,4,53
3123,1612.0,20240713.0,2.0,1,46
3124,1613.0,20240713.0,1.0,4,121
3125,1613.0,20240713.0,1.0,1,19
3126,1614.0,20240713.0,2.0,6,3
3127,1614.0,20240713.0,2.0,3,141
3128,1614.0,20240713.0,2.0,1,172
3129,1615.0,20240713.0,3.0,1,33
3130,1615.0,20240713.0,3.0,3,29
3131,1615.0,20240713.0,3.0,2,84
3132,1616.0,20240713.0,1.0,3,162
3133,1617.0,20240713.0,3.0,5,48
3134,1618.0,20240713.0,4.0,5,36
3135,1618.0,20240713.0,4.0,3,11
3136,1619.0,20240714.0,1.0,3,110
3137,1620.0,20240714.0,4.0,6,67
3138,1620.0,20240714.0,4.0,1,54
3139,1621.0,20240714.0,3.0,1,48
3140,1621.0,20240714.0,3.0,2,2
3141,1621.0,20240714.0,3.0,3,55
3142,1622.0,20240714.0,3.0,1,15
3143,1622.0,20240714.0,3.0,6,56
3144,1622.0,20240714.0,3.0,2,1
3145,1623.0,20240714.0,3.0,5,58
3146,1623.0,20240714.0,3.0,1,32
3147,1623.0,20240714.0,3.0,2,7
3148,1624.0,20240714.0,4.0,1,42
3149,1624.0,20240714.0,4.0,4,24
3150,1624.0,20240714.0,4.0,5,92
3151,1625.0,20240714.0,3.0,1,61
3152,1626.0,20240714.0,3.0,3,74
3153,1627.0,20240714.0,4.0,3,81
3154,1627.0,20240714.0,4.0,2,33
3155,1627.0,20240714.0,4.0,5,48
3156,1628.0,20240715.0,1.0,3,8
3157,1628.0,20240715.0,1.0,4,155
3158,1628.0,20240715.0,1.0,2,27
3159,1629.0,20240715.0,2.0,6,86
3160,1629.0,20240715.0,2.0,5,64
3161,1629.0,20240715.0,2.0,4,1
3162,1630.0,20240715.0,1.0,6,2
3163,1630.0,20240715.0,1.0,5,102
3164,1630.0,20240715.0,1.0,1,3
3165,1631.0,20240715.0,4.0,5,119
3166,1632.0,20240715.0,1.0,6,68
3167,1632.0,20240715.0,1.0,4,7
3168,1632.0,20240715.0,1.0,3,31
3169,1633.0,20240715.0,1.0,3,7
3170,1633.0,20240715.0,1.0,1,83
3171,1633.0,20240715.0,1.0,4,85
3172,1634.0,20240715.0,1.0,5,86
3173,1635.0,20240715.0,3.0,1,43
3174,1635.0,20240715.0,3.0,4,22
3175,1635.0,20240715.0,3.0,2,21
3176,1636.0,20240715.0,2.0,3,77
3177,1636.0,20240715.0,2.0,5,23
3178,1637.0,20240715.0,1.0,4,8
3179,1637.0,20240715.0,1.0,1,81
3180,1638.0,20240716.0,3.0,3,28
3181,1638.0,20240716.0,3.0,5,72
3182,1638.0,20240716.0,3.0,1,1
3183,1639.0,20240716.0,1.0,3,164
3184,1639.0,20240716.0,1.0,2,28
3185,1640.0,20240716.0,3.0,2,97
3186,1641.0,20240716.0,1.0,5,132
3187,1641.0,20240716.0,1.0,4,25
3188,1642.0,20240716.0,2.0,2,2
3189,1642.0,20240716.0,2.0,1,78
3190,1643.0,20240716.0,1.0,2,41
3191,1643.0,20240716.0,1.0,4,4
3192,1644.0,20240716.0,1.0,4,179
3193,1645.0,20240717.0,3.0,5,43
3194,1645.0,20240717.0,3.0,2,50
3195,1646.0,20240717.0,1.0,6,104
3196,1647.0,20240717.0,4.0,4,153
3197,1648.0,20240717.0,4.0,2,83
3198,1648.0,20240717.0,4.0,4,5
3199,1649.0,20240717.0,3.0,3,34
3200,1649.0,20240717.0,3.0,2,39
3201,1650.0,20240717.0,4.0,1,59
3202,1650.0,20240717.0,4.0,6,68
3203,1651.0,20240718.0,1.0,3,49
3204,1651.0,20240718.0,1.0,4,16
3205,1652.0,20240718.0,4.0,3,44
3206,1652.0,20240718.0,4.0,1,64
3207,1653.0,20240718.0,1.0,6,74
3208,1653.0,20240718.0,1.0,1,52
3209,1654.0,20240718.0,3.0,3,76
3210,1654.0,20240718.0,3.0,1,11
3211,1654.0,20240718.0,3.0,2,3
3212,1655.0,20240718.0,4.0,2,32
3213,1655.0,20240718.0,4.0,4,62
3214,1655.0,20240718.0,4.0,6,111
3215,1656.0,20240718.0,3.0,3,100
3216,1656.0,20240718.0,3.0,1,29
3217,1657.0,20240718.0,1.0,3,84
3218,1657.0,20240718.0,1.0,6,60
3219,1657.0,20240718.0,1.0,2,3
3220,1658.0,20240718.0,1.0,4,109
3221,1658.0,20240718.0,1.0,6,64
3222,1659.0,20240718.0,1.0,6,1
3223,1659.0,20240718.0,1.0,4,41
3224,1659.0,20240718.0,1.0,2,10
3225,1660.0,20240718.0,2.0,5,30
3226,1660.0,20240718.0,2.0,3,160
3227,1661.0,20240718.0,2.0,6,81
3228,1662.0,20240719.0,3.0,4,26
3229,1662.0,20240719.0,3.0,5,12
3230,1662.0,20240719.0,3.0,6,92
3231,1663.0,20240719.0,2.0,3,127
3232,1663.0,20240719.0,2.0,6,33
3233,1663.0,20240719.0,2.0,2,16
3234,1664.0,20240719.0,4.0,1,90
3235,1664.0,20240719.0,4.0,6,101
3236,1665.0,20240719.0,2.0,4,73
3237,1665.0,20240719.0,2.0,6,30
3238,1665.0,20240719.0,2.0,3,39
3239,1666.0,20240719.0,3.0,5,52
3240,1667.0,20240719.0,4.0,3,88
3241,1667.0,20240719.0,4.0,2,54
3242,1668.0,20240719.0,1.0,6,32
3243,1668.0,20240719.0,1.0,1,39
3244,1668.0,20240719.0,1.0,5,38
3245,1669.0,20240719.0,1.0,1,109
3246,1670.0,20240719.0,2.0,6,41
3247,1670.0,20240719.0,2.0,1,32
3248,1670.0,20240719.0,2.0,2,58
3249,1671.0,20240719.0,2.0,6,64
3250,1671.0,20240719.0,2.0,5,14
3251,1672.0,20240719.0,1.0,1,123
3252,1673.0,20240720.0,4.0,3,15
3253,1673.0,20240720.0,4.0,5,48
3254,1673.0,20240720.0,4.0,1,20
3255,1674.0,20240720.0,2.0,3,32
3256,1674.0,20240720.0,2.0,2,55
3257,1674.0,20240720.0,2.0,6,38
3258,1675.0,20240720.0,4.0,3,14
3259,1675.0,20240720.0,4.0,2,10
3260,1675.0,20240720.0,4.0,6,89
3261,1676.0,20240720.0,1.0,2,29
3262,1676.0,20240720.0,1.0,5,118
3263,1677.0,20240720.0,4.0,2,161
3264,1678.0,20240720.0,3.0,1,73
3265,1678.0,20240720.0,3.0,5,5
3266,1679.0,20240720.0,1.0,1,35
3267,1679.0,20240720.0,1.0,3,11
3268,1679.0,20240720.0,1.0,2,13
3269,1680.0,20240721.0,2.0,5,255
3270,1680.0,20240721.0,2.0,4,7
3271,1681.0,20240721.0,4.0,6,49
3272,1681.0,20240721.0,4.0,3,130
3273,1682.0,20240721.0,4.0,3,11
3274,1682.0,20240721.0,4.0,5,70
3275,1682.0,20240721.0,4.0,4,43
3276,1683.0,20240721.0,1.0,6,92
3277,1683.0,20240721.0,1.0,5,70
3278,1684.0,20240721.0,3.0,4,78
3279,1685.0,20240721.0,1.0,4,32
3280,1685.0,20240721.0,1.0,1,26
3281,1685.0,20240721.0,1.0,3,23
3282,1686.0,20240721.0,2.0,2,102
3283,1686.0,20240721.0,2.0,4,250
3284,1687.0,20240722.0,4.0,6,4
3285,1687.0,20240722.0,4.0,5,4
3286,1688.0,20240722.0,4.0,6,14
3287,1688.0,20240722.0,4.0,4,19
3288,1688.0,20240722.0,4.0,5,87
3289,1689.0,20240722.0,3.0,4,108
3290,1690.0,20240722.0,3.0,4,122
3291,1690.0,20240722.0,3.0,1,22
3292,1690.0,20240722.0,3.0,6,17
3293,1691.0,20240722.0,1.0,4,105
3294,1692.0,20240722.0,1.0,6,133
3295,1693.0,20240722.0,2.0,2,76
3296,1693.0,20240722.0,2.0,6,44
3297,1693.0,20240722.0,2.0,1,8
3298,1694.0,20240722.0,4.0,5,160
3299,1695.0,20240722.0,3.0,3,2
3300,1695.0,20240722.0,3.0,6,2
3301,1696.0,20240722.0,2.0,5,32
3302,1697.0,20240723.0,2.0,4,169
3303,1698.0,20240723.0,1.0,6,126
3304,1699.0,20240723.0,2.0,2,125
3305,1700.0,20240723.0,2.0,6,211
3306,1701.0,20240723.0,3.0,4,86
3307,1702.0,20240723.0,4.0,3,21
3308,1702.0,20240723.0,4.0,2,55
3309,1702.0,20240723.0,4.0,4,48
3310,1703.0,20240723.0,1.0,5,119
3311,1704.0,20240724.0,2.0,4,179
3312,1705.0,20240724.0,4.0,5,112
3313,1706.0,20240724.0,1.0,1,89
3314,1707.0,20240724.0,3.0,3,5
3315,1707.0,20240724.0,3.0,6,56
3316,1707.0,20240724.0,3.0,1,32
3317,1708.0,20240724.0,4.0,3,65
3318,1708.0,20240724.0,4.0,5,36
3319,1709.0,20240724.0,3.0,1,14
3320,1709.0,20240724.0,3.0,4,19
3321,1709.0,20240724.0,3.0,6,80
3322,1710.0,20240724.0,4.0,6,19
3323,1710.0,20240724.0,4.0,5,142
3324,1710.0,20240724.0,4.0,4,4
3325,1711.0,20240724.0,2.0,6,119
3326,1711.0,20240724.0,2.0,4,111
3327,1712.0,20240724.0,3.0,5,3
3328,1712.0,20240724.0,3.0,1,91
3329,1712.0,20240724.0,3.0,2,48
3330,1713.0,20240724.0,1.0,3,130
3331,1714.0,20240725.0,2.0,5,24
3332,1715.0,20240725.0,4.0,4,179
3333,1716.0,20240725.0,1.0,4,74
3334,1717.0,20240725.0,3.0,2,15
3335,1717.0,20240725.0,3.0,3,46
3336,1717.0,20240725.0,3.0,1,2
3337,1718.0,20240725.0,1.0,6,97
3338,1718.0,20240725.0,1.0,1,76
3339,1719.0,20240725.0,2.0,4,293
3340,1720.0,20240725.0,4.0,5,98
3341,1721.0,20240725.0,4.0,3,82
3342,1721.0,20240725.0,4.0,1,3
3343,1721.0,20240725.0,4.0,5,4
3344,1722.0,20240725.0,4.0,5,35
3345,1722.0,20240725.0,4.0,1,41
3346,1722.0,20240725.0,4.0,4,12
3347,1723.0,20240725.0,4.0,5,66
3348,1723.0,20240725.0,4.0,1,34
3349,1723.0,20240725.0,4.0,2,153
3350,1724.0,20240726.0,2.0,5,67
3351,1724.0,20240726.0,2.0,2,94
3352,1724.0,20240726.0,2.0,3,23
3353,1725.0,20240726.0,2.0,1,266
3354,1726.0,20240726.0,4.0,5,78
3355,1726.0,20240726.0,4.0,6,53
3356,1727.0,20240726.0,4.0,1,116
3357,1727.0,20240726.0,4.0,6,32
3358,1728.0,20240726.0,2.0,2,24
3359,1728.0,20240726.0,2.0,4,4
3360,1728.0,20240726.0,2.0,3,44
3361,1729.0,20240726.0,1.0,5,7
3362,1729.0,20240726.0,1.0,2,22
3363,1730.0,20240726.0,4.0,1,81
3364,1730.0,20240726.0,4.0,6,35
3365,1730.0,20240726.0,4.0,4,21
3366,1731.0,20240726.0,3.0,6,53
3367,1731.0,20240726.0,3.0,2,20
3368,1732.0,20240726.0,3.0,4,6
3369,1732.0,20240726.0,3.0,5,7
3370,1733.0,20240726.0,4.0,1,94
3371,1733.0,20240726.0,4.0,3,55
3372,1734.0,20240726.0,4.0,6,46
3373,1734.0,20240726.0,4.0,1,40
3374,1734.0,20240726.0,4.0,5,16
3375,1735.0,20240727.0,2.0,5,70
3376,1735.0,20240727.0,2.0,1,21
3377,1735.0,20240727.0,2.0,4,100
3378,1736.0,20240727.0,1.0,1,21
3379,1736.0,20240727.0,1.0,5,5
3380,1737.0,20240727.0,2.0,2,107
3381,1738.0,20240727.0,1.0,1,41
3382,1738.0,20240727.0,1.0,3,56
3383,1738.0,20240727.0,1.0,5,19
3384,1739.0,20240727.0,4.0,5,51
3385,1739.0,20240727.0,4.0,2,29
3386,1740.0,20240727.0,3.0,6,13
3387,1740.0,20240727.0,3.0,1,111
3388,1741.0,20240728.0,3.0,3,6
3389,1741.0,20240728.0,3.0,5,47
3390,1741.0,20240728.0,3.0,6,19
3391,1742.0,20240728.0,4.0,6,143
3392,1742.0,20240728.0,4.0,2,3
3393,1743.0,20240728.0,1.0,1,26
3394,1743.0,20240728.0,1.0,4,32
3395,1743.0,20240728.0,1.0,5,32
3396,1744.0,20240728.0,1.0,2,7
3397,1744.0,20240728.0,1.0,1,180
3398,1745.0,20240728.0,3.0,5,4
3399,1746.0,20240728.0,2.0,5,46
3400,1746.0,20240728.0,2.0,2,56
3401,1747.0,20240728.0,1.0,4,5
3402,1747.0,20240728.0,1.0,3,83
3403,1748.0,20240728.0,3.0,3,41
3404,1748.0,20240728.0,3.0,6,5
3405,1749.0,20240729.0,2.0,5,153
3406,1750.0,20240729.0,3.0,3,69
3407,1751.0,20240729.0,4.0,1,90
3408,1752.0,20240729.0,2.0,3,70
3409,1752.0,20240729.0,2.0,5,21
3410,1752.0,20240729.0,2.0,1,38
3411,1753.0,20240729.0,1.0,2,43
3412,1753.0,20240729.0,1.0,5,75
3413,1754.0,20240729.0,2.0,3,201
3414,1755.0,20240729.0,3.0,5,7
3415,1755.0,20240729.0,3.0,6,13
3416,1755.0,20240729.0,3.0,3,92
3417,1756.0,20240729.0,3.0,1,32
3418,1757.0,20240729.0,3.0,3,47
3419,1757.0,20240729.0,3.0,2,28
3420,1758.0,20240730.0,2.0,2,207
3421,1759.0,20240730.0,2.0,2,119
3422,1759.0,20240730.0,2.0,3,3
3423,1759.0,20240730.0,2.0,6,68
3424,1760.0,20240730.0,4.0,4,90
3425,1760.0,20240730.0,4.0,1,57
3426,1760.0,20240730.0,4.0,5,7
3427,1761.0,20240730.0,1.0,4,68
3428,1762.0,20240730.0,1.0,5,79
3429,1763.0,20240730.0,2.0,4,7
3430,1763.0,20240730.0,2.0,6,43
3431,1763.0,20240730.0,2.0,5,91
3432,1764.0,20240730.0,3.0,3,29
3433,1764.0,20240730.0,3.0,2,29
3434,1764.0,20240730.0,3.0,5,48
3435,1765.0,20240731.0,2.0,4,23
3436,1765.0,20240731.0,2.0,1,278
3437,1766.0,20240731.0,1.0,1,10
3438,1766.0,20240731.0,1.0,2,22
3439,1766.0,20240731.0,1.0,6,2
3440,1767.0,20240731.0,1.0,2,30
3441,1767.0,20240731.0,1.0,6,91
3442,1768.0,20240731.0,2.0,5,145
3443,1768.0,20240731.0,2.0,4,78
3444,1769.0,20240731.0,1.0,6,7
3445,1770.0,20240731.0,4.0,1,172
3446,1771.0,20240731.0,2.0,4,152
3447,1771.0,20240731.0,2.0,5,141
3448,1772.0,20240731.0,4.0,5,31
3449,1772.0,20240731.0,4.0,3,161
3450,1772.0,20240731.0,4.0,2,34
3451,1773.0,20240801.0,4.0,3,69
3452,1774.0,20240801.0,1.0,4,55
3453,1774.0,20240801.0,1.0,5,75
3454,1775.0,20240801.0,1.0,4,26
3455,1775.0,20240801.0,1.0,3,44
3456,1775.0,20240801.0,1.0,2,42
3457,1776.0,20240801.0,1.0,4,4
3458,1776.0,20240801.0,1.0,3,48
3459,1777.0,20240801.0,3.0,6,93
3460,1777.0,20240801.0,3.0,1,25
3461,1778.0,20240801.0,1.0,1,29
3462,1778.0,20240801.0,1.0,5,70
3463,1779.0,20240801.0,4.0,4,179
3464,1780.0,20240801.0,4.0,3,72
3465,1781.0,20240802.0,4.0,2,30
3466,1781.0,20240802.0,4.0,4,87
3467,1781.0,20240802.0,4.0,5,30
3468,1782.0,20240802.0,2.0,5,212
3469,1783.0,20240802.0,4.0,3,103
3470,1783.0,20240802.0,4.0,2,6
3471,1784.0,20240802.0,4.0,3,101
3472,1785.0,20240802.0,4.0,3,11
3473,1785.0,20240802.0,4.0,2,95
3474,1786.0,20240802.0,1.0,3,143
3475,1787.0,20240802.0,1.0,6,23
3476,1787.0,20240802.0,1.0,2,29
3477,1787.0,20240802.0,1.0,1,40
3478,1788.0,20240802.0,2.0,5,89
3479,1788.0,20240802.0,2.0,2,56
3480,1788.0,20240802.0,2.0,3,62
3481,1789.0,20240802.0,2.0,3,6
3482,1789.0,20240802.0,2.0,1,111
3483,1789.0,20240802.0,2.0,4,7
3484,1790.0,20240802.0,1.0,5,9
3485,1790.0,20240802.0,1.0,2,1
3486,1790.0,20240802.0,1.0,6,4
3487,1791.0,20240802.0,4.0,4,38
3488,1791.0,20240802.0,4.0,5,8
3489,1792.0,20240803.0,2.0,1,18
3490,1792.0,20240803.0,2.0,6,59
3491,1792.0,20240803.0,2.0,3,241
3492,1793.0,20240803.0,1.0,4,116
3493,1794.0,20240803.0,2.0,3,160
3494,1795.0,20240803.0,3.0,6,136
3495,1796.0,20240803.0,2.0,4,166
3496,1796.0,20240803.0,2.0,1,52
3497,1796.0,20240803.0,2.0,6,64
3498,1797.0,20240803.0,2.0,4,91
3499,1797.0,20240803.0,2.0,5,12
3500,1798.0,20240804.0,3.0,5,90
3501,1799.0,20240804.0,2.0,2,72
3502,1800.0,20240804.0,4.0,2,182
3503,1801.0,20240804.0,3.0,6,79
3504,1801.0,20240804.0,3.0,4,26
3505,1802.0,20240804.0,4.0,4,19
3506,1802.0,20240804.0,4.0,5,35
3507,1803.0,20240804.0,3.0,6,141
3508,1804.0,20240804.0,4.0,6,88
3509,1805.0,20240804.0,4.0,6,110
3510,1805.0,20240804.0,4.0,1,7
3511,1806.0,20240804.0,2.0,1,86
3512,1807.0,20240804.0,2.0,4,37
3513,1807.0,20240804.0,2.0,6,45
3514,1808.0,20240805.0,4.0,1,39
3515,1809.0,20240805.0,1.0,6,6
3516,1809.0,20240805.0,1.0,2,83
3517,1810.0,20240805.0,2.0,1,65
3518,1810.0,20240805.0,2.0,3,41
3519,1810.0,20240805.0,2.0,6,135
3520,1811.0,20240805.0,3.0,2,21
3521,1811.0,20240805.0,3.0,4,11
3522,1811.0,20240805.0,3.0,6,14
3523,1812.0,20240805.0,2.0,3,19
3524,1812.0,20240805.0,2.0,1,43
3525,1813.0,20240805.0,1.0,4,30
3526,1813.0,20240805.0,1.0,6,47
3527,1813.0,20240805.0,1.0,3,11
3528,1814.0,20240805.0,1.0,1,12
3529,1814.0,20240805.0,1.0,5,120
3530,1814.0,20240805.0,1.0,6,28
3531,1815.0,20240805.0,4.0,6,4
3532,1815.0,20240805.0,4.0,2,29
3533,1815.0,20240805.0,4.0,3,61
3534,1816.0,20240805.0,4.0,3,124
3535,1817.0,20240806.0,4.0,4,120
3536,1818.0,20240806.0,4.0,5,117
3537,1819.0,20240806.0,1.0,5,121
3538,1820.0,20240806.0,4.0,4,136
3539,1821.0,20240806.0,3.0,4,16
3540,1821.0,20240806.0,3.0,2,77
3541,1822.0,20240806.0,1.0,5,139
3542,1823.0,20240806.0,2.0,4,20
3543,1823.0,20240806.0,2.0,6,142
3544,1824.0,20240807.0,4.0,6,168
3545,1825.0,20240807.0,3.0,6,27
3546,1825.0,20240807.0,3.0,4,16
3547,1826.0,20240807.0,3.0,2,38
3548,1826.0,20240807.0,3.0,6,22
3549,1827.0,20240807.0,4.0,1,199
3550,1828.0,20240807.0,2.0,6,182
3551,1828.0,20240807.0,2.0,1,25
3552,1829.0,20240807.0,2.0,4,31
3553,1829.0,20240807.0,2.0,6,126
3554,1830.0,20240807.0,1.0,6,41
3555,1830.0,20240807.0,1.0,2,61
3556,1830.0,20240807.0,1.0,3,4
3557,1831.0,20240807.0,1.0,2,32
3558,1831.0,20240807.0,1.0,3,45
3559,1831.0,20240807.0,1.0,4,73
3560,1832.0,20240808.0,4.0,6,41
3561,1832.0,20240808.0,4.0,3,72
3562,1832.0,20240808.0,4.0,2,9
3563,1833.0,20240808.0,1.0,2,56
3564,1833.0,20240808.0,1.0,5,36
3565,1834.0,20240808.0,4.0,4,141
3566,1835.0,20240808.0,2.0,1,122
3567,1835.0,20240808.0,2.0,4,43
3568,1836.0,20240808.0,3.0,6,18
3569,1836.0,20240808.0,3.0,4,89
3570,1837.0,20240808.0,2.0,2,44
3571,1837.0,20240808.0,2.0,4,90
3572,1838.0,20240808.0,1.0,1,98
3573,1838.0,20240808.0,1.0,4,3
3574,1838.0,20240808.0,1.0,5,35
3575,1839.0,20240809.0,3.0,6,53
3576,1840.0,20240809.0,3.0,4,42
3577,1840.0,20240809.0,3.0,6,20
3578,1840.0,20240809.0,3.0,3,23
3579,1841.0,20240809.0,1.0,1,8
3580,1841.0,20240809.0,1.0,6,97
3581,1842.0,20240809.0,4.0,5,111
3582,1842.0,20240809.0,4.0,4,20
3583,1843.0,20240809.0,3.0,3,23
3584,1843.0,20240809.0,3.0,5,21
3585,1844.0,20240809.0,1.0,3,58
3586,1844.0,20240809.0,1.0,4,15
3587,1844.0,20240809.0,1.0,6,31
3588,1845.0,20240809.0,1.0,2,35
3589,1845.0,20240809.0,1.0,4,15
3590,1845.0,20240809.0,1.0,1,4
3591,1846.0,20240809.0,1.0,6,147
3592,1846.0,20240809.0,1.0,4,51
3593,1846.0,20240809.0,1.0,2,14
3594,1847.0,20240809.0,3.0,6,66
3595,1848.0,20240810.0,4.0,3,10
3596,1848.0,20240810.0,4.0,6,1
3597,1848.0,20240810.0,4.0,2,44
3598,1849.0,20240810.0,3.0,1,102
3599,1850.0,20240810.0,1.0,4,97
3600,1850.0,20240810.0,1.0,2,13
3601,1851.0,20240810.0,4.0,5,31
3602,1851.0,20240810.0,4.0,3,43
3603,1851.0,20240810.0,4.0,6,6
3604,1852.0,20240810.0,3.0,5,69
3605,1853.0,20240810.0,2.0,5,121
3606,1853.0,20240810.0,2.0,1,25
3607,1854.0,20240810.0,3.0,6,35
3608,1854.0,20240810.0,3.0,1,21
3609,1855.0,20240810.0,1.0,4,167
3610,1856.0,20240810.0,3.0,5,34
3611,1857.0,20240811.0,4.0,6,151
3612,1858.0,20240811.0,4.0,6,144
3613,1858.0,20240811.0,4.0,5,55
3614,1859.0,20240811.0,4.0,3,23
3615,1859.0,20240811.0,4.0,2,163
3616,1860.0,20240811.0,3.0,5,91
3617,1861.0,20240811.0,3.0,4,108
3618,1862.0,20240811.0,1.0,5,32
3619,1862.0,20240811.0,1.0,3,107
3620,1863.0,20240811.0,1.0,3,16
3621,1863.0,20240811.0,1.0,6,126
3622,1864.0,20240811.0,2.0,1,33
3623,1864.0,20240811.0,2.0,6,16
3624,1864.0,20240811.0,2.0,3,20
3625,1865.0,20240812.0,4.0,2,105
3626,1866.0,20240812.0,3.0,6,123
3627,1867.0,20240812.0,3.0,2,116
3628,1868.0,20240812.0,3.0,4,77
3629,1869.0,20240812.0,3.0,4,59
3630,1870.0,20240812.0,3.0,3,98
3631,1870.0,20240812.0,3.0,2,21
3632,1871.0,20240812.0,2.0,6,105
3633,1871.0,20240812.0,2.0,2,100
3634,1872.0,20240813.0,2.0,2,90
3635,1872.0,20240813.0,2.0,3,24
3636,1873.0,20240813.0,4.0,4,100
3637,1874.0,20240813.0,3.0,3,83
3638,1875.0,20240813.0,4.0,1,1
3639,1875.0,20240813.0,4.0,4,3
3640,1875.0,20240813.0,4.0,5,49
3641,1876.0,20240813.0,4.0,6,211
3642,1877.0,20240813.0,1.0,6,2
3643,1877.0,20240813.0,1.0,5,90
3644,1878.0,20240814.0,2.0,5,195
3645,1879.0,20240814.0,4.0,1,24
3646,1879.0,20240814.0,4.0,5,115
3647,1879.0,20240814.0,4.0,4,58
3648,1880.0,20240814.0,2.0,6,43
3649,1880.0,20240814.0,2.0,4,89
3650,1880.0,20240814.0,2.0,3,21
3651,1881.0,20240814.0,1.0,1,176
3652,1882.0,20240814.0,3.0,1,111
3653,1883.0,20240814.0,2.0,4,11
3654,1883.0,20240814.0,2.0,3,16
3655,1884.0,20240814.0,4.0,4,226
3656,1885.0,20240814.0,4.0,6,68
3657,1885.0,20240814.0,4.0,1,2
3658,1885.0,20240814.0,4.0,4,19
3659,1886.0,20240815.0,4.0,3,197
3660,1887.0,20240815.0,4.0,2,19
3661,1887.0,20240815.0,4.0,1,24
3662,1887.0,20240815.0,4.0,3,43
3663,1888.0,20240815.0,2.0,2,93
3664,1888.0,20240815.0,2.0,6,155
3665,1889.0,20240815.0,1.0,6,2
3666,1889.0,20240815.0,1.0,4,5
3667,1890.0,20240815.0,2.0,1,8
3668,1890.0,20240815.0,2.0,3,39
3669,1891.0,20240815.0,2.0,1,108
3670,1891.0,20240815.0,2.0,6,132
3671,1892.0,20240815.0,3.0,4,61
3672,1892.0,20240815.0,3.0,6,52
3673,1893.0,20240815.0,1.0,2,74
3674,1893.0,20240815.0,1.0,3,3
3675,1893.0,20240815.0,1.0,5,43
3676,1894.0,20240815.0,1.0,6,15
3677,1894.0,20240815.0,1.0,4,14
3678,1895.0,20240815.0,3.0,1,60
3679,1896.0,20240815.0,3.0,2,1
3680,1896.0,20240815.0,3.0,6,35
3681,1896.0,20240815.0,3.0,4,16
3682,1897.0,20240816.0,4.0,5,118
3683,1897.0,20240816.0,4.0,3,22
3684,1898.0,20240816.0,3.0,3,48
3685,1898.0,20240816.0,3.0,5,6
3686,1899.0,20240816.0,2.0,3,194
3687,1900.0,20240816.0,1.0,2,33
3688,1900.0,20240816.0,1.0,6,78
3689,1900.0,20240816.0,1.0,5,33
3690,1901.0,20240816.0,4.0,2,107
3691,1902.0,20240816.0,2.0,3,145
3692,1903.0,20240816.0,2.0,4,15
3693,1903.0,20240816.0,2.0,2,82
3694,1903.0,20240816.0,2.0,3,32
3695,1904.0,20240816.0,3.0,4,81
3696,1905.0,20240817.0,3.0,3,93
3697,1906.0,20240817.0,4.0,2,8
3698,1906.0,20240817.0,4.0,1,38
3699,1906.0,20240817.0,4.0,5,212
3700,1907.0,20240817.0,3.0,4,63
3701,1908.0,20240817.0,2.0,2,165
3702,1909.0,20240817.0,2.0,3,61
3703,1909.0,20240817.0,2.0,1,208
3704,1910.0,20240817.0,3.0,1,18
3705,1910.0,20240817.0,3.0,5,12
3706,1911.0,20240817.0,4.0,2,163
3707,1912.0,20240817.0,1.0,6,78
3708,1913.0,20240817.0,4.0,3,203
3709,1914.0,20240818.0,3.0,4,73
3710,1915.0,20240818.0,3.0,2,160
3711,1916.0,20240818.0,4.0,6,89
3712,1916.0,20240818.0,4.0,1,58
3713,1917.0,20240818.0,4.0,2,56
3714,1917.0,20240818.0,4.0,4,43
3715,1917.0,20240818.0,4.0,3,39
3716,1918.0,20240818.0,4.0,4,149
3717,1918.0,20240818.0,4.0,3,10
3718,1919.0,20240818.0,1.0,6,141
3719,1920.0,20240818.0,2.0,3,31
3720,1920.0,20240818.0,2.0,2,45
3721,1921.0,20240819.0,1.0,3,31
3722,1921.0,20240819.0,1.0,4,114
3723,1921.0,20240819.0,1.0,5,15
3724,1922.0,20240819.0,1.0,6,23
3725,1922.0,20240819.0,1.0,4,11
3726,1922.0,20240819.0,1.0,5,50
3727,1923.0,20240819.0,4.0,1,213
3728,1923.0,20240819.0,4.0,3,54
3729,1924.0,20240819.0,2.0,2,109
3730,1924.0,20240819.0,2.0,3,71
3731,1925.0,20240819.0,4.0,5,2
3732,1925.0,20240819.0,4.0,4,78
3733,1925.0,20240819.0,4.0,6,62
3734,1926.0,20240819.0,2.0,5,175
3735,1926.0,20240819.0,2.0,2,100
3736,1927.0,20240820.0,4.0,4,3
3737,1927.0,20240820.0,4.0,1,100
3738,1928.0,20240820.0,1.0,3,94
3739,1929.0,20240820.0,4.0,6,71
3740,1929.0,20240820.0,4.0,4,92
3741,1929.0,20240820.0,4.0,1,27
3742,1930.0,20240820.0,2.0,5,54
3743,1930.0,20240820.0,2.0,2,63
3744,1930.0,20240820.0,2.0,4,98
3745,1931.0,20240820.0,3.0,1,35
3746,1931.0,20240820.0,3.0,2,24
3747,1932.0,20240820.0,2.0,4,19
3748,1932.0,20240820.0,2.0,5,42
3749,1932.0,20240820.0,2.0,2,216
3750,1933.0,20240821.0,4.0,2,92
3751,1933.0,20240821.0,4.0,1,4
3752,1933.0,20240821.0,4.0,5,18
3753,1934.0,20240821.0,1.0,6,75
3754,1935.0,20240821.0,3.0,1,130
3755,1936.0,20240821.0,1.0,5,87
3756,1937.0,20240821.0,4.0,4,103
3757,1937.0,20240821.0,4.0,1,15
3758,1938.0,20240821.0,3.0,5,41
3759,1938.0,20240821.0,3.0,2,35
3760,1938.0,20240821.0,3.0,4,11
3761,1939.0,20240821.0,1.0,2,71
3762,1939.0,20240821.0,1.0,4,35
3763,1939.0,20240821.0,1.0,5,3
3764,1940.0,20240821.0,3.0,5,36
3765,1940.0,20240821.0,3.0,2,72
3766,1941.0,20240821.0,4.0,2,65
3767,1941.0,20240821.0,4.0,3,6
3768,1941.0,20240821.0,4.0,5,77
3769,1942.0,20240821.0,1.0,6,55
3770,1942.0,20240821.0,1.0,4,8
3771,1942.0,20240821.0,1.0,3,15
3772,1943.0,20240822.0,3.0,6,11
3773,1943.0,20240822.0,3.0,1,52
3774,1944.0,20240822.0,3.0,1,62
3775,1945.0,20240822.0,2.0,6,57
3776,1945.0,20240822.0,2.0,4,116
3777,1946.0,20240822.0,3.0,5,7
3778,1946.0,20240822.0,3.0,3,60
3779,1947.0,20240822.0,2.0,3,56
3780,1947.0,20240822.0,2.0,4,59
3781,1947.0,20240822.0,2.0,5,47
3782,1948.0,20240822.0,2.0,5,68
3783,1949.0,20240822.0,3.0,2,74
3784,1950.0,20240822.0,4.0,2,197
3785,1951.0,20240823.0,3.0,6,26
3786,1951.0,20240823.0,3.0,3,2
3787,1952.0,20240823.0,4.0,3,49
3788,1952.0,20240823.0,4.0,4,22
3789,1953.0,20240823.0,3.0,6,53
3790,1953.0,20240823.0,3.0,1,8
3791,1954.0,20240823.0,4.0,5,59
3792,1954.0,20240823.0,4.0,2,18
3793,1954.0,20240823.0,4.0,3,48
3794,1955.0,20240823.0,2.0,4,19
3795,1955.0,20240823.0,2.0,6,103
3796,1955.0,20240823.0,2.0,5,76
3797,1956.0,20240823.0,1.0,6,7
3798,1957.0,20240823.0,4.0,1,105
3799,1957.0,20240823.0,4.0,5,44
3800,1958.0,20240824.0,1.0,5,1
3801,1958.0,20240824.0,1.0,3,182
3802,1959.0,20240824.0,1.0,5,59
3803,1959.0,20240824.0,1.0,6,45
3804,1959.0,20240824.0,1.0,1,71
3805,1960.0,20240824.0,1.0,5,44
3806,1960.0,20240824.0,1.0,1,186
3807,1961.0,20240824.0,2.0,3,174
3808,1961.0,20240824.0,2.0,5,22
3809,1961.0,20240824.0,2.0,4,1
3810,1962.0,20240824.0,4.0,6,67
3811,1962.0,20240824.0,4.0,2,135
3812,1963.0,20240824.0,2.0,2,170
3813,1963.0,20240824.0,2.0,6,26
3814,1963.0,20240824.0,2.0,3,111
3815,1964.0,20240824.0,1.0,6,53
3816,1965.0,20240824.0,1.0,3,22
3817,1965.0,20240824.0,1.0,5,86
3818,1965.0,20240824.0,1.0,6,23
3819,1966.0,20240825.0,4.0,6,15
3820,1966.0,20240825.0,4.0,4,86
3821,1967.0,20240825.0,4.0,2,14
3822,1967.0,20240825.0,4.0,4,103
3823,1968.0,20240825.0,2.0,3,183
3824,1969.0,20240825.0,4.0,5,18
3825,1969.0,20240825.0,4.0,4,48
3826,1969.0,20240825.0,4.0,3,44
3827,1970.0,20240825.0,3.0,6,3
3828,1970.0,20240825.0,3.0,2,69
3829,1970.0,20240825.0,3.0,3,5
3830,1971.0,20240825.0,1.0,1,169
3831,1972.0,20240825.0,2.0,3,41
3832,1972.0,20240825.0,2.0,1,143
3833,1973.0,20240825.0,2.0,5,67
3834,1973.0,20240825.0,2.0,4,54
3835,1973.0,20240825.0,2.0,6,71
3836,1974.0,20240825.0,2.0,4,55
3837,1974.0,20240825.0,2.0,6,122
3838,1974.0,20240825.0,2.0,3,39
3839,1975.0,20240825.0,3.0,5,49
3840,1975.0,20240825.0,3.0,3,8
3841,1975.0,20240825.0,3.0,1,26
3842,1976.0,20240826.0,1.0,4,49
3843,1976.0,20240826.0,1.0,5,40
3844,1977.0,20240826.0,2.0,3,199
3845,1978.0,20240826.0,1.0,2,5
3846,1978.0,20240826.0,1.0,6,85
3847,1979.0,20240826.0,2.0,4,23
3848,1979.0,20240826.0,2.0,3,239
3849,1979.0,20240826.0,2.0,5,95
3850,1980.0,20240826.0,3.0,6,36
3851,1980.0,20240826.0,3.0,3,14
3852,1981.0,20240826.0,3.0,1,17
3853,1981.0,20240826.0,3.0,2,83
3854,1981.0,20240826.0,3.0,4,27
3855,1982.0,20240826.0,4.0,1,162
3856,1983.0,20240826.0,2.0,6,124
3857,1983.0,20240826.0,2.0,3,25
3858,1984.0,20240826.0,3.0,6,104
3859,1985.0,20240826.0,1.0,4,142
3860,1986.0,20240827.0,4.0,5,24
3861,1986.0,20240827.0,4.0,2,84
3862,1987.0,20240827.0,1.0,3,33
3863,1987.0,20240827.0,1.0,5,128
3864,1988.0,20240827.0,2.0,2,103
3865,1989.0,20240827.0,2.0,1,177
3866,1990.0,20240827.0,2.0,4,148
3867,1991.0,20240827.0,2.0,4,229
3868,1991.0,20240827.0,2.0,5,16
3869,1992.0,20240827.0,2.0,2,209
3870,1992.0,20240827.0,2.0,4,180
3871,1993.0,20240827.0,4.0,1,10
3872,1993.0,20240827.0,4.0,3,119
3873,1993.0,20240827.0,4.0,2,7
3874,1994.0,20240827.0,3.0,5,54
3875,1994.0,20240827.0,3.0,3,63
3876,1994.0,20240827.0,3.0,4,3
3877,1995.0,20240828.0,3.0,1,152
3878,1996.0,20240828.0,2.0,1,99
3879,1996.0,20240828.0,2.0,2,14
3880,1996.0,20240828.0,2.0,3,44
3881,1997.0,20240828.0,3.0,1,4
3882,1997.0,20240828.0,3.0,3,4
3883,1997.0,20240828.0,3.0,6,106
3884,1998.0,20240828.0,3.0,1,67
3885,1999.0,20240828.0,4.0,1,45
3886,1999.0,20240828.0,4.0,3,1
3887,1999.0,20240828.0,4.0,4,29
3888,2000.0,20240828.0,3.0,3,52
3889,2000.0,20240828.0,3.0,1,11
3890,2001.0,20240828.0,2.0,6,14
3891,2001.0,20240828.0,2.0,4,25
3892,2001.0,20240828.0,2.0,2,181
3893,2002.0,20240829.0,3.0,1,57
3894,2002.0,20240829.0,3.0,6,1
3895,2002.0,20240829.0,3.0,3,34
3896,2003.0,20240829.0,3.0,6,53
3897,2003.0,20240829.0,3.0,1,41
3898,2004.0,20240829.0,1.0,6,52
3899,2004.0,20240829.0,1.0,1,119
3900,2004.0,20240829.0,1.0,2,4
3901,2005.0,20240829.0,2.0,2,12
3902,2005.0,20240829.0,2.0,3,134
3903,2006.0,20240829.0,4.0,2,31
3904,2006.0,20240829.0,4.0,3,25
3905,2007.0,20240829.0,1.0,5,48
3906,2007.0,20240829.0,1.0,1,42
3907,2008.0,20240829.0,3.0,2,123
3908,2009.0,20240829.0,2.0,3,45
3909,2009.0,20240829.0,2.0,4,12
3910,2009.0,20240829.0,2.0,6,146
3911,2010.0,20240830.0,2.0,1,110
3912,2010.0,20240830.0,2.0,2,35
3913,2010.0,20240830.0,2.0,5,47
3914,2011.0,20240830.0,4.0,4,155
3915,2012.0,20240830.0,3.0,3,43
3916,2012.0,20240830.0,3.0,6,3
3917,2012.0,20240830.0,3.0,5,21
3918,2013.0,20240830.0,2.0,4,183
3919,2013.0,20240830.0,2.0,2,3
3920,2014.0,20240830.0,4.0,1,104
3921,2015.0,20240830.0,4.0,5,79
3922,2016.0,20240831.0,1.0,1,6
3923,2016.0,20240831.0,1.0,3,164
3924,2017.0,20240831.0,2.0,5,77
3925,2017.0,20240831.0,2.0,6,86
3926,2017.0,20240831.0,2.0,4,32
3927,2018.0,20240831.0,3.0,4,45
3928,2018.0,20240831.0,3.0,1,12
3929,2019.0,20240831.0,2.0,5,343
3930,2020.0,20240831.0,2.0,1,29
3931,2021.0,20240831.0,2.0,5,20
3932,2021.0,20240831.0,2.0,3,123
3933,2022.0,20240831.0,4.0,4,10
3934,2022.0,20240831.0,4.0,1,110
3935,2022.0,20240831.0,4.0,6,24
3936,2023.0,20240901.0,1.0,6,21
3937,2023.0,20240901.0,1.0,2,19
3938,2024.0,20240901.0,4.0,4,3
3939,2024.0,20240901.0,4.0,1,69
3940,2024.0,20240901.0,4.0,3,37
3941,2025.0,20240901.0,4.0,4,94
3942,2025.0,20240901.0,4.0,6,111
3943,2026.0,20240901.0,4.0,4,75
3944,2027.0,20240901.0,4.0,1,51
3945,2027.0,20240901.0,4.0,3,154
3946,2028.0,20240901.0,3.0,6,74
3947,2028.0,20240901.0,3.0,5,2
3948,2029.0,20240901.0,3.0,1,5
3949,2029.0,20240901.0,3.0,3,12
3950,2030.0,20240902.0,2.0,4,73
3951,2030.0,20240902.0,2.0,5,8
3952,2031.0,20240902.0,3.0,2,27
3953,2031.0,20240902.0,3.0,5,26
3954,2031.0,20240902.0,3.0,6,53
3955,2032.0,20240902.0,1.0,1,146
3956,2033.0,20240902.0,3.0,2,18
3957,2033.0,20240902.0,3.0,6,13
3958,2034.0,20240902.0,2.0,1,158
3959,2034.0,20240902.0,2.0,5,29
3960,2034.0,20240902.0,2.0,4,141
3961,2035.0,20240902.0,3.0,6,14
3962,2035.0,20240902.0,3.0,5,72
3963,2036.0,20240902.0,2.0,3,33
3964,2036.0,20240902.0,2.0,4,214
3965,2037.0,20240902.0,1.0,3,5
3966,2037.0,20240902.0,1.0,1,114
3967,2038.0,20240902.0,4.0,4,41
3968,2039.0,20240903.0,4.0,4,43
3969,2039.0,20240903.0,4.0,5,2
3970,2039.0,20240903.0,4.0,3,83
3971,2040.0,20240903.0,4.0,1,74
3972,2040.0,20240903.0,4.0,5,50
3973,2040.0,20240903.0,4.0,6,28
3974,2041.0,20240903.0,4.0,2,7
3975,2041.0,20240903.0,4.0,3,81
3976,2041.0,20240903.0,4.0,4,35
3977,2042.0,20240903.0,2.0,4,135
3978,2043.0,20240903.0,2.0,3,244
3979,2044.0,20240903.0,2.0,1,67
3980,2045.0,20240903.0,2.0,6,8
3981,2045.0,20240903.0,2.0,4,209
3982,2045.0,20240903.0,2.0,1,49
3983,2046.0,20240903.0,2.0,5,155
3984,2047.0,20240903.0,4.0,6,270
3985,2048.0,20240903.0,1.0,2,196
3986,2049.0,20240903.0,4.0,3,148
3987,2050.0,20240904.0,2.0,5,80
3988,2050.0,20240904.0,2.0,2,117
3989,2050.0,20240904.0,2.0,1,10
3990,2051.0,20240904.0,4.0,6,184
3991,2052.0,20240904.0,1.0,1,29
3992,2052.0,20240904.0,1.0,6,17
3993,2053.0,20240904.0,2.0,3,183
3994,2054.0,20240904.0,4.0,6,42
3995,2054.0,20240904.0,4.0,3,6
3996,2055.0,20240904.0,4.0,1,100
3997,2055.0,20240904.0,4.0,3,70
3998,2056.0,20240904.0,2.0,5,108
3999,2056.0,20240904.0,2.0,1,182
4000,2057.0,20240904.0,1.0,5,9
4001,2057.0,20240904.0,1.0,6,61
4002,2057.0,20240904.0,1.0,4,48
4003,2058.0,20240905.0,4.0,4,134
4004,2059.0,20240905.0,1.0,5,54
4005,2059.0,20240905.0,1.0,6,58
4006,2060.0,20240905.0,2.0,4,8
4007,2060.0,20240905.0,2.0,1,2
4008,2061.0,20240905.0,4.0,6,151
4009,2061.0,20240905.0,4.0,3,27
4010,2062.0,20240905.0,2.0,4,280
4011,2063.0,20240905.0,2.0,6,12
4012,2063.0,20240905.0,2.0,5,41
4013,2063.0,20240905.0,2.0,4,84
4014,2064.0,20240905.0,3.0,4,20
4015,2064.0,20240905.0,3.0,5,114
4016,2065.0,20240905.0,4.0,5,44
4017,2065.0,20240905.0,4.0,3,65
4018,2065.0,20240905.0,4.0,6,28
4019,2066.0,20240906.0,3.0,3,15
4020,2066.0,20240906.0,3.0,1,52
4021,2066.0,20240906.0,3.0,2,18
4022,2067.0,20240906.0,2.0,6,226
4023,2068.0,20240906.0,4.0,5,17
4024,2068.0,20240906.0,4.0,6,22
4025,2068.0,20240906.0,4.0,3,53
4026,2069.0,20240906.0,2.0,6,261
4027,2070.0,20240906.0,2.0,4,18
4028,2070.0,20240906.0,2.0,1,142
4029,2070.0,20240906.0,2.0,3,24
4030,2071.0,20240906.0,1.0,6,117
4031,2072.0,20240906.0,1.0,1,15
4032,2072.0,20240906.0,1.0,6,8
4033,2073.0,20240907.0,3.0,4,73
4034,2073.0,20240907.0,3.0,5,59
4035,2074.0,20240907.0,2.0,5,80
4036,2075.0,20240907.0,2.0,5,53
4037,2075.0,20240907.0,2.0,3,155
4038,2076.0,20240907.0,4.0,1,97
4039,2077.0,20240907.0,3.0,4,47
4040,2077.0,20240907.0,3.0,3,29
4041,2078.0,20240907.0,4.0,3,52
4042,2078.0,20240907.0,4.0,5,31
4043,2078.0,20240907.0,4.0,1,5
4044,2079.0,20240907.0,1.0,1,35
4045,2079.0,20240907.0,1.0,4,84
4046,2080.0,20240908.0,3.0,6,94
4047,2081.0,20240908.0,4.0,6,163
4048,2081.0,20240908.0,4.0,5,9
4049,2082.0,20240908.0,1.0,3,52
4050,2082.0,20240908.0,1.0,4,38
4051,2083.0,20240908.0,3.0,5,72
4052,2083.0,20240908.0,3.0,2,48
4053,2083.0,20240908.0,3.0,1,22
4054,2084.0,20240908.0,2.0,3,4
4055,2084.0,20240908.0,2.0,4,162
4056,2085.0,20240908.0,3.0,2,80
4057,2085.0,20240908.0,3.0,5,21
4058,2086.0,20240908.0,4.0,3,73
4059,2086.0,20240908.0,4.0,1,55
4060,2087.0,20240908.0,3.0,3,85
4061,2087.0,20240908.0,3.0,4,44
4062,2088.0,20240908.0,3.0,2,130
4063,2089.0,20240908.0,3.0,4,92
4064,2090.0,20240909.0,2.0,1,190
4065,2091.0,20240909.0,4.0,1,169
4066,2092.0,20240909.0,2.0,4,46
4067,2092.0,20240909.0,2.0,3,5
4068,2092.0,20240909.0,2.0,5,1
4069,2093.0,20240909.0,2.0,4,81
4070,2094.0,20240909.0,3.0,5,45
4071,2094.0,20240909.0,3.0,1,27
4072,2095.0,20240909.0,2.0,6,91
4073,2095.0,20240909.0,2.0,4,17
4074,2096.0,20240909.0,4.0,6,23
4075,2096.0,20240909.0,4.0,3,61
4076,2096.0,20240909.0,4.0,2,81
4077,2097.0,20240909.0,4.0,2,4
4078,2097.0,20240909.0,4.0,1,12
4079,2097.0,20240909.0,4.0,3,114
4080,2098.0,20240909.0,4.0,1,37
4081,2098.0,20240909.0,4.0,2,21
4082,2098.0,20240909.0,4.0,6,8
4083,2099.0,20240909.0,3.0,5,57
4084,2099.0,20240909.0,3.0,1,34
4085,2099.0,20240909.0,3.0,4,96
4086,2100.0,20240910.0,3.0,1,28
4087,2100.0,20240910.0,3.0,4,39
4088,2101.0,20240910.0,3.0,5,34
4089,2102.0,20240910.0,2.0,6,138
4090,2103.0,20240910.0,1.0,2,20
4091,2103.0,20240910.0,1.0,5,90
4092,2104.0,20240910.0,4.0,4,191
4093,2105.0,20240910.0,2.0,3,200
4094,2106.0,20240910.0,4.0,5,82
4095,2107.0,20240911.0,3.0,6,79
4096,2107.0,20240911.0,3.0,3,44
4097,2108.0,20240911.0,4.0,3,125
4098,2109.0,20240911.0,3.0,4,162
4099,2110.0,20240911.0,3.0,1,66
4100,2111.0,20240911.0,1.0,1,165
4101,2112.0,20240911.0,1.0,4,134
4102,2112.0,20240911.0,1.0,2,50
4103,2113.0,20240911.0,4.0,6,45
4104,2113.0,20240911.0,4.0,3,97
4105,2114.0,20240911.0,2.0,2,71
4106,2114.0,20240911.0,2.0,4,40
4107,2114.0,20240911.0,2.0,3,87
4108,2115.0,20240911.0,2.0,3,182
4109,2116.0,20240911.0,2.0,4,140
4110,2117.0,20240911.0,2.0,6,146
4111,2118.0,20240912.0,1.0,3,20
4112,2118.0,20240912.0,1.0,2,59
4113,2119.0,20240912.0,4.0,6,76
4114,2119.0,20240912.0,4.0,1,2
4115,2120.0,20240912.0,2.0,6,40
4116,2120.0,20240912.0,2.0,5,58
4117,2120.0,20240912.0,2.0,1,109
4118,2121.0,20240912.0,1.0,6,74
4119,2121.0,20240912.0,1.0,1,74
4120,2122.0,20240912.0,1.0,1,58
4121,2122.0,20240912.0,1.0,3,88
4122,2123.0,20240912.0,4.0,4,169
4123,2124.0,20240912.0,4.0,4,19
4124,2124.0,20240912.0,4.0,6,55
4125,2124.0,20240912.0,4.0,3,2
4126,2125.0,20240912.0,1.0,4,39
4127,2126.0,20240912.0,1.0,1,49
4128,2126.0,20240912.0,1.0,2,1
4129,2126.0,20240912.0,1.0,6,1
4130,2127.0,20240912.0,3.0,4,39
4131,2127.0,20240912.0,3.0,6,76
4132,2128.0,20240912.0,2.0,6,8
4133,2128.0,20240912.0,2.0,2,82
4134,2128.0,20240912.0,2.0,3,42
4135,2129.0,20240913.0,2.0,2,268
4136,2130.0,20240913.0,3.0,1,112
4137,2130.0,20240913.0,3.0,6,3
4138,2130.0,20240913.0,3.0,4,27
4139,2131.0,20240913.0,4.0,1,164
4140,2131.0,20240913.0,4.0,5,14
4141,2132.0,20240913.0,2.0,4,19
4142,2132.0,20240913.0,2.0,5,48
4143,2132.0,20240913.0,2.0,2,23
4144,2133.0,20240913.0,2.0,4,111
4145,2134.0,20240913.0,1.0,3,172
4146,2134.0,20240913.0,1.0,1,91
4147,2134.0,20240913.0,1.0,2,4
4148,2135.0,20240913.0,2.0,4,14
4149,2135.0,20240913.0,2.0,6,52
4150,2135.0,20240913.0,2.0,5,82
4151,2136.0,20240913.0,1.0,6,108
4152,2136.0,20240913.0,1.0,3,43
4153,2137.0,20240913.0,4.0,3,100
4154,2138.0,20240913.0,4.0,6,26
4155,2138.0,20240913.0,4.0,4,47
4156,2138.0,20240913.0,4.0,1,18
4157,2139.0,20240913.0,1.0,1,39
4158,2139.0,20240913.0,1.0,4,15
4159,2139.0,20240913.0,1.0,2,57
4160,2140.0,20240914.0,4.0,5,35
4161,2140.0,20240914.0,4.0,2,130
4162,2141.0,20240914.0,3.0,1,81
4163,2141.0,20240914.0,3.0,5,13
4164,2141.0,20240914.0,3.0,4,5
4165,2142.0,20240914.0,1.0,4,5
4166,2142.0,20240914.0,1.0,2,105
4167,2142.0,20240914.0,1.0,6,73
4168,2143.0,20240914.0,3.0,3,46
4169,2143.0,20240914.0,3.0,2,21
4170,2143.0,20240914.0,3.0,6,28
4171,2144.0,20240914.0,4.0,3,149
4172,2144.0,20240914.0,4.0,6,15
4173,2145.0,20240914.0,3.0,6,1
4174,2145.0,20240914.0,3.0,5,29
4175,2145.0,20240914.0,3.0,1,54
4176,2146.0,20240914.0,1.0,4,18
4177,2146.0,20240914.0,1.0,2,8
4178,2146.0,20240914.0,1.0,5,37
4179,2147.0,20240915.0,2.0,6,239
4180,2148.0,20240915.0,1.0,3,73
4181,2149.0,20240915.0,1.0,1,89
4182,2149.0,20240915.0,1.0,5,52
4183,2150.0,20240915.0,1.0,4,117
4184,2151.0,20240915.0,2.0,3,12
4185,2151.0,20240915.0,2.0,6,37
4186,2151.0,20240915.0,2.0,1,55
4187,2152.0,20240915.0,3.0,3,6
4188,2152.0,20240915.0,3.0,1,67
4189,2153.0,20240915.0,3.0,3,64
4190,2153.0,20240915.0,3.0,1,26
4191,2154.0,20240915.0,3.0,2,3
4192,2154.0,20240915.0,3.0,5,8
4193,2154.0,20240915.0,3.0,1,51
4194,2155.0,20240915.0,4.0,4,19
4195,2155.0,20240915.0,4.0,5,54
4196,2155.0,20240915.0,4.0,3,4
4197,2156.0,20240915.0,2.0,2,149
4198,2156.0,20240915.0,2.0,3,3
4199,2157.0,20240916.0,2.0,1,179
4200,2157.0,20240916.0,2.0,3,37
4201,2157.0,20240916.0,2.0,6,48
4202,2158.0,20240916.0,3.0,2,13
4203,2158.0,20240916.0,3.0,3,31
4204,2158.0,20240916.0,3.0,6,73
4205,2159.0,20240916.0,2.0,2,68
4206,2159.0,20240916.0,2.0,1,6
4207,2159.0,20240916.0,2.0,3,48
4208,2160.0,20240916.0,2.0,1,248
4209,2161.0,20240916.0,1.0,4,98
4210,2161.0,20240916.0,1.0,3,50
4211,2162.0,20240916.0,4.0,6,8
4212,2163.0,20240916.0,3.0,2,116
4213,2164.0,20240916.0,3.0,6,54
4214,2164.0,20240916.0,3.0,2,70
4215,2165.0,20240916.0,3.0,2,28
4216,2165.0,20240916.0,3.0,3,41
4217,2166.0,20240917.0,1.0,6,67
4218,2166.0,20240917.0,1.0,4,53
4219,2167.0,20240917.0,1.0,4,1
4220,2167.0,20240917.0,1.0,3,8
4221,2168.0,20240917.0,3.0,2,62
4222,2168.0,20240917.0,3.0,5,14
4223,2169.0,20240917.0,4.0,3,59
4224,2169.0,20240917.0,4.0,5,31
4225,2170.0,20240917.0,2.0,2,118
4226,2170.0,20240917.0,2.0,3,38
4227,2170.0,20240917.0,2.0,4,26
4228,2171.0,20240917.0,2.0,5,45
4229,2171.0,20240917.0,2.0,3,52
4230,2171.0,20240917.0,2.0,2,95
4231,2172.0,20240917.0,4.0,5,6
4232,2172.0,20240917.0,4.0,2,117
4233,2172.0,20240917.0,4.0,4,14
4234,2173.0,20240917.0,2.0,2,11
4235,2173.0,20240917.0,2.0,6,16
4236,2173.0,20240917.0,2.0,4,45
4237,2174.0,20240918.0,1.0,3,14
4238,2174.0,20240918.0,1.0,5,47
4239,2175.0,20240918.0,1.0,4,109
4240,2176.0,20240918.0,4.0,4,74
4241,2176.0,20240918.0,4.0,5,25
4242,2177.0,20240918.0,4.0,5,20
4243,2177.0,20240918.0,4.0,3,1
4244,2177.0,20240918.0,4.0,4,43
4245,2178.0,20240918.0,3.0,4,11
4246,2178.0,20240918.0,3.0,3,111
4247,2179.0,20240918.0,1.0,5,59
4248,2180.0,20240918.0,4.0,5,126
4249,2181.0,20240918.0,4.0,6,58
4250,2182.0,20240918.0,4.0,6,37
4251,2182.0,20240918.0,4.0,4,109
4252,2183.0,20240918.0,3.0,1,60
4253,2183.0,20240918.0,3.0,2,5
4254,2183.0,20240918.0,3.0,4,12
4255,2184.0,20240918.0,3.0,1,130
4256,2185.0,20240919.0,2.0,4,62
4257,2185.0,20240919.0,2.0,2,5
4258,2186.0,20240919.0,2.0,2,198
4259,2187.0,20240919.0,2.0,6,43
4260,2187.0,20240919.0,2.0,4,125
4261,2188.0,20240919.0,1.0,1,24
4262,2188.0,20240919.0,1.0,4,82
4263,2189.0,20240919.0,2.0,2,201
4264,2190.0,20240919.0,1.0,2,112
4265,2190.0,20240919.0,1.0,3,25
4266,2191.0,20240919.0,3.0,6,53
4267,2191.0,20240919.0,3.0,4,30
4268,2191.0,20240919.0,3.0,2,29
4269,2192.0,20240919.0,3.0,1,10
4270,2192.0,20240919.0,3.0,6,87
4271,2193.0,20240919.0,3.0,3,84
4272,2193.0,20240919.0,3.0,5,3
4273,2194.0,20240920.0,3.0,4,44
4274,2194.0,20240920.0,3.0,1,8
4275,2194.0,20240920.0,3.0,3,41
4276,2195.0,20240920.0,2.0,4,104
4277,2195.0,20240920.0,2.0,5,22
4278,2196.0,20240920.0,1.0,4,71
4279,2196.0,20240920.0,1.0,1,14
4280,2197.0,20240920.0,2.0,3,202
4281,2198.0,20240920.0,3.0,2,107
4282,2199.0,20240920.0,2.0,6,145
4283,2199.0,20240920.0,2.0,4,8
4284,2200.0,20240920.0,1.0,5,107
4285,2201.0,20240920.0,2.0,3,212
4286,2202.0,20240921.0,2.0,5,59
4287,2202.0,20240921.0,2.0,2,112
4288,2202.0,20240921.0,2.0,1,30
4289,2203.0,20240921.0,3.0,2,12
4290,2203.0,20240921.0,3.0,6,106
4291,2204.0,20240921.0,2.0,6,14
4292,2204.0,20240921.0,2.0,2,107
4293,2204.0,20240921.0,2.0,3,11
4294,2205.0,20240921.0,2.0,1,178
4295,2206.0,20240921.0,1.0,6,26
4296,2206.0,20240921.0,1.0,3,61
4297,2206.0,20240921.0,1.0,5,38
4298,2207.0,20240921.0,2.0,3,5
4299,2207.0,20240921.0,2.0,1,120
4300,2207.0,20240921.0,2.0,4,1
4301,2208.0,20240921.0,4.0,3,73
4302,2209.0,20240921.0,2.0,4,280
4303,2210.0,20240921.0,4.0,6,172
4304,2211.0,20240922.0,4.0,4,247
4305,2212.0,20240922.0,2.0,3,204
4306,2212.0,20240922.0,2.0,2,13
4307,2213.0,20240922.0,4.0,1,110
4308,2214.0,20240922.0,2.0,2,162
4309,2215.0,20240922.0,2.0,1,28
4310,2215.0,20240922.0,2.0,6,180
4311,2216.0,20240922.0,3.0,3,36
4312,2216.0,20240922.0,3.0,2,2
4313,2216.0,20240922.0,3.0,6,71
4314,2217.0,20240922.0,4.0,3,73
4315,2217.0,20240922.0,4.0,5,13
4316,2218.0,20240922.0,3.0,4,33
4317,2218.0,20240922.0,3.0,6,40
4318,2219.0,20240923.0,2.0,6,103
4319,2219.0,20240923.0,2.0,4,12
4320,2219.0,20240923.0,2.0,3,24
4321,2220.0,20240923.0,3.0,2,69
4322,2221.0,20240923.0,2.0,1,83
4323,2221.0,20240923.0,2.0,3,68
4324,2221.0,20240923.0,2.0,2,93
4325,2222.0,20240923.0,3.0,5,116
4326,2223.0,20240923.0,3.0,4,147
4327,2224.0,20240923.0,1.0,1,78
4328,2224.0,20240923.0,1.0,5,51
4329,2225.0,20240923.0,3.0,1,14
4330,2225.0,20240923.0,3.0,2,1
4331,2225.0,20240923.0,3.0,6,21
4332,2226.0,20240923.0,2.0,1,282
4333,2227.0,20240923.0,3.0,4,93
4334,2228.0,20240923.0,4.0,5,230
4335,2229.0,20240924.0,1.0,6,23
4336,2229.0,20240924.0,1.0,5,125
4337,2229.0,20240924.0,1.0,3,1
4338,2230.0,20240924.0,2.0,3,105
4339,2230.0,20240924.0,2.0,4,127
4340,2231.0,20240924.0,2.0,1,112
4341,2232.0,20240924.0,2.0,1,201
4342,2233.0,20240924.0,1.0,5,22
4343,2233.0,20240924.0,1.0,2,60
4344,2233.0,20240924.0,1.0,6,38
4345,2234.0,20240924.0,2.0,3,100
4346,2234.0,20240924.0,2.0,2,35
4347,2235.0,20240924.0,2.0,1,63
4348,2235.0,20240924.0,2.0,3,107
4349,2235.0,20240924.0,2.0,5,13
4350,2236.0,20240924.0,3.0,1,26
4351,2236.0,20240924.0,3.0,6,24
4352,2236.0,20240924.0,3.0,3,18
4353,2237.0,20240925.0,3.0,5,31
4354,2237.0,20240925.0,3.0,3,52
4355,2238.0,20240925.0,4.0,5,68
4356,2239.0,20240925.0,4.0,3,1
4357,2239.0,20240925.0,4.0,6,37
4358,2239.0,20240925.0,4.0,2,22
4359,2240.0,20240925.0,3.0,1,24
4360,2240.0,20240925.0,3.0,5,18
4361,2240.0,20240925.0,3.0,2,29
4362,2241.0,20240925.0,4.0,3,22
4363,2241.0,20240925.0,4.0,2,50
4364,2241.0,20240925.0,4.0,5,51
4365,2242.0,20240925.0,1.0,3,86
4366,2242.0,20240925.0,1.0,5,33
4367,2242.0,20240925.0,1.0,4,77
4368,2243.0,20240925.0,3.0,1,52
4369,2243.0,20240925.0,3.0,5,63
4370,2244.0,20240925.0,4.0,6,129
4371,2244.0,20240925.0,4.0,3,56
4372,2245.0,20240926.0,3.0,6,109
4373,2246.0,20240926.0,1.0,6,7
4374,2246.0,20240926.0,1.0,1,8
4375,2246.0,20240926.0,1.0,3,44
4376,2247.0,20240926.0,4.0,3,51
4377,2247.0,20240926.0,4.0,6,9
4378,2247.0,20240926.0,4.0,4,20
4379,2248.0,20240926.0,1.0,1,16
4380,2248.0,20240926.0,1.0,5,60
4381,2248.0,20240926.0,1.0,4,36
4382,2249.0,20240926.0,3.0,2,40
4383,2249.0,20240926.0,3.0,1,7
4384,2250.0,20240926.0,3.0,3,39
4385,2250.0,20240926.0,3.0,4,12
4386,2251.0,20240926.0,4.0,3,133
4387,2252.0,20240927.0,2.0,6,164
4388,2253.0,20240927.0,2.0,3,70
4389,2253.0,20240927.0,2.0,2,114
4390,2253.0,20240927.0,2.0,6,59
4391,2254.0,20240927.0,1.0,2,9
4392,2254.0,20240927.0,1.0,5,97
4393,2255.0,20240927.0,4.0,3,104
4394,2256.0,20240927.0,3.0,1,22
4395,2256.0,20240927.0,3.0,2,105
4396,2256.0,20240927.0,3.0,6,7
4397,2257.0,20240927.0,4.0,3,137
4398,2257.0,20240927.0,4.0,2,11
4399,2258.0,20240928.0,4.0,4,86
4400,2258.0,20240928.0,4.0,1,59
4401,2258.0,20240928.0,4.0,6,11
4402,2259.0,20240928.0,4.0,5,32
4403,2259.0,20240928.0,4.0,3,182
4404,2260.0,20240928.0,2.0,5,159
4405,2260.0,20240928.0,2.0,3,30
4406,2261.0,20240928.0,1.0,1,24
4407,2261.0,20240928.0,1.0,4,81
4408,2261.0,20240928.0,1.0,3,18
4409,2262.0,20240928.0,1.0,5,47
4410,2263.0,20240928.0,3.0,6,173
4411,2264.0,20240928.0,3.0,2,51
4412,2264.0,20240928.0,3.0,4,11
4413,2264.0,20240928.0,3.0,5,9
4414,2265.0,20240928.0,4.0,5,88
4415,2266.0,20240929.0,4.0,4,94
4416,2266.0,20240929.0,4.0,3,121
4417,2267.0,20240929.0,3.0,3,47
4418,2267.0,20240929.0,3.0,2,35
4419,2268.0,20240929.0,4.0,1,48
4420,2268.0,20240929.0,4.0,2,46
4421,2268.0,20240929.0,4.0,4,21
4422,2269.0,20240929.0,1.0,6,11
4423,2269.0,20240929.0,1.0,3,36
4424,2269.0,20240929.0,1.0,1,42
4425,2270.0,20240929.0,2.0,4,90
4426,2270.0,20240929.0,2.0,6,24
4427,2270.0,20240929.0,2.0,2,5
4428,2271.0,20240929.0,1.0,4,204
4429,2272.0,20240929.0,1.0,6,126
4430,2273.0,20240929.0,2.0,2,210
4431,2273.0,20240929.0,2.0,1,25
4432,2274.0,20240929.0,2.0,2,43
4433,2275.0,20240929.0,1.0,2,147
4434,2276.0,20240930.0,1.0,6,146
4435,2277.0,20240930.0,3.0,5,30
4436,2277.0,20240930.0,3.0,6,133
4437,2278.0,20240930.0,4.0,6,208
4438,2279.0,20240930.0,3.0,5,120
4439,2280.0,20240930.0,1.0,6,5
4440,2280.0,20240930.0,1.0,2,140
4441,2281.0,20240930.0,2.0,3,5
4442,2281.0,20240930.0,2.0,2,151
4443,2282.0,20240930.0,4.0,4,178
4444,2282.0,20240930.0,4.0,3,4
4445,2283.0,20240930.0,1.0,6,60
4446,2283.0,20240930.0,1.0,1,46
4447,2283.0,20240930.0,1.0,5,28
4448,2284.0,20240930.0,3.0,2,53
4449,2285.0,20240930.0,1.0,1,106
4450,2286.0,20240930.0,4.0,5,144
4451,2287.0,20241001.0,3.0,2,35
4452,2287.0,20241001.0,3.0,6,11
4453,2287.0,20241001.0,3.0,1,12
4454,2288.0,20241001.0,4.0,2,98
4455,2289.0,20241001.0,4.0,2,4
4456,2289.0,20241001.0,4.0,5,99
4457,2289.0,20241001.0,4.0,1,1
4458,2290.0,20241001.0,2.0,2,178
4459,2291.0,20241001.0,3.0,3,140
4460,2292.0,20241001.0,3.0,4,130
4461,2293.0,20241001.0,3.0,4,101
4462,2294.0,20241002.0,4.0,2,213
4463,2295.0,20241002.0,4.0,2,114
4464,2296.0,20241002.0,1.0,3,98
4465,2296.0,20241002.0,1.0,5,9
4466,2297.0,20241002.0,1.0,3,44
4467,2297.0,20241002.0,1.0,5,3
4468,2297.0,20241002.0,1.0,6,121
4469,2298.0,20241002.0,1.0,1,92
4470,2299.0,20241002.0,3.0,5,28
4471,2299.0,20241002.0,3.0,6,45
4472,2300.0,20241002.0,2.0,2,221
4473,2301.0,20241003.0,1.0,6,20
4474,2301.0,20241003.0,1.0,3,1
4475,2302.0,20241003.0,2.0,4,131
4476,2303.0,20241003.0,2.0,1,52
4477,2303.0,20241003.0,2.0,6,48
4478,2304.0,20241003.0,1.0,3,132
4479,2304.0,20241003.0,1.0,5,3
4480,2305.0,20241003.0,3.0,5,133
4481,2306.0,20241003.0,1.0,3,28
4482,2306.0,20241003.0,1.0,2,2
4483,2306.0,20241003.0,1.0,5,125
4484,2307.0,20241003.0,2.0,6,12
4485,2307.0,20241003.0,2.0,1,76
4486,2308.0,20241003.0,3.0,3,94
4487,2309.0,20241003.0,3.0,3,102
4488,2309.0,20241003.0,3.0,4,4
4489,2310.0,20241003.0,3.0,2,113
4490,2311.0,20241004.0,3.0,4,26
4491,2311.0,20241004.0,3.0,6,7
4492,2312.0,20241004.0,4.0,2,19
4493,2312.0,20241004.0,4.0,6,5
4494,2313.0,20241004.0,3.0,2,50
4495,2313.0,20241004.0,3.0,3,9
4496,2313.0,20241004.0,3.0,4,3
4497,2314.0,20241004.0,4.0,5,95
4498,2314.0,20241004.0,4.0,1,103
4499,2315.0,20241004.0,2.0,4,102
4500,2315.0,20241004.0,2.0,2,64
4501,2316.0,20241004.0,1.0,2,5
4502,2316.0,20241004.0,1.0,6,105
4503,2317.0,20241004.0,2.0,4,224
4504,2318.0,20241004.0,2.0,2,291
4505,2319.0,20241004.0,4.0,5,80
4506,2319.0,20241004.0,4.0,3,38
4507,2320.0,20241004.0,3.0,3,76
4508,2321.0,20241005.0,1.0,1,52
4509,2321.0,20241005.0,1.0,4,2
4510,2321.0,20241005.0,1.0,3,20
4511,2322.0,20241005.0,3.0,2,1
4512,2322.0,20241005.0,3.0,5,5
4513,2322.0,20241005.0,3.0,3,5
4514,2323.0,20241005.0,2.0,6,60
4515,2323.0,20241005.0,2.0,1,207
4516,2324.0,20241005.0,2.0,2,20
4517,2324.0,20241005.0,2.0,1,81
4518,2325.0,20241005.0,3.0,5,12
4519,2325.0,20241005.0,3.0,2,28
4520,2325.0,20241005.0,3.0,1,13
4521,2326.0,20241005.0,1.0,6,4
4522,2326.0,20241005.0,1.0,2,104
4523,2326.0,20241005.0,1.0,5,37
4524,2327.0,20241005.0,3.0,1,158
4525,2328.0,20241005.0,2.0,3,223
4526,2328.0,20241005.0,2.0,6,74
4527,2329.0,20241005.0,1.0,1,107
4528,2330.0,20241006.0,4.0,2,107
4529,2331.0,20241006.0,4.0,2,88
4530,2332.0,20241006.0,3.0,5,6
4531,2332.0,20241006.0,3.0,3,104
4532,2332.0,20241006.0,3.0,4,7
4533,2333.0,20241006.0,4.0,4,159
4534,2334.0,20241006.0,1.0,3,14
4535,2334.0,20241006.0,1.0,5,16
4536,2335.0,20241006.0,3.0,4,99
4537,2335.0,20241006.0,3.0,3,8
4538,2336.0,20241006.0,4.0,5,1
4539,2336.0,20241006.0,4.0,3,13
4540,2336.0,20241006.0,4.0,2,2
4541,2337.0,20241006.0,2.0,2,130
4542,2337.0,20241006.0,2.0,5,11
4543,2337.0,20241006.0,2.0,3,44
4544,2338.0,20241007.0,2.0,6,2
4545,2338.0,20241007.0,2.0,2,31
4546,2338.0,20241007.0,2.0,1,133
4547,2339.0,20241007.0,2.0,5,180
4548,2339.0,20241007.0,2.0,2,34
4549,2339.0,20241007.0,2.0,3,23
4550,2340.0,20241007.0,4.0,4,114
4551,2341.0,20241007.0,1.0,6,15
4552,2341.0,20241007.0,1.0,3,46
4553,2342.0,20241007.0,2.0,6,245
4554,2343.0,20241007.0,2.0,1,54
4555,2343.0,20241007.0,2.0,2,116
4556,2344.0,20241008.0,3.0,1,5
4557,2344.0,20241008.0,3.0,3,15
4558,2344.0,20241008.0,3.0,4,22
4559,2345.0,20241008.0,4.0,2,89
4560,2346.0,20241008.0,1.0,4,30
4561,2347.0,20241008.0,3.0,1,76
4562,2348.0,20241008.0,3.0,5,59
4563,2349.0,20241008.0,1.0,3,96
4564,2349.0,20241008.0,1.0,1,48
4565,2350.0,20241008.0,3.0,2,111
4566,2350.0,20241008.0,3.0,1,6
4567,2351.0,20241008.0,2.0,5,290
4568,2351.0,20241008.0,2.0,2,11
4569,2352.0,20241009.0,2.0,3,154
4570,2352.0,20241009.0,2.0,5,2
4571,2353.0,20241009.0,2.0,3,111
4572,2354.0,20241009.0,3.0,6,163
4573,2355.0,20241009.0,2.0,5,32
4574,2355.0,20241009.0,2.0,3,125
4575,2356.0,20241009.0,4.0,5,100
4576,2357.0,20241009.0,3.0,3,99
4577,2357.0,20241009.0,3.0,1,13
4578,2358.0,20241010.0,2.0,1,127
4579,2358.0,20241010.0,2.0,2,11
4580,2359.0,20241010.0,4.0,5,157
4581,2360.0,20241010.0,4.0,5,33
4582,2360.0,20241010.0,4.0,6,197
4583,2361.0,20241010.0,1.0,2,92
4584,2362.0,20241010.0,1.0,3,4
4585,2362.0,20241010.0,1.0,1,36
4586,2363.0,20241010.0,4.0,4,62
4587,2364.0,20241010.0,3.0,3,13
4588,2364.0,20241010.0,3.0,4,77
4589,2364.0,20241010.0,3.0,1,2
4590,2365.0,20241011.0,4.0,1,11
4591,2365.0,20241011.0,4.0,4,15
4592,2365.0,20241011.0,4.0,3,68
4593,2366.0,20241011.0,2.0,3,162
4594,2367.0,20241011.0,1.0,6,42
4595,2367.0,20241011.0,1.0,4,41
4596,2367.0,20241011.0,1.0,3,2
4597,2368.0,20241011.0,3.0,1,47
4598,2368.0,20241011.0,3.0,4,42
4599,2369.0,20241011.0,1.0,5,128
4600,2370.0,20241011.0,2.0,5,13
4601,2370.0,20241011.0,2.0,6,130
4602,2371.0,20241012.0,2.0,2,136
4603,2372.0,20241012.0,2.0,5,61
4604,2372.0,20241012.0,2.0,6,21
4605,2373.0,20241012.0,4.0,5,87
4606,2373.0,20241012.0,4.0,4,25
4607,2373.0,20241012.0,4.0,6,27
4608,2374.0,20241012.0,3.0,2,9
4609,2374.0,20241012.0,3.0,1,54
4610,2375.0,20241012.0,4.0,3,81
4611,2376.0,20241012.0,1.0,5,143
4612,2377.0,20241012.0,1.0,2,16
4613,2377.0,20241012.0,1.0,1,37
4614,2378.0,20241012.0,1.0,6,76
4615,2379.0,20241013.0,1.0,5,95
4616,2380.0,20241013.0,1.0,2,5
4617,2380.0,20241013.0,1.0,4,149
4618,2381.0,20241013.0,2.0,1,234
4619,2382.0,20241013.0,2.0,2,130
4620,2382.0,20241013.0,2.0,5,11
4621,2383.0,20241013.0,1.0,5,26
4622,2384.0,20241013.0,2.0,1,78
4623,2384.0,20241013.0,2.0,3,7
4624,2385.0,20241013.0,3.0,5,27
4625,2385.0,20241013.0,3.0,3,24
4626,2386.0,20241013.0,2.0,4,162
4627,2387.0,20241013.0,3.0,4,9
4628,2387.0,20241013.0,3.0,6,9
4629,2387.0,20241013.0,3.0,5,1
4630,2388.0,20241014.0,4.0,4,69
4631,2388.0,20241014.0,4.0,1,111
4632,2388.0,20241014.0,4.0,6,21
4633,2389.0,20241014.0,2.0,5,37
4634,2389.0,20241014.0,2.0,2,49
4635,2389.0,20241014.0,2.0,1,100
4636,2390.0,20241014.0,4.0,3,21
4637,2390.0,20241014.0,4.0,6,29
4638,2391.0,20241014.0,4.0,5,132
4639,2391.0,20241014.0,4.0,1,29
4640,2391.0,20241014.0,4.0,2,6
4641,2392.0,20241014.0,3.0,6,71
4642,2392.0,20241014.0,3.0,5,74
4643,2393.0,20241014.0,4.0,1,20
4644,2393.0,20241014.0,4.0,6,26
4645,2393.0,20241014.0,4.0,2,72
4646,2394.0,20241014.0,4.0,4,7
4647,2394.0,20241014.0,4.0,3,47
4648,2395.0,20241014.0,3.0,1,14
4649,2395.0,20241014.0,3.0,4,55
4650,2396.0,20241015.0,2.0,2,215
4651,2397.0,20241015.0,1.0,3,47
4652,2397.0,20241015.0,1.0,5,114
4653,2398.0,20241015.0,3.0,3,49
4654,2398.0,20241015.0,3.0,1,5
4655,2398.0,20241015.0,3.0,4,10
4656,2399.0,20241015.0,4.0,5,60
4657,2399.0,20241015.0,4.0,1,3
4658,2400.0,20241015.0,1.0,3,110
4659,2401.0,20241015.0,3.0,1,58
4660,2402.0,20241015.0,2.0,1,146
4661,2403.0,20241016.0,3.0,4,55
4662,2403.0,20241016.0,3.0,1,16
4663,2403.0,20241016.0,3.0,6,23
4664,2404.0,20241016.0,1.0,2,41
4665,2405.0,20241016.0,4.0,2,31
4666,2405.0,20241016.0,4.0,6,88
4667,2405.0,20241016.0,4.0,1,63
4668,2406.0,20241016.0,3.0,1,49
4669,2406.0,20241016.0,3.0,4,21
4670,2407.0,20241016.0,2.0,1,246
4671,2407.0,20241016.0,2.0,4,21
4672,2407.0,20241016.0,2.0,3,36
4673,2408.0,20241016.0,1.0,1,61
4674,2409.0,20241016.0,4.0,6,13
4675,2409.0,20241016.0,4.0,3,33
4676,2409.0,20241016.0,4.0,2,23
4677,2410.0,20241016.0,4.0,1,163
4678,2410.0,20241016.0,4.0,2,43
4679,2411.0,20241016.0,2.0,4,3
4680,2411.0,20241016.0,2.0,3,69
4681,2412.0,20241017.0,4.0,2,60
4682,2412.0,20241017.0,4.0,6,31
4683,2412.0,20241017.0,4.0,5,42
4684,2413.0,20241017.0,4.0,2,125
4685,2414.0,20241017.0,3.0,6,132
4686,2414.0,20241017.0,3.0,4,20
4687,2415.0,20241017.0,4.0,5,127
4688,2415.0,20241017.0,4.0,2,10
4689,2416.0,20241017.0,2.0,2,239
4690,2417.0,20241017.0,4.0,5,31
4691,2417.0,20241017.0,4.0,2,9
4692,2417.0,20241017.0,4.0,6,32
4693,2418.0,20241017.0,2.0,6,87
4694,2418.0,20241017.0,2.0,4,78
4695,2418.0,20241017.0,2.0,2,3
4696,2419.0,20241017.0,3.0,3,29
4697,2419.0,20241017.0,3.0,6,2
4698,2419.0,20241017.0,3.0,1,34
4699,2420.0,20241017.0,1.0,5,29
4700,2421.0,20241017.0,4.0,2,73
4701,2422.0,20241018.0,1.0,2,36
4702,2422.0,20241018.0,1.0,5,115
4703,2423.0,20241018.0,1.0,6,4
4704,2423.0,20241018.0,1.0,5,61
4705,2423.0,20241018.0,1.0,2,103
4706,2424.0,20241018.0,4.0,6,89
4707,2424.0,20241018.0,4.0,3,79
4708,2424.0,20241018.0,4.0,5,50
4709,2425.0,20241018.0,3.0,3,22
4710,2425.0,20241018.0,3.0,2,38
4711,2425.0,20241018.0,3.0,4,63
4712,2426.0,20241018.0,4.0,4,50
4713,2427.0,20241018.0,2.0,3,250
4714,2428.0,20241019.0,1.0,6,1
4715,2428.0,20241019.0,1.0,3,8
4716,2428.0,20241019.0,1.0,2,12
4717,2429.0,20241019.0,1.0,1,146
4718,2429.0,20241019.0,1.0,3,4
4719,2430.0,20241019.0,1.0,4,82
4720,2430.0,20241019.0,1.0,6,114
4721,2430.0,20241019.0,1.0,2,2
4722,2431.0,20241019.0,4.0,1,99
4723,2432.0,20241019.0,3.0,5,3
4724,2432.0,20241019.0,3.0,1,63
4725,2432.0,20241019.0,3.0,6,34
4726,2433.0,20241019.0,3.0,5,24
4727,2433.0,20241019.0,3.0,6,30
4728,2434.0,20241019.0,4.0,3,5
4729,2434.0,20241019.0,4.0,5,62
4730,2435.0,20241019.0,1.0,3,95
4731,2435.0,20241019.0,1.0,2,113
4732,2436.0,20241020.0,1.0,5,22
4733,2436.0,20241020.0,1.0,6,93
4734,2436.0,20241020.0,1.0,2,22
4735,2437.0,20241020.0,1.0,1,42
4736,2438.0,20241020.0,4.0,3,146
4737,2439.0,20241020.0,4.0,3,16
4738,2439.0,20241020.0,4.0,1,64
4739,2439.0,20241020.0,4.0,4,68
4740,2440.0,20241020.0,4.0,6,56
4741,2440.0,20241020.0,4.0,5,39
4742,2441.0,20241020.0,4.0,6,60
4743,2442.0,20241020.0,3.0,2,50
4744,2442.0,20241020.0,3.0,5,47
4745,2443.0,20241021.0,3.0,4,73
4746,2444.0,20241021.0,2.0,1,15
4747,2444.0,20241021.0,2.0,3,74
4748,2445.0,20241021.0,4.0,5,7
4749,2445.0,20241021.0,4.0,3,190
4750,2446.0,20241021.0,1.0,4,92
4751,2446.0,20241021.0,1.0,2,59
4752,2447.0,20241021.0,2.0,2,56
4753,2448.0,20241021.0,2.0,4,199
4754,2448.0,20241021.0,2.0,5,112
4755,2449.0,20241022.0,1.0,4,4
4756,2449.0,20241022.0,1.0,2,3
4757,2450.0,20241022.0,2.0,3,212
4758,2450.0,20241022.0,2.0,2,156
4759,2451.0,20241022.0,2.0,1,37
4760,2451.0,20241022.0,2.0,6,35
4761,2451.0,20241022.0,2.0,2,109
4762,2452.0,20241022.0,1.0,3,125
4763,2452.0,20241022.0,1.0,4,98
4764,2453.0,20241022.0,2.0,1,198
4765,2454.0,20241022.0,2.0,5,179
4766,2455.0,20241022.0,1.0,2,138
4767,2456.0,20241023.0,1.0,1,65
4768,2457.0,20241023.0,3.0,4,60
4769,2457.0,20241023.0,3.0,2,47
4770,2458.0,20241023.0,3.0,1,77
4771,2458.0,20241023.0,3.0,4,23
4772,2459.0,20241023.0,4.0,4,167
4773,2459.0,20241023.0,4.0,2,2
4774,2460.0,20241023.0,1.0,3,126
4775,2460.0,20241023.0,1.0,2,141
4776,2461.0,20241023.0,4.0,4,9
4777,2461.0,20241023.0,4.0,2,62
4778,2461.0,20241023.0,4.0,6,44
4779,2462.0,20241023.0,2.0,5,64
4780,2462.0,20241023.0,2.0,4,69
4781,2462.0,20241023.0,2.0,1,33
4782,2463.0,20241023.0,2.0,3,325
4783,2464.0,20241023.0,2.0,4,224
4784,2465.0,20241024.0,3.0,5,10
4785,2465.0,20241024.0,3.0,1,17
4786,2465.0,20241024.0,3.0,4,2
4787,2466.0,20241024.0,1.0,4,150
4788,2467.0,20241024.0,2.0,1,7
4789,2467.0,20241024.0,2.0,4,7
4790,2467.0,20241024.0,2.0,6,36
4791,2468.0,20241024.0,4.0,4,206
4792,2469.0,20241024.0,3.0,2,56
4793,2469.0,20241024.0,3.0,5,35
4794,2470.0,20241024.0,4.0,1,189
4795,2471.0,20241024.0,1.0,6,16
4796,2471.0,20241024.0,1.0,3,43
4797,2472.0,20241024.0,4.0,3,47
4798,2472.0,20241024.0,4.0,4,15
4799,2472.0,20241024.0,4.0,1,20
4800,2473.0,20241025.0,1.0,6,105
4801,2474.0,20241025.0,2.0,3,121
4802,2475.0,20241025.0,3.0,1,60
4803,2475.0,20241025.0,3.0,3,65
4804,2476.0,20241025.0,1.0,6,59
4805,2476.0,20241025.0,1.0,1,1
4806,2476.0,20241025.0,1.0,3,11
4807,2477.0,20241025.0,2.0,5,81
4808,2477.0,20241025.0,2.0,3,114
4809,2477.0,20241025.0,2.0,2,86
4810,2478.0,20241025.0,2.0,1,61
4811,2479.0,20241025.0,4.0,5,51
4812,2479.0,20241025.0,4.0,2,22
4813,2480.0,20241025.0,2.0,4,63
4814,2480.0,20241025.0,2.0,6,21
4815,2480.0,20241025.0,2.0,1,95
4816,2481.0,20241026.0,3.0,1,50
4817,2481.0,20241026.0,3.0,2,39
4818,2482.0,20241026.0,4.0,4,79
4819,2482.0,20241026.0,4.0,6,17
4820,2482.0,20241026.0,4.0,1,12
4821,2483.0,20241026.0,3.0,2,26
4822,2483.0,20241026.0,3.0,3,101
4823,2484.0,20241026.0,2.0,4,188
4824,2484.0,20241026.0,2.0,1,36
4825,2484.0,20241026.0,2.0,6,20
4826,2485.0,20241026.0,1.0,6,66
4827,2486.0,20241026.0,4.0,4,62
4828,2487.0,20241026.0,4.0,2,95
4829,2488.0,20241026.0,4.0,2,133
4830,2489.0,20241026.0,1.0,5,44
4831,2489.0,20241026.0,1.0,2,87
4832,2490.0,20241027.0,2.0,3,24
4833,2490.0,20241027.0,2.0,5,29
4834,2490.0,20241027.0,2.0,2,34
4835,2491.0,20241027.0,2.0,4,41
4836,2491.0,20241027.0,2.0,6,241
4837,2492.0,20241027.0,4.0,5,128
4838,2492.0,20241027.0,4.0,2,28
4839,2492.0,20241027.0,4.0,1,67
4840,2493.0,20241027.0,2.0,6,159
4841,2494.0,20241027.0,3.0,6,51
4842,2494.0,20241027.0,3.0,1,28
4843,2495.0,20241027.0,1.0,6,28
4844,2495.0,20241027.0,1.0,3,35
4845,2495.0,20241027.0,1.0,5,21
4846,2496.0,20241028.0,4.0,2,6
4847,2496.0,20241028.0,4.0,1,3
4848,2497.0,20241028.0,3.0,5,14
4849,2497.0,20241028.0,3.0,1,93
4850,2498.0,20241028.0,4.0,5,108
4851,2498.0,20241028.0,4.0,1,35
4852,2499.0,20241028.0,4.0,2,36
4853,2499.0,20241028.0,4.0,4,65
4854,2500.0,20241028.0,3.0,4,73
4855,2501.0,20241028.0,3.0,5,58
4856,2501.0,20241028.0,3.0,2,4
4857,2501.0,20241028.0,3.0,4,72
4858,2502.0,20241028.0,3.0,2,66
4859,2503.0,20241029.0,4.0,1,151
4860,2503.0,20241029.0,4.0,4,52
4861,2503.0,20241029.0,4.0,5,36
4862,2504.0,20241029.0,2.0,2,113
4863,2505.0,20241029.0,3.0,3,40
4864,2505.0,20241029.0,3.0,5,42
4865,2506.0,20241029.0,4.0,1,58
4866,2507.0,20241029.0,2.0,2,217
4867,2508.0,20241029.0,3.0,3,53
4868,2508.0,20241029.0,3.0,1,40
4869,2509.0,20241029.0,2.0,1,268
4870,2510.0,20241029.0,2.0,4,125
4871,2510.0,20241029.0,2.0,3,16
4872,2510.0,20241029.0,2.0,5,26
4873,2511.0,20241029.0,3.0,4,7
4874,2511.0,20241029.0,3.0,2,27
4875,2512.0,20241029.0,4.0,6,137
4876,2513.0,20241029.0,3.0,6,135
4877,2514.0,20241030.0,1.0,2,146
4878,2514.0,20241030.0,1.0,3,14
4879,2515.0,20241030.0,3.0,5,56
4880,2515.0,20241030.0,3.0,3,45
4881,2516.0,20241030.0,2.0,5,106
4882,2516.0,20241030.0,2.0,2,24
4883,2516.0,20241030.0,2.0,3,25
4884,2517.0,20241030.0,4.0,6,99
4885,2518.0,20241030.0,1.0,3,14
4886,2518.0,20241030.0,1.0,6,48
4887,2518.0,20241030.0,1.0,5,1
4888,2519.0,20241030.0,3.0,6,26
4889,2519.0,20241030.0,3.0,4,41
4890,2519.0,20241030.0,3.0,2,11
4891,2520.0,20241030.0,2.0,6,53
4892,2520.0,20241030.0,2.0,4,27
4893,2521.0,20241031.0,2.0,6,190
4894,2521.0,20241031.0,2.0,2,3
4895,2521.0,20241031.0,2.0,3,107
4896,2522.0,20241031.0,1.0,4,32
4897,2522.0,20241031.0,1.0,2,138
4898,2523.0,20241031.0,3.0,3,106
4899,2523.0,20241031.0,3.0,5,4
4900,2524.0,20241031.0,2.0,4,92
4901,2524.0,20241031.0,2.0,1,128
4902,2524.0,20241031.0,2.0,5,53
4903,2525.0,20241031.0,2.0,4,49
4904,2525.0,20241031.0,2.0,5,42
4905,2525.0,20241031.0,2.0,2,16
4906,2526.0,20241031.0,2.0,3,64
4907,2526.0,20241031.0,2.0,6,157
4908,2527.0,20241031.0,2.0,5,193
4909,2528.0,20241031.0,4.0,1,24
4910,2528.0,20241031.0,4.0,4,69
4911,2528.0,20241031.0,4.0,5,28
4912,2529.0,20241101.0,3.0,4,102
4913,2529.0,20241101.0,3.0,3,18
4914,2530.0,20241101.0,3.0,4,26
4915,2530.0,20241101.0,3.0,3,49
4916,2531.0,20241101.0,2.0,3,136
4917,2531.0,20241101.0,2.0,2,39
4918,2531.0,20241101.0,2.0,4,17
4919,2532.0,20241101.0,3.0,2,84
4920,2533.0,20241101.0,1.0,6,38
4921,2533.0,20241101.0,1.0,5,13
4922,2533.0,20241101.0,1.0,3,13
4923,2534.0,20241101.0,3.0,6,12
4924,2534.0,20241101.0,3.0,1,29
4925,2534.0,20241101.0,3.0,3,1
4926,2535.0,20241102.0,2.0,3,10
4927,2535.0,20241102.0,2.0,5,122
4928,2535.0,20241102.0,2.0,6,34
4929,2536.0,20241102.0,2.0,2,143
4930,2537.0,20241102.0,4.0,4,46
4931,2537.0,20241102.0,4.0,6,1
4932,2537.0,20241102.0,4.0,3,106
4933,2538.0,20241102.0,4.0,1,108
4934,2539.0,20241102.0,2.0,6,57
4935,2539.0,20241102.0,2.0,5,54
4936,2539.0,20241102.0,2.0,1,47
4937,2540.0,20241102.0,1.0,4,1
4938,2540.0,20241102.0,1.0,2,110
4939,2541.0,20241103.0,3.0,2,2
4940,2541.0,20241103.0,3.0,3,48
4941,2541.0,20241103.0,3.0,5,57
4942,2542.0,20241103.0,3.0,2,86
4943,2543.0,20241103.0,1.0,6,104
4944,2543.0,20241103.0,1.0,2,7
4945,2543.0,20241103.0,1.0,1,32
4946,2544.0,20241103.0,4.0,3,142
4947,2545.0,20241103.0,3.0,6,23
4948,2545.0,20241103.0,3.0,1,86
4949,2545.0,20241103.0,3.0,5,26
4950,2546.0,20241103.0,1.0,5,114
4951,2547.0,20241103.0,3.0,4,71
4952,2547.0,20241103.0,3.0,2,2
4953,2547.0,20241103.0,3.0,6,4
4954,2548.0,20241104.0,3.0,6,97
4955,2549.0,20241104.0,1.0,2,103
4956,2549.0,20241104.0,1.0,6,3
4957,2550.0,20241104.0,4.0,4,53
4958,2551.0,20241104.0,2.0,2,228
4959,2552.0,20241104.0,1.0,3,77
4960,2553.0,20241104.0,4.0,5,9
4961,2553.0,20241104.0,4.0,4,172
4962,2554.0,20241104.0,2.0,4,9
4963,2554.0,20241104.0,2.0,2,3
4964,2555.0,20241104.0,4.0,5,169
4965,2556.0,20241104.0,4.0,4,157
4966,2557.0,20241104.0,1.0,4,77
4967,2558.0,20241104.0,4.0,5,44
4968,2558.0,20241104.0,4.0,2,44
4969,2559.0,20241105.0,2.0,6,137
4970,2559.0,20241105.0,2.0,5,22
4971,2559.0,20241105.0,2.0,2,59
4972,2560.0,20241105.0,4.0,4,84
4973,2561.0,20241105.0,1.0,1,135
4974,2562.0,20241105.0,2.0,4,33
4975,2562.0,20241105.0,2.0,6,70
4976,2563.0,20241105.0,4.0,3,45
4977,2563.0,20241105.0,4.0,4,55
4978,2563.0,20241105.0,4.0,5,61
4979,2564.0,20241105.0,2.0,3,67
4980,2565.0,20241105.0,4.0,6,6
4981,2565.0,20241105.0,4.0,5,143
4982,2566.0,20241105.0,2.0,4,26
4983,2566.0,20241105.0,2.0,5,13
4984,2566.0,20241105.0,2.0,6,20
4985,2567.0,20241105.0,2.0,5,107
4986,2567.0,20241105.0,2.0,1,89
4987,2568.0,20241105.0,1.0,2,37
4988,2568.0,20241105.0,1.0,3,26
4989,2568.0,20241105.0,1.0,5,114
4990,2569.0,20241105.0,2.0,6,226
4991,2569.0,20241105.0,2.0,1,44
4992,2569.0,20241105.0,2.0,5,52
4993,2570.0,20241106.0,1.0,5,12
4994,2570.0,20241106.0,1.0,4,99
4995,2570.0,20241106.0,1.0,2,39
4996,2571.0,20241106.0,1.0,4,10
4997,2571.0,20241106.0,1.0,6,90
4998,2571.0,20241106.0,1.0,2,46
4999,2572.0,20241106.0,2.0,4,47
5000,2572.0,20241106.0,2.0,3,99
5001,2573.0,20241106.0,4.0,5,95
5002,2573.0,20241106.0,4.0,2,32
5003,2573.0,20241106.0,4.0,6,23
5004,2574.0,20241106.0,4.0,2,31
5005,2574.0,20241106.0,4.0,5,23
5006,2575.0,20241106.0,4.0,5,23
5007,2575.0,20241106.0,4.0,3,21
5008,2575.0,20241106.0,4.0,2,29
5009,2576.0,20241106.0,1.0,5,55
5010,2576.0,20241106.0,1.0,3,90
5011,2577.0,20241106.0,2.0,1,90
5012,2577.0,20241106.0,2.0,2,84
5013,2578.0,20241107.0,1.0,5,113
5014,2578.0,20241107.0,1.0,2,45
5015,2579.0,20241107.0,2.0,3,6
5016,2579.0,20241107.0,2.0,1,146
5017,2580.0,20241107.0,4.0,1,52
5018,2580.0,20241107.0,4.0,6,128
5019,2580.0,20241107.0,4.0,3,71
5020,2581.0,20241107.0,1.0,4,107
5021,2581.0,20241107.0,1.0,6,3
5022,2582.0,20241107.0,1.0,2,42
5023,2583.0,20241107.0,1.0,2,64
5024,2583.0,20241107.0,1.0,1,68
5025,2584.0,20241108.0,4.0,3,11
5026,2584.0,20241108.0,4.0,5,60
5027,2584.0,20241108.0,4.0,2,105
5028,2585.0,20241108.0,1.0,1,44
5029,2585.0,20241108.0,1.0,5,109
5030,2586.0,20241108.0,1.0,5,149
5031,2586.0,20241108.0,1.0,3,22
5032,2587.0,20241108.0,2.0,1,48
5033,2588.0,20241108.0,1.0,1,100
5034,2589.0,20241108.0,1.0,5,140
5035,2590.0,20241109.0,1.0,6,88
5036,2591.0,20241109.0,2.0,1,34
5037,2591.0,20241109.0,2.0,3,88
5038,2592.0,20241109.0,2.0,4,128
5039,2592.0,20241109.0,2.0,2,17
5040,2592.0,20241109.0,2.0,5,33
5041,2593.0,20241109.0,3.0,1,34
5042,2593.0,20241109.0,3.0,4,14
5043,2594.0,20241109.0,2.0,4,16
5044,2594.0,20241109.0,2.0,6,208
5045,2595.0,20241109.0,4.0,2,37
5046,2595.0,20241109.0,4.0,4,39
5047,2596.0,20241109.0,3.0,2,39
5048,2596.0,20241109.0,3.0,1,38
5049,2597.0,20241110.0,1.0,6,34
5050,2597.0,20241110.0,1.0,5,74
5051,2597.0,20241110.0,1.0,2,5
5052,2598.0,20241110.0,3.0,4,51
5053,2598.0,20241110.0,3.0,5,20
5054,2598.0,20241110.0,3.0,2,5
5055,2599.0,20241110.0,2.0,4,161
5056,2599.0,20241110.0,2.0,1,66
5057,2600.0,20241110.0,3.0,2,69
5058,2600.0,20241110.0,3.0,4,12
5059,2601.0,20241110.0,1.0,6,115
5060,2602.0,20241110.0,4.0,5,177
5061,2602.0,20241110.0,4.0,3,2
5062,2603.0,20241110.0,1.0,2,49
5063,2603.0,20241110.0,1.0,5,35
5064,2603.0,20241110.0,1.0,3,63
5065,2604.0,20241110.0,4.0,5,66
5066,2604.0,20241110.0,4.0,4,1
5067,2604.0,20241110.0,4.0,1,48
5068,2605.0,20241111.0,2.0,6,8
5069,2605.0,20241111.0,2.0,4,72
5070,2605.0,20241111.0,2.0,2,120
5071,2606.0,20241111.0,3.0,1,44
5072,2606.0,20241111.0,3.0,6,50
5073,2606.0,20241111.0,3.0,5,5
5074,2607.0,20241111.0,3.0,1,83
5075,2608.0,20241111.0,2.0,6,81
5076,2608.0,20241111.0,2.0,2,30
5077,2608.0,20241111.0,2.0,3,68
5078,2609.0,20241111.0,2.0,2,127
5079,2610.0,20241111.0,4.0,6,58
5080,2610.0,20241111.0,4.0,2,84
5081,2611.0,20241112.0,2.0,2,228
5082,2612.0,20241112.0,3.0,3,1
5083,2612.0,20241112.0,3.0,4,44
5084,2612.0,20241112.0,3.0,2,43
5085,2613.0,20241112.0,2.0,5,16
5086,2613.0,20241112.0,2.0,1,79
5087,2614.0,20241112.0,4.0,2,14
5088,2614.0,20241112.0,4.0,6,47
5089,2614.0,20241112.0,4.0,1,6
5090,2615.0,20241112.0,1.0,1,29
5091,2615.0,20241112.0,1.0,3,96
5092,2616.0,20241112.0,3.0,6,27
5093,2616.0,20241112.0,3.0,4,4
5094,2617.0,20241113.0,1.0,6,63
5095,2617.0,20241113.0,1.0,3,99
5096,2618.0,20241113.0,1.0,5,56
5097,2618.0,20241113.0,1.0,2,4
5098,2618.0,20241113.0,1.0,3,48
5099,2619.0,20241113.0,3.0,3,73
5100,2619.0,20241113.0,3.0,5,33
5101,2619.0,20241113.0,3.0,1,8
5102,2620.0,20241113.0,3.0,5,32
5103,2620.0,20241113.0,3.0,3,22
5104,2621.0,20241113.0,3.0,5,26
5105,2621.0,20241113.0,3.0,6,46
5106,2622.0,20241113.0,3.0,2,133
5107,2623.0,20241113.0,1.0,5,61
5108,2624.0,20241114.0,1.0,5,145
5109,2625.0,20241114.0,1.0,3,8
5110,2626.0,20241114.0,1.0,1,31
5111,2626.0,20241114.0,1.0,6,5
5112,2627.0,20241114.0,2.0,6,184
5113,2627.0,20241114.0,2.0,4,109
5114,2628.0,20241114.0,1.0,4,59
5115,2628.0,20241114.0,1.0,5,25
5116,2629.0,20241114.0,4.0,4,93
5117,2630.0,20241115.0,3.0,3,22
5118,2630.0,20241115.0,3.0,5,7
5119,2630.0,20241115.0,3.0,6,81
5120,2631.0,20241115.0,3.0,1,38
5121,2631.0,20241115.0,3.0,3,7
5122,2631.0,20241115.0,3.0,2,31
5123,2632.0,20241115.0,1.0,4,20
5124,2632.0,20241115.0,1.0,1,97
5125,2632.0,20241115.0,1.0,6,80
5126,2633.0,20241115.0,4.0,3,84
5127,2633.0,20241115.0,4.0,2,103
5128,2634.0,20241115.0,3.0,3,48
5129,2634.0,20241115.0,3.0,5,34
5130,2634.0,20241115.0,3.0,1,3
5131,2635.0,20241115.0,4.0,3,22
5132,2635.0,20241115.0,4.0,2,164
5133,2636.0,20241115.0,4.0,4,78
5134,2637.0,20241116.0,4.0,4,149
5135,2637.0,20241116.0,4.0,6,8
5136,2638.0,20241116.0,3.0,4,75
5137,2639.0,20241116.0,1.0,2,124
5138,2640.0,20241116.0,4.0,3,21
5139,2640.0,20241116.0,4.0,6,87
5140,2640.0,20241116.0,4.0,2,27
5141,2641.0,20241116.0,2.0,2,235
5142,2642.0,20241116.0,1.0,2,114
5143,2643.0,20241116.0,1.0,4,37
5144,2644.0,20241116.0,3.0,6,65
5145,2644.0,20241116.0,3.0,1,2
5146,2645.0,20241116.0,2.0,2,131
5147,2646.0,20241116.0,3.0,3,62
5148,2646.0,20241116.0,3.0,1,16
5149,2647.0,20241117.0,1.0,3,3
5150,2647.0,20241117.0,1.0,1,52
5151,2648.0,20241117.0,4.0,5,99
5152,2648.0,20241117.0,4.0,1,1
5153,2649.0,20241117.0,2.0,5,149
5154,2650.0,20241117.0,3.0,2,25
5155,2650.0,20241117.0,3.0,1,32
5156,2651.0,20241117.0,3.0,3,30
5157,2651.0,20241117.0,3.0,2,4
5158,2651.0,20241117.0,3.0,6,12
5159,2652.0,20241117.0,3.0,3,34
5160,2652.0,20241117.0,3.0,4,54
5161,2653.0,20241117.0,3.0,5,5
5162,2653.0,20241117.0,3.0,4,100
5163,2653.0,20241117.0,3.0,1,12
5164,2654.0,20241117.0,2.0,5,327
5165,2655.0,20241117.0,3.0,6,98
5166,2656.0,20241117.0,3.0,2,174
5167,2657.0,20241117.0,4.0,1,77
5168,2658.0,20241118.0,2.0,1,71
5169,2658.0,20241118.0,2.0,5,52
5170,2659.0,20241118.0,1.0,1,103
5171,2660.0,20241118.0,2.0,2,92
5172,2660.0,20241118.0,2.0,1,58
5173,2660.0,20241118.0,2.0,3,83
5174,2661.0,20241118.0,3.0,3,49
5175,2661.0,20241118.0,3.0,4,45
5176,2662.0,20241118.0,2.0,6,106
5177,2662.0,20241118.0,2.0,5,78
5178,2663.0,20241118.0,1.0,6,98
5179,2664.0,20241118.0,4.0,4,1
5180,2664.0,20241118.0,4.0,5,8
5181,2665.0,20241118.0,2.0,4,52
5182,2665.0,20241118.0,2.0,1,13
5183,2665.0,20241118.0,2.0,3,80
5184,2666.0,20241118.0,1.0,6,32
5185,2666.0,20241118.0,1.0,3,32
5186,2667.0,20241118.0,3.0,5,171
5187,2668.0,20241119.0,3.0,1,20
5188,2668.0,20241119.0,3.0,3,3
5189,2668.0,20241119.0,3.0,4,7
5190,2669.0,20241119.0,3.0,2,80
5191,2670.0,20241119.0,4.0,4,97
5192,2671.0,20241119.0,2.0,4,4
5193,2671.0,20241119.0,2.0,2,53
5194,2671.0,20241119.0,2.0,5,53
5195,2672.0,20241119.0,1.0,3,15
5196,2672.0,20241119.0,1.0,5,6
5197,2672.0,20241119.0,1.0,6,71
5198,2673.0,20241119.0,3.0,6,25
5199,2673.0,20241119.0,3.0,1,34
5200,2674.0,20241119.0,4.0,4,100
5201,2674.0,20241119.0,4.0,2,5
5202,2674.0,20241119.0,4.0,3,34
5203,2675.0,20241119.0,1.0,6,3
5204,2675.0,20241119.0,1.0,4,3
5205,2675.0,20241119.0,1.0,3,1
5206,2676.0,20241119.0,1.0,4,213
5207,2677.0,20241119.0,1.0,2,1
5208,2677.0,20241119.0,1.0,1,45
5209,2677.0,20241119.0,1.0,4,44
5210,2678.0,20241120.0,2.0,3,109
5211,2679.0,20241120.0,3.0,5,62
5212,2680.0,20241120.0,2.0,1,272
5213,2681.0,20241120.0,2.0,4,57
5214,2681.0,20241120.0,2.0,2,69
5215,2681.0,20241120.0,2.0,5,58
5216,2682.0,20241120.0,3.0,4,108
5217,2683.0,20241120.0,1.0,6,68
5218,2683.0,20241120.0,1.0,2,2
5219,2683.0,20241120.0,1.0,3,49
5220,2684.0,20241120.0,3.0,6,67
5221,2684.0,20241120.0,3.0,3,48
5222,2685.0,20241121.0,3.0,1,19
5223,2685.0,20241121.0,3.0,4,28
5224,2686.0,20241121.0,2.0,5,49
5225,2686.0,20241121.0,2.0,3,44
5226,2686.0,20241121.0,2.0,2,59
5227,2687.0,20241121.0,4.0,4,145
5228,2688.0,20241121.0,3.0,6,35
5229,2688.0,20241121.0,3.0,4,12
5230,2689.0,20241121.0,4.0,3,199
5231,2690.0,20241121.0,3.0,3,155
5232,2691.0,20241121.0,1.0,3,82
5233,2691.0,20241121.0,1.0,2,97
5234,2692.0,20241121.0,1.0,4,52
5235,2692.0,20241121.0,1.0,1,1
5236,2692.0,20241121.0,1.0,5,20
5237,2693.0,20241121.0,2.0,5,113
5238,2693.0,20241121.0,2.0,1,17
5239,2693.0,20241121.0,2.0,4,129
5240,2694.0,20241122.0,1.0,1,105
5241,2695.0,20241122.0,1.0,2,166
5242,2696.0,20241122.0,2.0,5,214
5243,2697.0,20241122.0,4.0,4,49
5244,2697.0,20241122.0,4.0,5,25
5245,2697.0,20241122.0,4.0,2,23
5246,2698.0,20241122.0,4.0,5,129
5247,2699.0,20241122.0,1.0,2,19
5248,2699.0,20241122.0,1.0,6,49
5249,2700.0,20241122.0,4.0,6,5
5250,2700.0,20241122.0,4.0,3,33
5251,2700.0,20241122.0,4.0,2,72
5252,2701.0,20241122.0,4.0,2,125
5253,2701.0,20241122.0,4.0,6,28
5254,2702.0,20241122.0,3.0,3,96
5255,2703.0,20241122.0,1.0,1,61
5256,2704.0,20241122.0,1.0,6,57
5257,2704.0,20241122.0,1.0,4,63
5258,2705.0,20241123.0,2.0,5,19
5259,2705.0,20241123.0,2.0,4,22
5260,2705.0,20241123.0,2.0,2,10
5261,2706.0,20241123.0,3.0,3,65
5262,2706.0,20241123.0,3.0,2,8
5263,2707.0,20241123.0,2.0,4,170
5264,2708.0,20241123.0,1.0,5,101
5265,2709.0,20241123.0,2.0,5,75
5266,2709.0,20241123.0,2.0,1,173
5267,2709.0,20241123.0,2.0,2,7
5268,2710.0,20241123.0,3.0,1,106
5269,2711.0,20241123.0,4.0,2,119
5270,2712.0,20241123.0,4.0,1,23
5271,2712.0,20241123.0,4.0,2,139
5272,2712.0,20241123.0,4.0,6,2
5273,2713.0,20241123.0,3.0,4,64
5274,2713.0,20241123.0,3.0,5,18
5275,2713.0,20241123.0,3.0,1,17
5276,2714.0,20241123.0,4.0,3,98
5277,2715.0,20241123.0,3.0,1,96
5278,2716.0,20241124.0,4.0,4,150
5279,2717.0,20241124.0,1.0,5,28
5280,2717.0,20241124.0,1.0,2,107
5281,2717.0,20241124.0,1.0,4,96
5282,2718.0,20241124.0,1.0,2,3
5283,2718.0,20241124.0,1.0,6,23
5284,2718.0,20241124.0,1.0,1,82
5285,2719.0,20241124.0,3.0,1,24
5286,2719.0,20241124.0,3.0,3,103
5287,2720.0,20241124.0,1.0,4,63
5288,2720.0,20241124.0,1.0,2,3
5289,2720.0,20241124.0,1.0,3,75
5290,2721.0,20241124.0,1.0,6,122
5291,2722.0,20241124.0,1.0,2,25
5292,2722.0,20241124.0,1.0,3,108
5293,2723.0,20241124.0,1.0,5,152
5294,2723.0,20241124.0,1.0,3,10
5295,2723.0,20241124.0,1.0,1,22
5296,2724.0,20241124.0,1.0,1,147
5297,2724.0,20241124.0,1.0,4,16
5298,2725.0,20241124.0,1.0,2,65
5299,2726.0,20241125.0,2.0,6,23
5300,2726.0,20241125.0,2.0,2,19
5301,2727.0,20241125.0,3.0,5,58
5302,2728.0,20241125.0,1.0,5,40
5303,2728.0,20241125.0,1.0,2,29
5304,2728.0,20241125.0,1.0,3,31
5305,2729.0,20241125.0,1.0,3,42
5306,2729.0,20241125.0,1.0,6,60
5307,2730.0,20241125.0,2.0,4,79
5308,2731.0,20241125.0,3.0,6,59
5309,2731.0,20241125.0,3.0,1,54
5310,2731.0,20241125.0,3.0,2,61
5311,2732.0,20241125.0,4.0,6,56
5312,2733.0,20241126.0,1.0,1,212
5313,2734.0,20241126.0,1.0,4,78
5314,2734.0,20241126.0,1.0,3,10
5315,2734.0,20241126.0,1.0,6,42
5316,2735.0,20241126.0,1.0,6,71
5317,2736.0,20241126.0,3.0,4,85
5318,2737.0,20241126.0,1.0,1,120
5319,2738.0,20241126.0,3.0,1,24
5320,2739.0,20241126.0,4.0,3,91
5321,2740.0,20241126.0,1.0,2,36
5322,2740.0,20241126.0,1.0,6,72
5323,2741.0,20241127.0,2.0,2,86
5324,2742.0,20241127.0,3.0,1,46
5325,2742.0,20241127.0,3.0,5,60
5326,2743.0,20241127.0,1.0,1,153
5327,2744.0,20241127.0,3.0,2,127
5328,2745.0,20241127.0,3.0,5,1
5329,2745.0,20241127.0,3.0,2,71
5330,2745.0,20241127.0,3.0,1,39
5331,2746.0,20241127.0,4.0,4,64
5332,2746.0,20241127.0,4.0,2,22
5333,2746.0,20241127.0,4.0,1,34
5334,2747.0,20241127.0,4.0,1,177
5335,2748.0,20241128.0,1.0,3,13
5336,2748.0,20241128.0,1.0,4,31
5337,2748.0,20241128.0,1.0,2,38
5338,2749.0,20241128.0,1.0,4,29
5339,2749.0,20241128.0,1.0,3,39
5340,2750.0,20241128.0,4.0,3,145
5341,2751.0,20241128.0,2.0,5,96
5342,2751.0,20241128.0,2.0,3,20
5343,2752.0,20241128.0,3.0,6,33
5344,2752.0,20241128.0,3.0,3,34
5345,2752.0,20241128.0,3.0,4,2
5346,2753.0,20241128.0,1.0,2,79
5347,2753.0,20241128.0,1.0,5,19
5348,2754.0,20241128.0,2.0,6,11
5349,2754.0,20241128.0,2.0,5,208
5350,2755.0,20241128.0,4.0,3,33
5351,2755.0,20241128.0,4.0,2,125
5352,2755.0,20241128.0,4.0,6,104
5353,2756.0,20241128.0,1.0,2,99
5354,2757.0,20241128.0,4.0,6,335
5355,2758.0,20241128.0,4.0,4,270
5356,2759.0,20241129.0,2.0,1,133
5357,2760.0,20241129.0,3.0,1,60
5358,2760.0,20241129.0,3.0,6,28
5359,2761.0,20241129.0,1.0,2,60
5360,2762.0,20241129.0,4.0,2,63
5361,2762.0,20241129.0,4.0,6,20
5362,2762.0,20241129.0,4.0,1,13
5363,2763.0,20241129.0,3.0,6,3
5364,2763.0,20241129.0,3.0,3,31
5365,2763.0,20241129.0,3.0,2,66
5366,2764.0,20241129.0,3.0,4,6
5367,2764.0,20241129.0,3.0,3,29
5368,2765.0,20241129.0,2.0,3,154
5369,2766.0,20241129.0,4.0,6,180
5370,2767.0,20241130.0,1.0,5,44
5371,2767.0,20241130.0,1.0,1,4
5372,2768.0,20241130.0,2.0,2,167
5373,2768.0,20241130.0,2.0,6,67
5374,2769.0,20241130.0,4.0,1,94
5375,2770.0,20241130.0,2.0,2,82
5376,2770.0,20241130.0,2.0,4,116
5377,2770.0,20241130.0,2.0,6,11
5378,2771.0,20241130.0,4.0,4,7
5379,2771.0,20241130.0,4.0,1,44
5380,2771.0,20241130.0,4.0,2,14
5381,2772.0,20241130.0,3.0,6,48
5382,2772.0,20241130.0,3.0,5,16
5383,2772.0,20241130.0,3.0,2,87
5384,2773.0,20241130.0,4.0,3,15
5385,2773.0,20241130.0,4.0,2,89
5386,2773.0,20241130.0,4.0,5,21
5387,2774.0,20241130.0,2.0,2,50
5388,2774.0,20241130.0,2.0,5,64
5389,2774.0,20241130.0,2.0,4,23
5390,2775.0,20241130.0,1.0,6,130
5391,2776.0,20241201.0,1.0,2,39
5392,2777.0,20241201.0,3.0,4,24
5393,2778.0,20241201.0,1.0,5,91
5394,2778.0,20241201.0,1.0,6,52
5395,2779.0,20241201.0,1.0,1,141
5396,2780.0,20241201.0,1.0,4,92
5397,2781.0,20241201.0,3.0,5,13
5398,2781.0,20241201.0,3.0,3,4
5399,2781.0,20241201.0,3.0,4,49
5400,2782.0,20241201.0,4.0,2,31
5401,2782.0,20241201.0,4.0,3,14
5402,2783.0,20241201.0,1.0,6,106
5403,2783.0,20241201.0,1.0,2,18
5404,2784.0,20241201.0,2.0,6,92
5405,2784.0,20241201.0,2.0,1,11
5406,2784.0,20241201.0,2.0,5,12
5407,2785.0,20241201.0,3.0,6,96
5408,2786.0,20241201.0,2.0,1,168
5409,2787.0,20241202.0,3.0,5,12
5410,2787.0,20241202.0,3.0,3,77
5411,2788.0,20241202.0,4.0,3,155
5412,2789.0,20241202.0,3.0,5,11
5413,2789.0,20241202.0,3.0,1,91
5414,2789.0,20241202.0,3.0,2,17
5415,2790.0,20241202.0,4.0,3,1
5416,2790.0,20241202.0,4.0,1,197
5417,2791.0,20241202.0,4.0,3,227
5418,2792.0,20241202.0,1.0,3,90
5419,2792.0,20241202.0,1.0,1,18
5420,2793.0,20241202.0,4.0,2,16
5421,2793.0,20241202.0,4.0,1,120
5422,2794.0,20241203.0,3.0,6,110
5423,2795.0,20241203.0,4.0,5,87
5424,2795.0,20241203.0,4.0,4,2
5425,2795.0,20241203.0,4.0,6,2
5426,2796.0,20241203.0,4.0,6,194
5427,2797.0,20241203.0,2.0,4,102
5428,2798.0,20241203.0,1.0,3,23
5429,2798.0,20241203.0,1.0,4,62
5430,2798.0,20241203.0,1.0,6,13
5431,2799.0,20241203.0,2.0,4,258
5432,2800.0,20241203.0,3.0,4,6
5433,2800.0,20241203.0,3.0,5,63
5434,2800.0,20241203.0,3.0,2,60
5435,2801.0,20241203.0,1.0,2,74
5436,2801.0,20241203.0,1.0,4,45
5437,2802.0,20241204.0,1.0,5,182
5438,2802.0,20241204.0,1.0,6,1
5439,2803.0,20241204.0,3.0,6,11
5440,2803.0,20241204.0,3.0,3,65
5441,2803.0,20241204.0,3.0,4,8
5442,2804.0,20241204.0,3.0,4,63
5443,2804.0,20241204.0,3.0,1,31
5444,2805.0,20241204.0,1.0,1,86
5445,2805.0,20241204.0,1.0,6,28
5446,2806.0,20241204.0,3.0,1,132
5447,2807.0,20241204.0,4.0,6,167
5448,2808.0,20241204.0,4.0,6,92
5449,2808.0,20241204.0,4.0,1,14
5450,2808.0,20241204.0,4.0,4,35
5451,2809.0,20241204.0,2.0,3,22
5452,2809.0,20241204.0,2.0,6,31
5453,2809.0,20241204.0,2.0,5,20
5454,2810.0,20241204.0,4.0,2,61
5455,2811.0,20241204.0,2.0,2,8
5456,2811.0,20241204.0,2.0,6,47
5457,2812.0,20241204.0,3.0,5,72
5458,2812.0,20241204.0,3.0,4,71
5459,2813.0,20241205.0,2.0,5,256
5460,2813.0,20241205.0,2.0,1,35
5461,2814.0,20241205.0,3.0,6,74
5462,2814.0,20241205.0,3.0,2,76
5463,2815.0,20241205.0,3.0,6,44
5464,2815.0,20241205.0,3.0,3,42
5465,2816.0,20241205.0,1.0,5,16
5466,2816.0,20241205.0,1.0,4,87
5467,2817.0,20241205.0,1.0,3,127
5468,2818.0,20241205.0,3.0,3,109
5469,2819.0,20241205.0,1.0,1,77
5470,2820.0,20241205.0,2.0,6,68
5471,2820.0,20241205.0,2.0,3,24
5472,2820.0,20241205.0,2.0,2,64
5473,2821.0,20241205.0,3.0,2,101
5474,2822.0,20241205.0,4.0,2,89
5475,2822.0,20241205.0,4.0,1,64
5476,2823.0,20241206.0,1.0,2,18
5477,2823.0,20241206.0,1.0,3,43
5478,2824.0,20241206.0,2.0,5,207
5479,2825.0,20241206.0,2.0,5,201
5480,2826.0,20241206.0,1.0,4,147
5481,2827.0,20241206.0,3.0,1,64
5482,2827.0,20241206.0,3.0,3,48
5483,2828.0,20241206.0,3.0,5,6
5484,2828.0,20241206.0,3.0,1,7
5485,2829.0,20241206.0,1.0,3,47
5486,2829.0,20241206.0,1.0,6,13
5487,2830.0,20241206.0,2.0,4,85
5488,2830.0,20241206.0,2.0,2,11
5489,2830.0,20241206.0,2.0,5,71
5490,2831.0,20241206.0,1.0,1,4
5491,2831.0,20241206.0,1.0,4,71
5492,2832.0,20241207.0,4.0,4,10
5493,2832.0,20241207.0,4.0,2,60
5494,2832.0,20241207.0,4.0,1,20
5495,2833.0,20241207.0,1.0,4,29
5496,2833.0,20241207.0,1.0,5,79
5497,2833.0,20241207.0,1.0,1,1
5498,2834.0,20241207.0,4.0,4,42
5499,2834.0,20241207.0,4.0,3,121
5500,2835.0,20241207.0,4.0,2,10
5501,2835.0,20241207.0,4.0,6,252
5502,2836.0,20241207.0,2.0,2,97
5503,2836.0,20241207.0,2.0,4,21
5504,2837.0,20241207.0,2.0,6,174
5505,2838.0,20241207.0,3.0,3,94
5506,2839.0,20241207.0,1.0,6,52
5507,2839.0,20241207.0,1.0,2,52
5508,2839.0,20241207.0,1.0,5,36
5509,2840.0,20241207.0,4.0,5,17
5510,2840.0,20241207.0,4.0,4,176
5511,2841.0,20241207.0,1.0,5,94
5512,2842.0,20241207.0,1.0,1,74
5513,2843.0,20241208.0,3.0,1,87
5514,2844.0,20241208.0,2.0,3,88
5515,2844.0,20241208.0,2.0,1,41
5516,2845.0,20241208.0,4.0,5,4
5517,2845.0,20241208.0,4.0,1,179
5518,2846.0,20241208.0,1.0,2,14
5519,2846.0,20241208.0,1.0,6,57
5520,2847.0,20241208.0,4.0,1,20
5521,2847.0,20241208.0,4.0,3,38
5522,2847.0,20241208.0,4.0,5,34
5523,2848.0,20241208.0,2.0,6,134
5524,2848.0,20241208.0,2.0,1,51
5525,2849.0,20241208.0,4.0,4,79
5526,2850.0,20241208.0,1.0,5,164
5527,2851.0,20241208.0,4.0,5,56
5528,2852.0,20241209.0,4.0,2,6
5529,2852.0,20241209.0,4.0,6,181
5530,2853.0,20241209.0,3.0,5,47
5531,2853.0,20241209.0,3.0,3,15
5532,2854.0,20241209.0,2.0,6,81
5533,2855.0,20241209.0,2.0,6,216
5534,2855.0,20241209.0,2.0,2,5
5535,2855.0,20241209.0,2.0,1,21
5536,2856.0,20241209.0,3.0,3,13
5537,2856.0,20241209.0,3.0,5,82
5538,2856.0,20241209.0,3.0,4,4
5539,2857.0,20241209.0,3.0,2,13
5540,2857.0,20241209.0,3.0,1,22
5541,2857.0,20241209.0,3.0,3,44
5542,2858.0,20241210.0,3.0,2,4
5543,2858.0,20241210.0,3.0,5,122
5544,2859.0,20241210.0,1.0,6,24
5545,2859.0,20241210.0,1.0,4,77
5546,2859.0,20241210.0,1.0,2,56
5547,2860.0,20241210.0,1.0,1,15
5548,2860.0,20241210.0,1.0,6,42
5549,2861.0,20241210.0,4.0,6,57
5550,2861.0,20241210.0,4.0,5,16
5551,2861.0,20241210.0,4.0,2,62
5552,2862.0,20241210.0,2.0,2,89
5553,2862.0,20241210.0,2.0,6,47
5554,2862.0,20241210.0,2.0,3,38
5555,2863.0,20241210.0,3.0,3,108
5556,2864.0,20241210.0,1.0,6,57
5557,2864.0,20241210.0,1.0,4,55
5558,2864.0,20241210.0,1.0,3,8
5559,2865.0,20241210.0,1.0,5,32
5560,2866.0,20241210.0,3.0,4,94
5561,2867.0,20241210.0,3.0,1,20
5562,2867.0,20241210.0,3.0,3,16
5563,2868.0,20241210.0,4.0,5,160
5564,2869.0,20241211.0,4.0,1,172
5565,2869.0,20241211.0,4.0,6,9
5566,2870.0,20241211.0,3.0,5,98
5567,2871.0,20241211.0,1.0,4,90
5568,2871.0,20241211.0,1.0,5,80
5569,2872.0,20241211.0,1.0,5,123
5570,2872.0,20241211.0,1.0,4,82
5571,2873.0,20241211.0,1.0,1,28
5572,2873.0,20241211.0,1.0,5,52
5573,2874.0,20241211.0,3.0,4,45
5574,2874.0,20241211.0,3.0,3,57
5575,2875.0,20241211.0,3.0,6,35
5576,2875.0,20241211.0,3.0,5,40
5577,2875.0,20241211.0,3.0,4,21
5578,2876.0,20241211.0,1.0,4,54
5579,2876.0,20241211.0,1.0,6,102
5580,2877.0,20241211.0,2.0,3,192
5581,2877.0,20241211.0,2.0,5,7
5582,2877.0,20241211.0,2.0,6,14
5583,2878.0,20241211.0,4.0,3,107
5584,2878.0,20241211.0,4.0,2,27
5585,2879.0,20241212.0,1.0,6,27
5586,2879.0,20241212.0,1.0,3,126
5587,2880.0,20241212.0,4.0,6,24
5588,2880.0,20241212.0,4.0,5,24
5589,2881.0,20241212.0,4.0,3,83
5590,2881.0,20241212.0,4.0,6,62
5591,2882.0,20241212.0,3.0,4,6
5592,2882.0,20241212.0,3.0,3,5
5593,2882.0,20241212.0,3.0,5,84
5594,2883.0,20241212.0,1.0,1,14
5595,2883.0,20241212.0,1.0,5,129
5596,2884.0,20241212.0,2.0,6,71
5597,2884.0,20241212.0,2.0,4,165
5598,2885.0,20241212.0,2.0,2,14
5599,2885.0,20241212.0,2.0,1,115
5600,2886.0,20241213.0,2.0,2,39
5601,2886.0,20241213.0,2.0,3,8
5602,2886.0,20241213.0,2.0,6,93
5603,2887.0,20241213.0,3.0,1,4
5604,2887.0,20241213.0,3.0,4,75
5605,2888.0,20241213.0,2.0,6,80
5606,2888.0,20241213.0,2.0,5,3
5607,2889.0,20241213.0,4.0,3,44
5608,2889.0,20241213.0,4.0,2,87
5609,2889.0,20241213.0,4.0,1,22
5610,2890.0,20241213.0,2.0,3,54
5611,2890.0,20241213.0,2.0,5,149
5612,2891.0,20241213.0,4.0,2,43
5613,2892.0,20241213.0,1.0,1,96
5614,2892.0,20241213.0,1.0,4,45
5615,2892.0,20241213.0,1.0,3,5
5616,2893.0,20241214.0,2.0,3,118
5617,2893.0,20241214.0,2.0,4,14
5618,2894.0,20241214.0,1.0,2,105
5619,2894.0,20241214.0,1.0,5,47
5620,2895.0,20241214.0,4.0,1,61
5621,2895.0,20241214.0,4.0,2,57
5622,2895.0,20241214.0,4.0,4,28
5623,2896.0,20241214.0,1.0,3,199
5624,2897.0,20241214.0,4.0,3,23
5625,2897.0,20241214.0,4.0,4,72
5626,2897.0,20241214.0,4.0,2,52
5627,2898.0,20241214.0,4.0,5,76
5628,2898.0,20241214.0,4.0,2,103
5629,2898.0,20241214.0,4.0,4,14
5630,2899.0,20241214.0,3.0,5,53
5631,2900.0,20241214.0,1.0,4,83
5632,2901.0,20241214.0,2.0,4,119
5633,2901.0,20241214.0,2.0,1,50
5634,2901.0,20241214.0,2.0,5,26
5635,2902.0,20241214.0,4.0,6,171
5636,2903.0,20241215.0,3.0,3,73
5637,2903.0,20241215.0,3.0,4,7
5638,2903.0,20241215.0,3.0,2,51
5639,2904.0,20241215.0,4.0,1,73
5640,2905.0,20241215.0,1.0,2,164
5641,2906.0,20241215.0,3.0,3,23
5642,2906.0,20241215.0,3.0,1,1
5643,2906.0,20241215.0,3.0,4,20
5644,2907.0,20241215.0,3.0,1,61
5645,2907.0,20241215.0,3.0,4,12
5646,2908.0,20241215.0,1.0,3,192
5647,2909.0,20241215.0,1.0,6,132
5648,2910.0,20241215.0,3.0,1,19
5649,2910.0,20241215.0,3.0,5,59
5650,2911.0,20241215.0,4.0,1,133
5651,2912.0,20241215.0,4.0,5,32
5652,2913.0,20241215.0,1.0,2,73
5653,2913.0,20241215.0,1.0,1,55
5654,2914.0,20241216.0,3.0,4,9
5655,2914.0,20241216.0,3.0,5,12
5656,2914.0,20241216.0,3.0,1,33
5657,2915.0,20241216.0,4.0,4,10
5658,2915.0,20241216.0,4.0,3,34
5659,2915.0,20241216.0,4.0,5,83
5660,2916.0,20241216.0,1.0,4,26
5661,2916.0,20241216.0,1.0,6,34
5662,2917.0,20241216.0,1.0,1,101
5663,2918.0,20241216.0,3.0,2,69
5664,2918.0,20241216.0,3.0,5,33
5665,2918.0,20241216.0,3.0,1,9
5666,2919.0,20241216.0,1.0,4,181
5667,2919.0,20241216.0,1.0,1,6
5668,2920.0,20241216.0,3.0,1,9
5669,2920.0,20241216.0,3.0,6,47
5670,2920.0,20241216.0,3.0,4,42
5671,2921.0,20241217.0,1.0,6,12
5672,2921.0,20241217.0,1.0,1,56
5673,2922.0,20241217.0,1.0,2,125
5674,2923.0,20241217.0,4.0,3,61
5675,2924.0,20241217.0,3.0,1,57
5676,2924.0,20241217.0,3.0,5,4
5677,2925.0,20241217.0,4.0,5,64
5678,2925.0,20241217.0,4.0,6,53
5679,2926.0,20241217.0,4.0,5,22
5680,2926.0,20241217.0,4.0,2,181
5681,2927.0,20241217.0,4.0,4,118
5682,2928.0,20241217.0,2.0,3,109
5683,2929.0,20241217.0,4.0,2,11
5684,2929.0,20241217.0,4.0,3,2
5685,2929.0,20241217.0,4.0,4,65
5686,2930.0,20241218.0,2.0,3,146
5687,2930.0,20241218.0,2.0,6,44
5688,2931.0,20241218.0,1.0,3,147
5689,2932.0,20241218.0,1.0,1,79
5690,2932.0,20241218.0,1.0,5,46
5691,2932.0,20241218.0,1.0,2,4
5692,2933.0,20241218.0,2.0,5,186
5693,2933.0,20241218.0,2.0,4,18
5694,2934.0,20241218.0,1.0,4,74
5695,2934.0,20241218.0,1.0,6,4
5696,2935.0,20241218.0,2.0,1,42
5697,2935.0,20241218.0,2.0,6,94
5698,2936.0,20241218.0,1.0,2,49
5699,2936.0,20241218.0,1.0,6,49
5700,2937.0,20241218.0,4.0,3,155
5701,2938.0,20241218.0,1.0,1,13
5702,2938.0,20241218.0,1.0,5,16
5703,2938.0,20241218.0,1.0,6,40
5704,2939.0,20241219.0,2.0,4,1
5705,2939.0,20241219.0,2.0,6,193
5706,2939.0,20241219.0,2.0,2,5
5707,2940.0,20241219.0,2.0,1,37
5708,2940.0,20241219.0,2.0,3,78
5709,2941.0,20241219.0,4.0,3,95
5710,2942.0,20241219.0,3.0,5,63
5711,2942.0,20241219.0,3.0,4,3
5712,2942.0,20241219.0,3.0,6,17
5713,2943.0,20241219.0,2.0,3,238
5714,2944.0,20241219.0,4.0,5,13
5715,2944.0,20241219.0,4.0,4,57
5716,2944.0,20241219.0,4.0,6,59
5717,2945.0,20241219.0,3.0,2,25
5718,2945.0,20241219.0,3.0,4,8
5719,2945.0,20241219.0,3.0,3,3
5720,2946.0,20241219.0,2.0,2,329
5721,2947.0,20241219.0,3.0,4,18
5722,2947.0,20241219.0,3.0,6,48
5723,2947.0,20241219.0,3.0,3,14
5724,2948.0,20241219.0,2.0,6,72
5725,2948.0,20241219.0,2.0,5,10
5726,2948.0,20241219.0,2.0,1,122
5727,2949.0,20241219.0,2.0,4,41
5728,2949.0,20241219.0,2.0,6,191
5729,2950.0,20241220.0,3.0,6,44
5730,2950.0,20241220.0,3.0,3,36
5731,2951.0,20241220.0,4.0,4,68
5732,2952.0,20241220.0,2.0,3,133
5733,2953.0,20241220.0,3.0,2,25
5734,2953.0,20241220.0,3.0,1,12
5735,2954.0,20241220.0,1.0,5,32
5736,2954.0,20241220.0,1.0,1,60
5737,2955.0,20241220.0,4.0,1,5
5738,2955.0,20241220.0,4.0,4,85
5739,2956.0,20241220.0,2.0,1,127
5740,2957.0,20241221.0,3.0,1,56
5741,2957.0,20241221.0,3.0,5,14
5742,2958.0,20241221.0,4.0,3,92
5743,2958.0,20241221.0,4.0,6,46
5744,2959.0,20241221.0,2.0,2,18
5745,2959.0,20241221.0,2.0,3,13
5746,2959.0,20241221.0,2.0,4,14
5747,2960.0,20241221.0,2.0,6,156
5748,2961.0,20241221.0,4.0,6,4
5749,2961.0,20241221.0,4.0,2,78
5750,2961.0,20241221.0,4.0,5,64
5751,2962.0,20241221.0,4.0,3,148
5752,2963.0,20241221.0,2.0,6,281
5753,2963.0,20241221.0,2.0,2,45
5754,2964.0,20241222.0,1.0,1,93
5755,2965.0,20241222.0,2.0,6,13
5756,2965.0,20241222.0,2.0,1,116
5757,2966.0,20241222.0,1.0,3,13
5758,2966.0,20241222.0,1.0,4,113
5759,2967.0,20241222.0,1.0,4,94
5760,2968.0,20241222.0,4.0,4,36
5761,2968.0,20241222.0,4.0,3,38
5762,2969.0,20241222.0,1.0,1,8
5763,2969.0,20241222.0,1.0,2,124
5764,2969.0,20241222.0,1.0,5,3
5765,2970.0,20241222.0,4.0,5,12
5766,2970.0,20241222.0,4.0,1,136
5767,2971.0,20241222.0,2.0,4,112
5768,2971.0,20241222.0,2.0,1,9
5769,2972.0,20241223.0,4.0,5,71
5770,2972.0,20241223.0,4.0,3,14
5771,2973.0,20241223.0,3.0,2,91
5772,2974.0,20241223.0,1.0,5,159
5773,2975.0,20241223.0,2.0,4,128
5774,2975.0,20241223.0,2.0,1,48
5775,2975.0,20241223.0,2.0,6,10
5776,2976.0,20241223.0,3.0,4,1
5777,2976.0,20241223.0,3.0,5,86
5778,2976.0,20241223.0,3.0,6,1
5779,2977.0,20241223.0,4.0,6,199
5780,2978.0,20241223.0,2.0,3,170
5781,2979.0,20241223.0,3.0,5,44
5782,2980.0,20241223.0,1.0,6,147
5783,2981.0,20241224.0,3.0,3,85
5784,2981.0,20241224.0,3.0,4,13
5785,2982.0,20241224.0,2.0,4,306
5786,2982.0,20241224.0,2.0,6,1
5787,2983.0,20241224.0,2.0,5,7
5788,2983.0,20241224.0,2.0,1,1
5789,2983.0,20241224.0,2.0,4,11
5790,2984.0,20241224.0,1.0,4,23
5791,2984.0,20241224.0,1.0,1,126
5792,2985.0,20241224.0,3.0,2,13
5793,2985.0,20241224.0,3.0,5,60
5794,2985.0,20241224.0,3.0,6,35
5795,2986.0,20241224.0,2.0,3,30
5796,2986.0,20241224.0,2.0,1,177
5797,2987.0,20241225.0,3.0,2,90
5798,2988.0,20241225.0,3.0,5,30
5799,2988.0,20241225.0,3.0,1,59
5800,2988.0,20241225.0,3.0,6,1
5801,2989.0,20241225.0,3.0,5,9
5802,2990.0,20241225.0,3.0,1,19
5803,2990.0,20241225.0,3.0,3,28
5804,2990.0,20241225.0,3.0,2,1
5805,2991.0,20241225.0,4.0,1,35
5806,2991.0,20241225.0,4.0,5,38
5807,2991.0,20241225.0,4.0,6,28
5808,2992.0,20241225.0,1.0,2,195
5809,2993.0,20241225.0,1.0,6,124
5810,2993.0,20241225.0,1.0,1,29
5811,2994.0,20241225.0,3.0,4,155
5812,2995.0,20241225.0,2.0,6,92
5813,2995.0,20241225.0,2.0,3,84
5814,2995.0,20241225.0,2.0,5,22
5815,2996.0,20241225.0,4.0,1,5
5816,2996.0,20241225.0,4.0,5,40
5817,2997.0,20241226.0,4.0,1,24
5818,2997.0,20241226.0,4.0,2,45
5819,2997.0,20241226.0,4.0,3,64
5820,2998.0,20241226.0,1.0,6,55
5821,2998.0,20241226.0,1.0,4,55
5822,2998.0,20241226.0,1.0,2,28
5823,2999.0,20241226.0,3.0,6,53
5824,2999.0,20241226.0,3.0,2,45
5825,3000.0,20241226.0,3.0,5,88
5826,3000.0,20241226.0,3.0,6,29
5827,3001.0,20241226.0,2.0,4,227
5828,3002.0,20241226.0,4.0,6,1
5829,3002.0,20241226.0,4.0,5,17
5830,3002.0,20241226.0,4.0,1,3
5831,3003.0,20241226.0,4.0,4,84
5832,3003.0,20241226.0,4.0,1,31
5833,3004.0,20241226.0,1.0,3,47
5834,3004.0,20241226.0,1.0,2,64
5835,3004.0,20241226.0,1.0,1,9
5836,3005.0,20241226.0,3.0,5,89
5837,3005.0,20241226.0,3.0,1,11
5838,3005.0,20241226.0,3.0,6,38
5839,3006.0,20241226.0,3.0,2,63
5840,3007.0,20241227.0,1.0,6,58
5841,3007.0,20241227.0,1.0,1,13
5842,3007.0,20241227.0,1.0,4,49
5843,3008.0,20241227.0,2.0,5,85
5844,3008.0,20241227.0,2.0,2,23
5845,3008.0,20241227.0,2.0,3,53
5846,3009.0,20241227.0,2.0,6,41
5847,3009.0,20241227.0,2.0,5,2
5848,3010.0,20241227.0,3.0,5,146
5849,3011.0,20241227.0,3.0,2,39
5850,3012.0,20241227.0,1.0,6,128
5851,3012.0,20241227.0,1.0,5,10
5852,3013.0,20241227.0,2.0,3,57
5853,3013.0,20241227.0,2.0,1,38
5854,3013.0,20241227.0,2.0,6,108
5855,3014.0,20241227.0,1.0,1,114
5856,3015.0,20241227.0,2.0,1,153
5857,3015.0,20241227.0,2.0,5,114
5858,3016.0,20241227.0,4.0,3,52
5859,3016.0,20241227.0,4.0,2,18
5860,3017.0,20241228.0,1.0,4,94
5861,3018.0,20241228.0,4.0,5,3
5862,3018.0,20241228.0,4.0,1,122
5863,3019.0,20241228.0,3.0,6,13
5864,3020.0,20241228.0,3.0,2,42
5865,3021.0,20241228.0,3.0,2,74
5866,3021.0,20241228.0,3.0,6,20
5867,3022.0,20241228.0,1.0,4,156
5868,3023.0,20241229.0,4.0,6,58
5869,3023.0,20241229.0,4.0,2,10
5870,3023.0,20241229.0,4.0,4,45
5871,3024.0,20241229.0,3.0,1,60
5872,3025.0,20241229.0,2.0,5,76
5873,3025.0,20241229.0,2.0,3,117
5874,3026.0,20241229.0,2.0,5,150
5875,3027.0,20241229.0,3.0,6,11
5876,3027.0,20241229.0,3.0,1,52
5877,3028.0,20241229.0,4.0,6,194
5878,3029.0,20241229.0,3.0,6,12
5879,3029.0,20241229.0,3.0,4,78
5880,3029.0,20241229.0,3.0,1,57
5881,3030.0,20241230.0,4.0,4,34
5882,3030.0,20241230.0,4.0,1,51
5883,3030.0,20241230.0,4.0,3,95
5884,3031.0,20241230.0,1.0,4,26
5885,3031.0,20241230.0,1.0,1,70
5886,3032.0,20241230.0,3.0,1,27
5887,3032.0,20241230.0,3.0,5,96
5888,3033.0,20241230.0,2.0,1,75
5889,3033.0,20241230.0,2.0,6,3
5890,3033.0,20241230.0,2.0,2,60
5891,3034.0,20241230.0,1.0,4,51
5892,3034.0,20241230.0,1.0,1,21
5893,3034.0,20241230.0,1.0,3,33
5894,3035.0,20241230.0,4.0,2,110
5895,3036.0,20241230.0,1.0,4,70
5896,3036.0,20241230.0,1.0,1,49
5897,3036.0,20241230.0,1.0,6,3
5898,3037.0,20241230.0,3.0,3,25
5899,3037.0,20241230.0,3.0,6,30
5900,3037.0,20241230.0,3.0,4,6
5901,3038.0,20241230.0,1.0,3,57
5902,3038.0,20241230.0,1.0,1,98
5903,3039.0,20241231.0,1.0,3,54
5904,3040.0,20241231.0,4.0,3,15
5905,3040.0,20241231.0,4.0,4,52
5906,3040.0,20241231.0,4.0,2,7
5907,3041.0,20241231.0,1.0,4,64
5908,3041.0,20241231.0,1.0,5,36
5909,3041.0,20241231.0,1.0,6,47
5910,3042.0,20241231.0,2.0,6,86
5911,3043.0,20241231.0,3.0,5,49
5912,3043.0,20241231.0,3.0,2,9
5913,3044.0,20241231.0,1.0,6,26
5914,3044.0,20241231.0,1.0,2,120
5915,3045.0,20241231.0,4.0,1,27
5916,3045.0,20241231.0,4.0,5,2
5917,3045.0,20241231.0,4.0,2,31
5918,3046.0,20250101.0,3.0,2,28
5919,3046.0,20250101.0,3.0,3,1
5920,3047.0,20250101.0,1.0,4,219
5921,3048.0,20250101.0,2.0,5,1
5922,3048.0,20250101.0,2.0,4,43
5923,3048.0,20250101.0,2.0,3,118
5924,3049.0,20250101.0,2.0,3,78
5925,3049.0,20250101.0,2.0,4,106
5926,3050.0,20250101.0,2.0,4,126
5927,3051.0,20250101.0,1.0,2,100
5928,3051.0,20250101.0,1.0,3,10
5929,3052.0,20250101.0,2.0,4,29
5930,3052.0,20250101.0,2.0,1,139
5931,3052.0,20250101.0,2.0,2,16
5932,3053.0,20250101.0,3.0,6,69
5933,3053.0,20250101.0,3.0,3,4
5934,3053.0,20250101.0,3.0,5,23
5935,3054.0,20250101.0,3.0,6,71
5936,3055.0,20250102.0,1.0,3,4
5937,3055.0,20250102.0,1.0,6,27
5938,3055.0,20250102.0,1.0,2,133
5939,3056.0,20250102.0,4.0,6,173
5940,3057.0,20250102.0,4.0,3,109
5941,3057.0,20250102.0,4.0,1,14
5942,3058.0,20250102.0,4.0,3,26
5943,3058.0,20250102.0,4.0,6,74
5944,3058.0,20250102.0,4.0,2,90
5945,3059.0,20250102.0,1.0,5,85
5946,3060.0,20250102.0,4.0,6,98
5947,3060.0,20250102.0,4.0,5,52
5948,3060.0,20250102.0,4.0,3,14
5949,3061.0,20250102.0,3.0,4,115
5950,3062.0,20250102.0,2.0,2,131
5951,3063.0,20250102.0,4.0,2,161
5952,3064.0,20250103.0,3.0,2,3
5953,3064.0,20250103.0,3.0,4,30
5954,3064.0,20250103.0,3.0,3,19
5955,3065.0,20250103.0,2.0,2,95
5956,3065.0,20250103.0,2.0,4,17
5957,3065.0,20250103.0,2.0,6,121
5958,3066.0,20250103.0,1.0,5,3
5959,3066.0,20250103.0,1.0,4,16
5960,3067.0,20250103.0,1.0,3,144
5961,3067.0,20250103.0,1.0,2,51
5962,3068.0,20250103.0,4.0,1,92
5963,3068.0,20250103.0,4.0,3,1
5964,3068.0,20250103.0,4.0,4,17
5965,3069.0,20250103.0,4.0,3,134
5966,3069.0,20250103.0,4.0,6,133
5967,3070.0,20250103.0,1.0,5,84
5968,3071.0,20250103.0,3.0,6,18
5969,3071.0,20250103.0,3.0,2,2
5970,3071.0,20250103.0,3.0,1,21
5971,3072.0,20250103.0,1.0,4,106
5972,3073.0,20250103.0,3.0,3,40
5973,3073.0,20250103.0,3.0,6,85
5974,3074.0,20250103.0,2.0,2,145
5975,3074.0,20250103.0,2.0,3,60
5976,3075.0,20250104.0,3.0,4,52
5977,3076.0,20250104.0,1.0,1,22
5978,3076.0,20250104.0,1.0,3,86
5979,3076.0,20250104.0,1.0,2,40
5980,3077.0,20250104.0,4.0,3,107
5981,3078.0,20250104.0,1.0,4,79
5982,3079.0,20250104.0,4.0,2,45
5983,3079.0,20250104.0,4.0,3,57
5984,3080.0,20250104.0,4.0,5,5
5985,3080.0,20250104.0,4.0,4,18
5986,3080.0,20250104.0,4.0,1,97
5987,3081.0,20250105.0,3.0,6,15
5988,3081.0,20250105.0,3.0,2,4
5989,3082.0,20250105.0,1.0,1,40
5990,3082.0,20250105.0,1.0,3,120
5991,3083.0,20250105.0,4.0,1,126
5992,3084.0,20250105.0,3.0,5,57
5993,3084.0,20250105.0,3.0,6,31
5994,3084.0,20250105.0,3.0,2,7
5995,3085.0,20250105.0,3.0,5,2
5996,3085.0,20250105.0,3.0,4,104
5997,3086.0,20250105.0,1.0,6,8
5998,3086.0,20250105.0,1.0,2,59
5999,3086.0,20250105.0,1.0,3,39
6000,3087.0,20250105.0,3.0,3,34
6001,3087.0,20250105.0,3.0,2,49
6002,3088.0,20250105.0,1.0,6,45
6003,3088.0,20250105.0,1.0,1,18
6004,3088.0,20250105.0,1.0,2,22
6005,3089.0,20250105.0,3.0,4,131
6006,3090.0,20250105.0,1.0,6,133
6007,3091.0,20250105.0,3.0,4,4
6008,3091.0,20250105.0,3.0,1,62
6009,3092.0,20250106.0,3.0,6,38
6010,3093.0,20250106.0,1.0,4,202
6011,3093.0,20250106.0,1.0,5,27
6012,3093.0,20250106.0,1.0,1,8
6013,3094.0,20250106.0,4.0,3,125
6014,3095.0,20250106.0,1.0,4,90
6015,3096.0,20250106.0,1.0,5,180
6016,3097.0,20250106.0,3.0,6,116
6017,3098.0,20250106.0,1.0,5,2
6018,3098.0,20250106.0,1.0,2,140
6019,3098.0,20250106.0,1.0,6,17
6020,3099.0,20250106.0,4.0,2,37
6021,3099.0,20250106.0,4.0,5,22
6022,3099.0,20250106.0,4.0,1,6
6023,3100.0,20250106.0,4.0,1,49
6024,3100.0,20250106.0,4.0,3,82
6025,3100.0,20250106.0,4.0,4,12
6026,3101.0,20250106.0,1.0,4,4
6027,3101.0,20250106.0,1.0,1,98
6028,3102.0,20250107.0,4.0,4,127
6029,3103.0,20250107.0,1.0,4,18
6030,3103.0,20250107.0,1.0,1,133
6031,3104.0,20250107.0,2.0,5,18
6032,3104.0,20250107.0,2.0,2,65
6033,3105.0,20250107.0,3.0,2,13
6034,3105.0,20250107.0,3.0,4,126
6035,3106.0,20250107.0,3.0,4,23
6036,3106.0,20250107.0,3.0,1,2
6037,3106.0,20250107.0,3.0,6,6
6038,3107.0,20250107.0,1.0,3,76
6039,3107.0,20250107.0,1.0,6,29
6040,3108.0,20250107.0,3.0,5,73
6041,3109.0,20250107.0,4.0,3,151
6042,3110.0,20250108.0,4.0,4,309
6043,3111.0,20250108.0,2.0,4,13
6044,3111.0,20250108.0,2.0,3,11
6045,3111.0,20250108.0,2.0,5,25
6046,3112.0,20250108.0,3.0,6,13
6047,3112.0,20250108.0,3.0,2,60
6048,3112.0,20250108.0,3.0,4,13
6049,3113.0,20250108.0,4.0,6,26
6050,3113.0,20250108.0,4.0,3,176
6051,3114.0,20250108.0,1.0,5,70
6052,3114.0,20250108.0,1.0,4,49
6053,3115.0,20250108.0,1.0,3,169
6054,3116.0,20250108.0,4.0,2,3
6055,3116.0,20250108.0,4.0,4,127
6056,3117.0,20250108.0,3.0,4,60
6057,3118.0,20250108.0,3.0,4,57
6058,3118.0,20250108.0,3.0,1,5
6059,3118.0,20250108.0,3.0,6,46
6060,3119.0,20250108.0,1.0,4,103
6061,3120.0,20250109.0,4.0,6,138
6062,3120.0,20250109.0,4.0,3,7
6063,3121.0,20250109.0,4.0,5,146
6064,3122.0,20250109.0,3.0,5,5
6065,3122.0,20250109.0,3.0,3,11
6066,3122.0,20250109.0,3.0,6,2
6067,3123.0,20250109.0,2.0,2,72
6068,3123.0,20250109.0,2.0,3,234
6069,3124.0,20250109.0,3.0,6,2
6070,3124.0,20250109.0,3.0,3,60
6071,3124.0,20250109.0,3.0,5,22
6072,3125.0,20250109.0,1.0,2,143
6073,3126.0,20250109.0,2.0,6,38
6074,3126.0,20250109.0,2.0,1,52
6075,3126.0,20250109.0,2.0,3,71
6076,3127.0,20250109.0,1.0,1,130
6077,3128.0,20250109.0,4.0,1,40
6078,3128.0,20250109.0,4.0,6,94
6079,3128.0,20250109.0,4.0,4,4
6080,3129.0,20250110.0,2.0,2,77
6081,3129.0,20250110.0,2.0,1,100
6082,3129.0,20250110.0,2.0,5,91
6083,3130.0,20250110.0,3.0,1,16
6084,3130.0,20250110.0,3.0,4,70
6085,3130.0,20250110.0,3.0,5,27
6086,3131.0,20250110.0,3.0,3,3
6087,3131.0,20250110.0,3.0,1,40
6088,3131.0,20250110.0,3.0,6,84
6089,3132.0,20250110.0,3.0,1,7
6090,3132.0,20250110.0,3.0,3,81
6091,3132.0,20250110.0,3.0,2,6
6092,3133.0,20250110.0,1.0,2,182
6093,3134.0,20250110.0,2.0,2,82
6094,3135.0,20250110.0,1.0,6,71
6095,3136.0,20250111.0,2.0,4,145
6096,3136.0,20250111.0,2.0,5,81
6097,3137.0,20250111.0,1.0,6,26
6098,3137.0,20250111.0,1.0,3,130
6099,3138.0,20250111.0,3.0,3,94
6100,3139.0,20250111.0,4.0,2,7
6101,3139.0,20250111.0,4.0,3,108
6102,3139.0,20250111.0,4.0,4,3
6103,3140.0,20250111.0,2.0,2,378
6104,3141.0,20250111.0,4.0,4,18
6105,3141.0,20250111.0,4.0,5,7
6106,3141.0,20250111.0,4.0,6,73
6107,3142.0,20250111.0,3.0,2,33
6108,3142.0,20250111.0,3.0,3,5
6109,3142.0,20250111.0,3.0,4,71
6110,3143.0,20250112.0,1.0,5,55
6111,3143.0,20250112.0,1.0,1,21
6112,3144.0,20250112.0,4.0,6,126
6113,3144.0,20250112.0,4.0,1,40
6114,3144.0,20250112.0,4.0,5,72
6115,3145.0,20250112.0,4.0,6,9
6116,3145.0,20250112.0,4.0,5,56
6117,3145.0,20250112.0,4.0,2,55
6118,3146.0,20250112.0,3.0,2,68
6119,3147.0,20250112.0,1.0,5,41
6120,3147.0,20250112.0,1.0,6,102
6121,3148.0,20250112.0,3.0,3,31
6122,3148.0,20250112.0,3.0,4,11
6123,3148.0,20250112.0,3.0,6,32
6124,3149.0,20250113.0,3.0,5,106
6125,3150.0,20250113.0,4.0,5,137
6126,3151.0,20250113.0,2.0,4,63
6127,3151.0,20250113.0,2.0,2,14
6128,3151.0,20250113.0,2.0,1,30
6129,3152.0,20250113.0,4.0,2,23
6130,3152.0,20250113.0,4.0,5,36
6131,3152.0,20250113.0,4.0,6,21
6132,3153.0,20250113.0,2.0,4,86
6133,3153.0,20250113.0,2.0,1,101
6134,3153.0,20250113.0,2.0,2,19
6135,3154.0,20250113.0,4.0,3,194
6136,3155.0,20250113.0,4.0,1,5
6137,3155.0,20250113.0,4.0,3,20
6138,3155.0,20250113.0,4.0,2,133
6139,3156.0,20250113.0,1.0,1,59
6140,3156.0,20250113.0,1.0,6,77
6141,3156.0,20250113.0,1.0,5,13
6142,3157.0,20250113.0,1.0,4,180
6143,3158.0,20250113.0,3.0,5,66
6144,3159.0,20250113.0,1.0,4,103
6145,3159.0,20250113.0,1.0,2,15
6146,3160.0,20250114.0,1.0,3,52
6147,3160.0,20250114.0,1.0,5,23
6148,3161.0,20250114.0,4.0,6,160
6149,3161.0,20250114.0,4.0,4,112
6150,3162.0,20250114.0,1.0,3,97
6151,3163.0,20250114.0,2.0,6,61
6152,3163.0,20250114.0,2.0,1,59
6153,3163.0,20250114.0,2.0,3,82
6154,3164.0,20250114.0,2.0,5,38
6155,3164.0,20250114.0,2.0,2,1
6156,3165.0,20250114.0,1.0,5,18
6157,3165.0,20250114.0,1.0,6,65
6158,3166.0,20250114.0,1.0,6,56
6159,3167.0,20250114.0,2.0,1,90
6160,3168.0,20250114.0,4.0,4,71
6161,3168.0,20250114.0,4.0,2,28
6162,3168.0,20250114.0,4.0,1,55
6163,3169.0,20250115.0,1.0,4,17
6164,3169.0,20250115.0,1.0,2,12
6165,3169.0,20250115.0,1.0,6,3
6166,3170.0,20250115.0,3.0,1,180
6167,3171.0,20250115.0,2.0,1,135
6168,3172.0,20250115.0,3.0,4,67
6169,3173.0,20250115.0,4.0,2,127
6170,3174.0,20250115.0,4.0,6,68
6171,3174.0,20250115.0,4.0,5,62
6172,3174.0,20250115.0,4.0,3,69
6173,3175.0,20250115.0,4.0,4,18
6174,3175.0,20250115.0,4.0,3,26
6175,3175.0,20250115.0,4.0,5,84
6176,3176.0,20250116.0,1.0,1,90
6177,3176.0,20250116.0,1.0,2,9
6178,3176.0,20250116.0,1.0,3,40
6179,3177.0,20250116.0,3.0,6,18
6180,3177.0,20250116.0,3.0,5,149
6181,3178.0,20250116.0,3.0,2,96
6182,3178.0,20250116.0,3.0,5,12
6183,3179.0,20250116.0,1.0,6,18
6184,3179.0,20250116.0,1.0,1,4
6185,3179.0,20250116.0,1.0,3,57
6186,3180.0,20250116.0,1.0,4,136
6187,3180.0,20250116.0,1.0,5,38
6188,3181.0,20250116.0,3.0,6,84
6189,3181.0,20250116.0,3.0,5,28
6190,3182.0,20250117.0,1.0,3,26
6191,3182.0,20250117.0,1.0,2,99
6192,3182.0,20250117.0,1.0,6,25
6193,3183.0,20250117.0,2.0,5,3
6194,3183.0,20250117.0,2.0,4,38
6195,3183.0,20250117.0,2.0,2,24
6196,3184.0,20250117.0,4.0,1,59
6197,3184.0,20250117.0,4.0,5,40
6198,3185.0,20250117.0,4.0,5,107
6199,3186.0,20250117.0,3.0,5,15
6200,3187.0,20250117.0,4.0,5,3
6201,3187.0,20250117.0,4.0,3,6
6202,3188.0,20250117.0,3.0,5,100
6203,3189.0,20250117.0,2.0,3,201
6204,3190.0,20250118.0,3.0,1,81
6205,3190.0,20250118.0,3.0,2,2
6206,3191.0,20250118.0,3.0,5,71
6207,3191.0,20250118.0,3.0,4,11
6208,3192.0,20250118.0,4.0,4,35
6209,3192.0,20250118.0,4.0,3,66
6210,3193.0,20250118.0,3.0,2,117
6211,3194.0,20250118.0,4.0,5,103
6212,3194.0,20250118.0,4.0,1,32
6213,3194.0,20250118.0,4.0,4,4
6214,3195.0,20250118.0,1.0,1,135
6215,3196.0,20250118.0,4.0,1,4
6216,3196.0,20250118.0,4.0,6,163
6217,3196.0,20250118.0,4.0,2,14
6218,3197.0,20250118.0,4.0,4,149
6219,3198.0,20250118.0,1.0,3,110
6220,3199.0,20250118.0,1.0,1,36
6221,3199.0,20250118.0,1.0,2,34
6222,3199.0,20250118.0,1.0,6,90
6223,3200.0,20250119.0,4.0,5,227
6224,3200.0,20250119.0,4.0,2,21
6225,3201.0,20250119.0,2.0,1,130
6226,3202.0,20250119.0,2.0,2,91
6227,3202.0,20250119.0,2.0,4,84
6228,3203.0,20250119.0,3.0,6,58
6229,3204.0,20250119.0,2.0,4,184
6230,3205.0,20250119.0,3.0,6,29
6231,3205.0,20250119.0,3.0,3,23
6232,3206.0,20250119.0,4.0,6,60
6233,3206.0,20250119.0,4.0,5,86
6234,3206.0,20250119.0,4.0,1,14
6235,3207.0,20250119.0,3.0,3,100
6236,3207.0,20250119.0,3.0,2,43
6237,3208.0,20250120.0,1.0,2,32
6238,3208.0,20250120.0,1.0,4,4
6239,3208.0,20250120.0,1.0,5,14
6240,3209.0,20250120.0,2.0,3,211
6241,3210.0,20250120.0,4.0,6,99
6242,3211.0,20250120.0,2.0,6,149
6243,3212.0,20250120.0,2.0,1,143
6244,3213.0,20250120.0,4.0,2,41
6245,3213.0,20250120.0,4.0,4,28
6246,3214.0,20250121.0,2.0,6,224
6247,3214.0,20250121.0,2.0,3,13
6248,3215.0,20250121.0,4.0,5,115
6249,3215.0,20250121.0,4.0,3,2
6250,3216.0,20250121.0,3.0,1,34
6251,3216.0,20250121.0,3.0,3,36
6252,3217.0,20250121.0,4.0,6,132
6253,3218.0,20250121.0,2.0,2,143
6254,3218.0,20250121.0,2.0,6,95
6255,3219.0,20250121.0,2.0,4,41
6256,3219.0,20250121.0,2.0,3,72
6257,3220.0,20250121.0,3.0,6,25
6258,3221.0,20250121.0,3.0,3,2
6259,3221.0,20250121.0,3.0,2,85
6260,3222.0,20250122.0,1.0,2,67
6261,3223.0,20250122.0,4.0,2,27
6262,3223.0,20250122.0,4.0,4,34
6263,3223.0,20250122.0,4.0,1,111
6264,3224.0,20250122.0,1.0,1,78
6265,3224.0,20250122.0,1.0,2,13
6266,3224.0,20250122.0,1.0,3,5
6267,3225.0,20250122.0,1.0,1,60
6268,3225.0,20250122.0,1.0,5,55
6269,3226.0,20250122.0,1.0,5,71
6270,3227.0,20250122.0,4.0,1,32
6271,3227.0,20250122.0,4.0,2,8
6272,3228.0,20250122.0,2.0,4,146
6273,3229.0,20250122.0,3.0,1,85
6274,3229.0,20250122.0,3.0,4,10
6275,3230.0,20250122.0,3.0,3,44
6276,3230.0,20250122.0,3.0,6,75
6277,3231.0,20250122.0,4.0,5,280
6278,3232.0,20250122.0,4.0,3,63
6279,3232.0,20250122.0,4.0,1,24
6280,3233.0,20250123.0,2.0,6,64
6281,3233.0,20250123.0,2.0,2,58
6282,3233.0,20250123.0,2.0,4,5
6283,3234.0,20250123.0,2.0,3,162
6284,3235.0,20250123.0,4.0,3,11
6285,3235.0,20250123.0,4.0,6,15
6286,3235.0,20250123.0,4.0,4,135
6287,3236.0,20250123.0,1.0,3,133
6288,3237.0,20250123.0,1.0,4,103
6289,3237.0,20250123.0,1.0,2,25
6290,3237.0,20250123.0,1.0,1,26
6291,3238.0,20250123.0,2.0,3,145
6292,3239.0,20250123.0,4.0,3,10
6293,3239.0,20250123.0,4.0,4,50
6294,3239.0,20250123.0,4.0,1,16
6295,3240.0,20250123.0,1.0,1,12
6296,3240.0,20250123.0,1.0,4,62
6297,3240.0,20250123.0,1.0,2,63
6298,3241.0,20250123.0,3.0,1,17
6299,3241.0,20250123.0,3.0,3,23
6300,3241.0,20250123.0,3.0,6,90
6301,3242.0,20250123.0,1.0,3,96
6302,3243.0,20250123.0,4.0,4,14
6303,3243.0,20250123.0,4.0,3,9
6304,3243.0,20250123.0,4.0,6,43
6305,3244.0,20250124.0,3.0,3,5
6306,3244.0,20250124.0,3.0,5,52
6307,3245.0,20250124.0,1.0,4,39
6308,3245.0,20250124.0,1.0,2,6
6309,3245.0,20250124.0,1.0,1,31
6310,3246.0,20250124.0,4.0,1,59
6311,3247.0,20250124.0,1.0,3,10
6312,3247.0,20250124.0,1.0,6,14
6313,3247.0,20250124.0,1.0,1,9
6314,3248.0,20250124.0,4.0,4,6
6315,3248.0,20250124.0,4.0,5,2
6316,3249.0,20250124.0,3.0,2,32
6317,3250.0,20250124.0,2.0,1,12
6318,3250.0,20250124.0,2.0,3,114
6319,3251.0,20250124.0,3.0,1,25
6320,3251.0,20250124.0,3.0,3,59
6321,3251.0,20250124.0,3.0,2,15
6322,3252.0,20250125.0,3.0,2,26
6323,3252.0,20250125.0,3.0,5,19
6324,3252.0,20250125.0,3.0,1,20
6325,3253.0,20250125.0,4.0,5,39
6326,3253.0,20250125.0,4.0,2,97
6327,3253.0,20250125.0,4.0,4,48
6328,3254.0,20250125.0,4.0,1,171
6329,3255.0,20250125.0,2.0,5,33
6330,3255.0,20250125.0,2.0,6,54
6331,3256.0,20250125.0,4.0,1,104
6332,3257.0,20250125.0,3.0,2,50
6333,3257.0,20250125.0,3.0,5,34
6334,3258.0,20250125.0,4.0,4,86
6335,3258.0,20250125.0,4.0,2,40
6336,3259.0,20250126.0,4.0,5,61
6337,3259.0,20250126.0,4.0,2,37
6338,3259.0,20250126.0,4.0,1,35
6339,3260.0,20250126.0,2.0,5,220
6340,3261.0,20250126.0,1.0,5,129
6341,3262.0,20250126.0,4.0,3,41
6342,3262.0,20250126.0,4.0,6,34
6343,3263.0,20250126.0,2.0,1,24
6344,3263.0,20250126.0,2.0,2,15
6345,3264.0,20250126.0,4.0,4,117
6346,3265.0,20250126.0,1.0,2,109
6347,3266.0,20250126.0,2.0,5,274
6348,3267.0,20250126.0,4.0,1,9
6349,3267.0,20250126.0,4.0,5,19
6350,3267.0,20250126.0,4.0,3,28
6351,3268.0,20250126.0,4.0,5,44
6352,3268.0,20250126.0,4.0,1,112
6353,3269.0,20250126.0,2.0,3,142
6354,3270.0,20250127.0,3.0,3,25
6355,3270.0,20250127.0,3.0,4,133
6356,3271.0,20250127.0,3.0,6,3
6357,3271.0,20250127.0,3.0,3,3
6358,3272.0,20250127.0,2.0,5,240
6359,3273.0,20250127.0,3.0,1,21
6360,3273.0,20250127.0,3.0,2,19
6361,3274.0,20250127.0,4.0,6,125
6362,3275.0,20250127.0,3.0,3,17
6363,3275.0,20250127.0,3.0,1,39
6364,3275.0,20250127.0,3.0,5,39
6365,3276.0,20250127.0,2.0,4,25
6366,3276.0,20250127.0,2.0,2,154
6367,3276.0,20250127.0,2.0,1,76
6368,3277.0,20250127.0,2.0,4,131
6369,3277.0,20250127.0,2.0,2,40
6370,3278.0,20250128.0,3.0,3,42
6371,3279.0,20250128.0,3.0,1,127
6372,3280.0,20250128.0,1.0,1,164
6373,3281.0,20250128.0,1.0,1,43
6374,3281.0,20250128.0,1.0,6,19
6375,3281.0,20250128.0,1.0,2,4
6376,3282.0,20250128.0,3.0,6,67
6377,3282.0,20250128.0,3.0,5,35
6378,3283.0,20250128.0,4.0,5,9
6379,3283.0,20250128.0,4.0,6,33
6380,3283.0,20250128.0,4.0,2,98
6381,3284.0,20250128.0,3.0,4,20
6382,3284.0,20250128.0,3.0,5,77
6383,3285.0,20250128.0,1.0,4,6
6384,3285.0,20250128.0,1.0,6,15
6385,3285.0,20250128.0,1.0,5,63
6386,3286.0,20250128.0,4.0,1,82
6387,3286.0,20250128.0,4.0,4,12
6388,3286.0,20250128.0,4.0,5,31
6389,3287.0,20250129.0,1.0,1,96
6390,3287.0,20250129.0,1.0,5,26
6391,3287.0,20250129.0,1.0,2,17
6392,3288.0,20250129.0,3.0,5,49
6393,3289.0,20250129.0,1.0,5,35
6394,3289.0,20250129.0,1.0,2,66
6395,3289.0,20250129.0,1.0,1,3
6396,3290.0,20250129.0,4.0,6,224
6397,3291.0,20250129.0,4.0,3,90
6398,3291.0,20250129.0,4.0,5,27
6399,3291.0,20250129.0,4.0,2,71
6400,3292.0,20250129.0,4.0,3,52
6401,3292.0,20250129.0,4.0,5,16
6402,3292.0,20250129.0,4.0,2,8
6403,3293.0,20250129.0,4.0,5,99
6404,3293.0,20250129.0,4.0,3,88
6405,3294.0,20250129.0,3.0,5,41
6406,3294.0,20250129.0,3.0,4,41
6407,3295.0,20250129.0,4.0,5,95
6408,3296.0,20250129.0,1.0,6,11
6409,3296.0,20250129.0,1.0,1,100
6410,3297.0,20250129.0,1.0,2,157
6411,3298.0,20250130.0,3.0,3,52
6412,3298.0,20250130.0,3.0,1,69
6413,3299.0,20250130.0,1.0,2,10
6414,3299.0,20250130.0,1.0,4,38
6415,3299.0,20250130.0,1.0,6,17
6416,3300.0,20250130.0,1.0,2,22
6417,3300.0,20250130.0,1.0,5,82
6418,3300.0,20250130.0,1.0,3,10
6419,3301.0,20250130.0,1.0,2,89
6420,3302.0,20250130.0,1.0,1,43
6421,3302.0,20250130.0,1.0,2,2
6422,3302.0,20250130.0,1.0,5,165
6423,3303.0,20250130.0,4.0,1,9
6424,3304.0,20250130.0,2.0,4,178
6425,3305.0,20250130.0,3.0,2,89
6426,3306.0,20250131.0,2.0,6,109
6427,3306.0,20250131.0,2.0,5,54
6428,3307.0,20250131.0,1.0,4,14
6429,3307.0,20250131.0,1.0,3,195
6430,3308.0,20250131.0,1.0,5,59
6431,3309.0,20250131.0,4.0,6,88
6432,3310.0,20250131.0,2.0,1,116
6433,3310.0,20250131.0,2.0,5,27
6434,3311.0,20250131.0,2.0,5,137
6435,3312.0,20250131.0,3.0,4,42
6436,3312.0,20250131.0,3.0,5,11
6437,3312.0,20250131.0,3.0,6,30
6438,3313.0,20250131.0,3.0,1,54
6439,3313.0,20250131.0,3.0,4,59
6440,3314.0,20250131.0,3.0,6,44
6441,3314.0,20250131.0,3.0,4,48
6442,3315.0,20250131.0,2.0,2,26
6443,3315.0,20250131.0,2.0,4,271
6444,3316.0,20250131.0,2.0,6,19
6445,3316.0,20250131.0,2.0,5,167
6446,3316.0,20250131.0,2.0,2,69
6447,3317.0,20250201.0,1.0,3,164
6448,3318.0,20250201.0,3.0,6,77
6449,3318.0,20250201.0,3.0,3,27
6450,3319.0,20250201.0,1.0,5,61
6451,3319.0,20250201.0,1.0,3,51
6452,3320.0,20250201.0,3.0,1,48
6453,3320.0,20250201.0,3.0,6,19
6454,3320.0,20250201.0,3.0,2,7
6455,3321.0,20250201.0,2.0,6,148
6456,3322.0,20250201.0,2.0,1,107
6457,3322.0,20250201.0,2.0,3,45
6458,3322.0,20250201.0,2.0,6,32
6459,3323.0,20250201.0,1.0,1,120
6460,3324.0,20250201.0,4.0,2,82
6461,3324.0,20250201.0,4.0,6,53
6462,3325.0,20250202.0,4.0,1,69
6463,3325.0,20250202.0,4.0,2,12
6464,3325.0,20250202.0,4.0,6,56
6465,3326.0,20250202.0,3.0,5,5
6466,3326.0,20250202.0,3.0,1,13
6467,3327.0,20250202.0,4.0,5,140
6468,3327.0,20250202.0,4.0,1,7
6469,3327.0,20250202.0,4.0,4,9
6470,3328.0,20250202.0,2.0,6,194
6471,3328.0,20250202.0,2.0,1,27
6472,3329.0,20250202.0,1.0,6,11
6473,3329.0,20250202.0,1.0,3,11
6474,3330.0,20250202.0,1.0,4,87
6475,3331.0,20250202.0,2.0,5,8
6476,3331.0,20250202.0,2.0,2,150
6477,3331.0,20250202.0,2.0,1,73
6478,3332.0,20250202.0,2.0,6,182
6479,3332.0,20250202.0,2.0,1,50
6480,3333.0,20250202.0,2.0,1,98
6481,3333.0,20250202.0,2.0,2,10
6482,3334.0,20250203.0,2.0,3,94
6483,3334.0,20250203.0,2.0,2,87
6484,3335.0,20250203.0,3.0,6,10
6485,3335.0,20250203.0,3.0,2,60
6486,3335.0,20250203.0,3.0,1,17
6487,3336.0,20250203.0,2.0,5,41
6488,3336.0,20250203.0,2.0,4,92
6489,3336.0,20250203.0,2.0,2,44
6490,3337.0,20250203.0,3.0,5,49
6491,3337.0,20250203.0,3.0,4,43
6492,3338.0,20250203.0,4.0,4,39
6493,3338.0,20250203.0,4.0,1,132
6494,3339.0,20250203.0,3.0,3,80
6495,3339.0,20250203.0,3.0,5,57
6496,3340.0,20250204.0,3.0,2,29
6497,3340.0,20250204.0,3.0,3,18
6498,3341.0,20250204.0,3.0,3,10
6499,3341.0,20250204.0,3.0,1,29
6500,3341.0,20250204.0,3.0,5,5
6501,3342.0,20250204.0,4.0,3,10
6502,3342.0,20250204.0,4.0,5,57
6503,3342.0,20250204.0,4.0,4,34
6504,3343.0,20250204.0,1.0,1,60
6505,3343.0,20250204.0,1.0,3,61
6506,3343.0,20250204.0,1.0,6,19
6507,3344.0,20250204.0,1.0,2,16
6508,3344.0,20250204.0,1.0,4,68
6509,3344.0,20250204.0,1.0,3,3
6510,3345.0,20250204.0,4.0,3,27
6511,3345.0,20250204.0,4.0,6,4
6512,3345.0,20250204.0,4.0,5,76
6513,3346.0,20250204.0,4.0,3,130
6514,3347.0,20250204.0,1.0,3,24
6515,3347.0,20250204.0,1.0,5,52
6516,3348.0,20250205.0,2.0,3,89
6517,3348.0,20250205.0,2.0,2,80
6518,3349.0,20250205.0,2.0,6,7
6519,3349.0,20250205.0,2.0,3,138
6520,3350.0,20250205.0,4.0,6,31
6521,3350.0,20250205.0,4.0,2,70
6522,3351.0,20250205.0,3.0,4,23
6523,3351.0,20250205.0,3.0,5,42
6524,3351.0,20250205.0,3.0,1,8
6525,3352.0,20250205.0,4.0,3,7
6526,3352.0,20250205.0,4.0,6,78
6527,3353.0,20250205.0,3.0,3,1
6528,3353.0,20250205.0,3.0,1,28
6529,3354.0,20250205.0,2.0,2,130
6530,3354.0,20250205.0,2.0,1,70
6531,3354.0,20250205.0,2.0,3,67
6532,3355.0,20250206.0,1.0,2,178
6533,3356.0,20250206.0,3.0,5,26
6534,3356.0,20250206.0,3.0,4,35
6535,3357.0,20250206.0,4.0,3,78
6536,3357.0,20250206.0,4.0,1,94
6537,3358.0,20250206.0,1.0,4,119
6538,3359.0,20250206.0,2.0,4,233
6539,3359.0,20250206.0,2.0,2,106
6540,3359.0,20250206.0,2.0,3,77
6541,3360.0,20250206.0,1.0,5,15
6542,3360.0,20250206.0,1.0,2,118
6543,3361.0,20250206.0,4.0,1,128
6544,3361.0,20250206.0,4.0,6,25
6545,3362.0,20250206.0,1.0,3,155
6546,3363.0,20250206.0,2.0,5,4
6547,3363.0,20250206.0,2.0,6,69
6548,3364.0,20250206.0,3.0,4,15
6549,3364.0,20250206.0,3.0,6,63
6550,3364.0,20250206.0,3.0,3,2
6551,3365.0,20250206.0,3.0,6,21
6552,3365.0,20250206.0,3.0,2,112
6553,3366.0,20250207.0,4.0,1,114
6554,3367.0,20250207.0,4.0,2,37
6555,3367.0,20250207.0,4.0,6,65
6556,3368.0,20250207.0,4.0,5,11
6557,3368.0,20250207.0,4.0,6,69
6558,3368.0,20250207.0,4.0,3,80
6559,3369.0,20250207.0,1.0,6,81
6560,3369.0,20250207.0,1.0,5,19
6561,3369.0,20250207.0,1.0,4,11
6562,3370.0,20250207.0,4.0,4,97
6563,3371.0,20250207.0,3.0,5,27
6564,3371.0,20250207.0,3.0,6,21
6565,3371.0,20250207.0,3.0,4,54
6566,3372.0,20250207.0,4.0,4,49
6567,3372.0,20250207.0,4.0,6,84
6568,3372.0,20250207.0,4.0,3,24
6569,3373.0,20250207.0,4.0,6,234
6570,3374.0,20250207.0,4.0,5,168
6571,3374.0,20250207.0,4.0,3,36
6572,3375.0,20250207.0,3.0,3,114
6573,3376.0,20250207.0,3.0,1,2
6574,3376.0,20250207.0,3.0,5,62
6575,3376.0,20250207.0,3.0,6,18
6576,3377.0,20250208.0,1.0,2,6
6577,3377.0,20250208.0,1.0,1,21
6578,3377.0,20250208.0,1.0,5,19
6579,3378.0,20250208.0,3.0,1,44
6580,3378.0,20250208.0,3.0,6,56
6581,3379.0,20250208.0,3.0,3,117
6582,3380.0,20250208.0,4.0,3,4
6583,3380.0,20250208.0,4.0,5,229
6584,3381.0,20250208.0,1.0,6,82
6585,3381.0,20250208.0,1.0,1,16
6586,3382.0,20250208.0,4.0,5,46
6587,3382.0,20250208.0,4.0,4,156
6588,3383.0,20250208.0,1.0,1,63
6589,3384.0,20250208.0,2.0,3,50
6590,3384.0,20250208.0,2.0,2,60
6591,3385.0,20250209.0,1.0,3,75
6592,3385.0,20250209.0,1.0,6,80
6593,3386.0,20250209.0,2.0,2,87
6594,3386.0,20250209.0,2.0,3,22
6595,3386.0,20250209.0,2.0,1,44
6596,3387.0,20250209.0,3.0,1,76
6597,3387.0,20250209.0,3.0,5,26
6598,3388.0,20250209.0,1.0,4,47
6599,3388.0,20250209.0,1.0,1,119
6600,3389.0,20250209.0,1.0,6,45
6601,3389.0,20250209.0,1.0,2,49
6602,3390.0,20250209.0,3.0,6,32
6603,3390.0,20250209.0,3.0,5,58
6604,3390.0,20250209.0,3.0,3,22
6605,3391.0,20250209.0,4.0,5,66
6606,3392.0,20250209.0,4.0,6,53
6607,3392.0,20250209.0,4.0,2,45
6608,3392.0,20250209.0,4.0,4,74
6609,3393.0,20250210.0,4.0,6,86
6610,3394.0,20250210.0,4.0,4,8
6611,3394.0,20250210.0,4.0,3,17
6612,3395.0,20250210.0,4.0,5,7
6613,3395.0,20250210.0,4.0,6,3
6614,3395.0,20250210.0,4.0,2,1
6615,3396.0,20250210.0,2.0,6,71
6616,3396.0,20250210.0,2.0,5,145
6617,3397.0,20250210.0,4.0,5,10
6618,3397.0,20250210.0,4.0,4,51
6619,3397.0,20250210.0,4.0,6,68
6620,3398.0,20250210.0,4.0,6,14
6621,3398.0,20250210.0,4.0,3,50
6622,3398.0,20250210.0,4.0,5,77
6623,3399.0,20250210.0,1.0,5,35
6624,3399.0,20250210.0,1.0,1,14
6625,3399.0,20250210.0,1.0,2,72
6626,3400.0,20250210.0,1.0,3,143
6627,3400.0,20250210.0,1.0,2,14
6628,3401.0,20250210.0,4.0,3,85
6629,3402.0,20250210.0,2.0,3,66
6630,3402.0,20250210.0,2.0,6,60
6631,3403.0,20250210.0,3.0,2,23
6632,3403.0,20250210.0,3.0,6,18
6633,3403.0,20250210.0,3.0,5,12
6634,3404.0,20250211.0,2.0,6,159
6635,3405.0,20250211.0,2.0,5,235
6636,3405.0,20250211.0,2.0,6,11
6637,3405.0,20250211.0,2.0,1,114
6638,3406.0,20250211.0,3.0,4,52
6639,3406.0,20250211.0,3.0,5,97
6640,3407.0,20250211.0,2.0,5,123
6641,3407.0,20250211.0,2.0,6,17
6642,3408.0,20250211.0,1.0,4,24
6643,3408.0,20250211.0,1.0,6,111
6644,3409.0,20250211.0,3.0,1,64
6645,3409.0,20250211.0,3.0,4,40
6646,3410.0,20250211.0,1.0,3,27
6647,3410.0,20250211.0,1.0,6,62
6648,3411.0,20250211.0,1.0,6,96
6649,3411.0,20250211.0,1.0,5,37
6650,3411.0,20250211.0,1.0,3,20
6651,3412.0,20250211.0,3.0,1,7
6652,3412.0,20250211.0,3.0,5,37
6653,3412.0,20250211.0,3.0,2,8
6654,3413.0,20250211.0,4.0,3,95
6655,3413.0,20250211.0,4.0,1,24
6656,3414.0,20250212.0,2.0,2,25
6657,3414.0,20250212.0,2.0,1,23
6658,3414.0,20250212.0,2.0,3,15
6659,3415.0,20250212.0,3.0,5,75
6660,3416.0,20250212.0,2.0,1,10
6661,3416.0,20250212.0,2.0,4,114
6662,3416.0,20250212.0,2.0,2,59
6663,3417.0,20250212.0,2.0,3,161
6664,3417.0,20250212.0,2.0,5,106
6665,3418.0,20250212.0,1.0,3,88
6666,3418.0,20250212.0,1.0,4,1
6667,3419.0,20250212.0,2.0,6,198
6668,3419.0,20250212.0,2.0,3,19
6669,3419.0,20250212.0,2.0,4,53
6670,3420.0,20250212.0,2.0,2,104
6671,3421.0,20250212.0,3.0,3,17
6672,3421.0,20250212.0,3.0,1,57
6673,3422.0,20250213.0,1.0,4,149
6674,3422.0,20250213.0,1.0,1,5
6675,3422.0,20250213.0,1.0,6,17
6676,3423.0,20250213.0,4.0,6,212
6677,3424.0,20250213.0,3.0,1,24
6678,3424.0,20250213.0,3.0,4,127
6679,3425.0,20250213.0,4.0,5,40
6680,3425.0,20250213.0,4.0,6,29
6681,3425.0,20250213.0,4.0,3,23
6682,3426.0,20250213.0,4.0,2,215
6683,3427.0,20250213.0,1.0,2,64
6684,3427.0,20250213.0,1.0,4,70
6685,3427.0,20250213.0,1.0,5,32
6686,3428.0,20250214.0,2.0,3,102
6687,3428.0,20250214.0,2.0,6,22
6688,3428.0,20250214.0,2.0,1,32
6689,3429.0,20250214.0,2.0,6,110
6690,3429.0,20250214.0,2.0,4,132
6691,3429.0,20250214.0,2.0,3,51
6692,3430.0,20250214.0,4.0,4,151
6693,3431.0,20250214.0,1.0,4,126
6694,3432.0,20250214.0,2.0,6,63
6695,3432.0,20250214.0,2.0,5,61
6696,3432.0,20250214.0,2.0,2,41
6697,3433.0,20250214.0,1.0,1,37
6698,3433.0,20250214.0,1.0,5,145
6699,3434.0,20250214.0,1.0,3,28
6700,3434.0,20250214.0,1.0,2,85
6701,3434.0,20250214.0,1.0,1,43
6702,3435.0,20250214.0,4.0,5,100
6703,3435.0,20250214.0,4.0,2,4
6704,3436.0,20250214.0,1.0,4,38
6705,3436.0,20250214.0,1.0,3,78
6706,3436.0,20250214.0,1.0,6,5
6707,3437.0,20250214.0,2.0,4,126
6708,3438.0,20250215.0,3.0,1,83
6709,3439.0,20250215.0,3.0,1,29
6710,3439.0,20250215.0,3.0,2,32
6711,3439.0,20250215.0,3.0,3,22
6712,3440.0,20250215.0,4.0,1,123
6713,3441.0,20250215.0,4.0,2,99
6714,3441.0,20250215.0,4.0,4,2
6715,3442.0,20250215.0,3.0,1,92
6716,3443.0,20250215.0,1.0,2,16
6717,3443.0,20250215.0,1.0,6,9
6718,3443.0,20250215.0,1.0,5,76
6719,3444.0,20250215.0,1.0,1,164
6720,3445.0,20250215.0,3.0,2,61
6721,3446.0,20250215.0,4.0,1,85
6722,3446.0,20250215.0,4.0,6,4
6723,3447.0,20250215.0,3.0,3,10
6724,3447.0,20250215.0,3.0,1,4
6725,3447.0,20250215.0,3.0,5,88
6726,3448.0,20250216.0,1.0,1,105
6727,3449.0,20250216.0,1.0,5,119
6728,3449.0,20250216.0,1.0,4,73
6729,3450.0,20250216.0,4.0,6,30
6730,3450.0,20250216.0,4.0,2,24
6731,3450.0,20250216.0,4.0,1,1
6732,3451.0,20250216.0,3.0,3,4
6733,3451.0,20250216.0,3.0,1,1
6734,3452.0,20250216.0,3.0,5,8
6735,3452.0,20250216.0,3.0,6,29
6736,3452.0,20250216.0,3.0,3,124
6737,3453.0,20250216.0,1.0,1,63
6738,3454.0,20250216.0,3.0,3,54
6739,3455.0,20250216.0,3.0,4,55
6740,3456.0,20250216.0,4.0,4,119
6741,3457.0,20250216.0,1.0,4,51
6742,3458.0,20250216.0,2.0,1,171
6743,3459.0,20250217.0,1.0,2,5
6744,3459.0,20250217.0,1.0,4,30
6745,3459.0,20250217.0,1.0,3,13
6746,3460.0,20250217.0,2.0,3,59
6747,3460.0,20250217.0,2.0,1,95
6748,3460.0,20250217.0,2.0,5,16
6749,3461.0,20250217.0,3.0,1,94
6750,3462.0,20250217.0,2.0,6,51
6751,3462.0,20250217.0,2.0,4,150
6752,3463.0,20250217.0,2.0,1,227
6753,3464.0,20250217.0,2.0,5,71
6754,3464.0,20250217.0,2.0,6,21
6755,3464.0,20250217.0,2.0,4,31
6756,3465.0,20250217.0,2.0,4,121
6757,3466.0,20250217.0,2.0,5,55
6758,3466.0,20250217.0,2.0,3,224
6759,3466.0,20250217.0,2.0,4,6
6760,3467.0,20250217.0,3.0,4,108
6761,3468.0,20250217.0,3.0,4,112
6762,3469.0,20250217.0,4.0,5,35
6763,3469.0,20250217.0,4.0,1,72
6764,3470.0,20250218.0,3.0,3,17
6765,3470.0,20250218.0,3.0,6,50
6766,3471.0,20250218.0,2.0,6,25
6767,3471.0,20250218.0,2.0,2,198
6768,3472.0,20250218.0,3.0,6,136
6769,3473.0,20250218.0,1.0,6,3
6770,3473.0,20250218.0,1.0,4,39
6771,3473.0,20250218.0,1.0,2,12
6772,3474.0,20250218.0,3.0,5,108
6773,3474.0,20250218.0,3.0,3,8
6774,3475.0,20250218.0,3.0,3,43
6775,3475.0,20250218.0,3.0,5,1
6776,3476.0,20250218.0,3.0,6,18
6777,3476.0,20250218.0,3.0,2,2
6778,3477.0,20250219.0,3.0,3,39
6779,3477.0,20250219.0,3.0,4,26
6780,3478.0,20250219.0,1.0,4,100
6781,3478.0,20250219.0,1.0,1,10
6782,3478.0,20250219.0,1.0,5,40
6783,3479.0,20250219.0,4.0,3,80
6784,3480.0,20250219.0,1.0,6,77
6785,3480.0,20250219.0,1.0,1,28
6786,3481.0,20250219.0,1.0,3,9
6787,3481.0,20250219.0,1.0,5,42
6788,3481.0,20250219.0,1.0,4,56
6789,3482.0,20250219.0,2.0,4,220
6790,3483.0,20250219.0,1.0,2,102
6791,3483.0,20250219.0,1.0,1,38
6792,3484.0,20250220.0,2.0,1,101
6793,3485.0,20250220.0,1.0,5,192
6794,3486.0,20250220.0,1.0,1,21
6795,3486.0,20250220.0,1.0,2,157
6796,3487.0,20250220.0,3.0,5,107
6797,3488.0,20250220.0,4.0,5,2
6798,3488.0,20250220.0,4.0,4,27
6799,3488.0,20250220.0,4.0,3,42
6800,3489.0,20250220.0,3.0,1,24
6801,3489.0,20250220.0,3.0,3,46
6802,3490.0,20250220.0,1.0,1,47
6803,3490.0,20250220.0,1.0,2,89
6804,3491.0,20250220.0,1.0,5,192
6805,3492.0,20250220.0,1.0,6,31
6806,3492.0,20250220.0,1.0,4,9
6807,3492.0,20250220.0,1.0,2,112
6808,3493.0,20250221.0,4.0,3,142
6809,3494.0,20250221.0,2.0,6,41
6810,3494.0,20250221.0,2.0,4,154
6811,3495.0,20250221.0,3.0,3,4
6812,3496.0,20250221.0,2.0,3,83
6813,3496.0,20250221.0,2.0,6,13
6814,3496.0,20250221.0,2.0,5,72
6815,3497.0,20250221.0,1.0,2,85
6816,3497.0,20250221.0,1.0,5,3
6817,3497.0,20250221.0,1.0,4,24
6818,3498.0,20250221.0,3.0,1,48
6819,3498.0,20250221.0,3.0,6,76
6820,3499.0,20250221.0,3.0,6,107
6821,3500.0,20250222.0,2.0,2,163
6822,3501.0,20250222.0,1.0,3,129
6823,3501.0,20250222.0,1.0,1,26
6824,3502.0,20250222.0,4.0,6,18
6825,3502.0,20250222.0,4.0,4,143
6826,3503.0,20250222.0,4.0,2,132
6827,3504.0,20250222.0,1.0,6,89
6828,3505.0,20250222.0,2.0,6,163
6829,3506.0,20250222.0,1.0,1,43
6830,3506.0,20250222.0,1.0,6,61
6831,3506.0,20250222.0,1.0,5,114
6832,3507.0,20250222.0,1.0,5,89
6833,3508.0,20250222.0,4.0,2,39
6834,3508.0,20250222.0,4.0,4,69
6835,3509.0,20250223.0,2.0,1,73
6836,3509.0,20250223.0,2.0,5,64
6837,3510.0,20250223.0,1.0,5,82
6838,3511.0,20250223.0,2.0,4,6
6839,3511.0,20250223.0,2.0,2,5
6840,3511.0,20250223.0,2.0,3,7
6841,3512.0,20250223.0,2.0,5,17
6842,3512.0,20250223.0,2.0,2,23
6843,3512.0,20250223.0,2.0,4,110
6844,3513.0,20250223.0,1.0,2,45
6845,3513.0,20250223.0,1.0,1,69
6846,3514.0,20250223.0,1.0,4,219
6847,3515.0,20250223.0,3.0,4,55
6848,3515.0,20250223.0,3.0,3,6
6849,3516.0,20250223.0,3.0,1,67
6850,3517.0,20250223.0,2.0,4,61
6851,3517.0,20250223.0,2.0,1,43
6852,3518.0,20250223.0,4.0,3,130
6853,3519.0,20250223.0,4.0,3,48
6854,3519.0,20250223.0,4.0,4,31
6855,3520.0,20250224.0,4.0,5,2
6856,3520.0,20250224.0,4.0,4,13
6857,3520.0,20250224.0,4.0,3,32
6858,3521.0,20250224.0,4.0,4,280
6859,3522.0,20250224.0,3.0,6,35
6860,3522.0,20250224.0,3.0,1,7
6861,3522.0,20250224.0,3.0,2,22
6862,3523.0,20250224.0,4.0,1,165
6863,3524.0,20250224.0,4.0,1,68
6864,3524.0,20250224.0,4.0,2,12
6865,3525.0,20250224.0,3.0,6,12
6866,3525.0,20250224.0,3.0,5,11
6867,3526.0,20250224.0,4.0,6,179
6868,3527.0,20250225.0,1.0,2,56
6869,3527.0,20250225.0,1.0,4,19
6870,3528.0,20250225.0,2.0,6,11
6871,3528.0,20250225.0,2.0,4,49
6872,3528.0,20250225.0,2.0,2,33
6873,3529.0,20250225.0,1.0,2,37
6874,3529.0,20250225.0,1.0,5,38
6875,3530.0,20250225.0,1.0,5,12
6876,3530.0,20250225.0,1.0,3,6
6877,3530.0,20250225.0,1.0,2,33
6878,3531.0,20250225.0,2.0,2,156
6879,3532.0,20250225.0,2.0,5,233
6880,3533.0,20250226.0,4.0,5,12
6881,3533.0,20250226.0,4.0,3,92
6882,3534.0,20250226.0,3.0,2,3
6883,3534.0,20250226.0,3.0,4,1
6884,3535.0,20250226.0,4.0,6,38
6885,3535.0,20250226.0,4.0,5,113
6886,3536.0,20250226.0,3.0,5,62
6887,3536.0,20250226.0,3.0,2,14
6888,3537.0,20250226.0,1.0,5,114
6889,3537.0,20250226.0,1.0,6,14
6890,3538.0,20250226.0,4.0,6,42
6891,3538.0,20250226.0,4.0,3,117
6892,3539.0,20250226.0,3.0,5,73
6893,3540.0,20250226.0,1.0,3,67
6894,3540.0,20250226.0,1.0,4,88
6895,3541.0,20250227.0,4.0,5,80
6896,3542.0,20250227.0,3.0,1,106
6897,3542.0,20250227.0,3.0,3,12
6898,3542.0,20250227.0,3.0,6,9
6899,3543.0,20250227.0,4.0,4,178
6900,3544.0,20250227.0,1.0,6,20
6901,3544.0,20250227.0,1.0,2,30
6902,3545.0,20250227.0,2.0,1,44
6903,3545.0,20250227.0,2.0,6,214
6904,3546.0,20250227.0,4.0,3,100
6905,3547.0,20250228.0,3.0,4,43
6906,3547.0,20250228.0,3.0,5,67
6907,3548.0,20250228.0,2.0,4,31
6908,3548.0,20250228.0,2.0,2,66
6909,3548.0,20250228.0,2.0,6,28
6910,3549.0,20250228.0,2.0,2,86
6911,3549.0,20250228.0,2.0,3,30
6912,3549.0,20250228.0,2.0,6,62
6913,3550.0,20250228.0,1.0,4,186
6914,3551.0,20250228.0,3.0,2,52
6915,3551.0,20250228.0,3.0,4,51
6916,3552.0,20250228.0,2.0,1,33
6917,3552.0,20250228.0,2.0,2,114
6918,3552.0,20250228.0,2.0,4,24
6919,3553.0,20250228.0,4.0,3,154
6920,3554.0,20250228.0,1.0,6,60
6921,3555.0,20250228.0,1.0,1,106
6922,3556.0,20250301.0,3.0,3,3
6923,3556.0,20250301.0,3.0,4,52
6924,3557.0,20250301.0,1.0,4,9
6925,3557.0,20250301.0,1.0,6,37
6926,3557.0,20250301.0,1.0,1,110
6927,3558.0,20250301.0,3.0,6,125
6928,3559.0,20250301.0,2.0,5,27
6929,3559.0,20250301.0,2.0,6,30
6930,3559.0,20250301.0,2.0,1,91
6931,3560.0,20250301.0,2.0,6,43
6932,3560.0,20250301.0,2.0,4,112
6933,3560.0,20250301.0,2.0,2,37
6934,3561.0,20250301.0,2.0,4,63
6935,3561.0,20250301.0,2.0,6,131
6936,3562.0,20250301.0,2.0,1,137
6937,3563.0,20250301.0,3.0,6,11
6938,3563.0,20250301.0,3.0,1,13
6939,3563.0,20250301.0,3.0,2,8
6940,3564.0,20250301.0,4.0,3,6
6941,3564.0,20250301.0,4.0,6,107
6942,3565.0,20250301.0,1.0,5,140
6943,3566.0,20250302.0,3.0,2,37
6944,3566.0,20250302.0,3.0,6,31
6945,3566.0,20250302.0,3.0,5,80
6946,3567.0,20250302.0,2.0,3,169
6947,3568.0,20250302.0,4.0,5,71
6948,3569.0,20250302.0,1.0,6,73
6949,3569.0,20250302.0,1.0,1,17
6950,3570.0,20250302.0,4.0,5,116
6951,3570.0,20250302.0,4.0,1,96
6952,3571.0,20250302.0,1.0,2,95
6953,3571.0,20250302.0,1.0,6,96
6954,3572.0,20250302.0,4.0,5,146
6955,3572.0,20250302.0,4.0,3,17
6956,3572.0,20250302.0,4.0,1,46
6957,3573.0,20250302.0,3.0,4,2
6958,3573.0,20250302.0,3.0,2,97
6959,3573.0,20250302.0,3.0,3,34
6960,3574.0,20250303.0,1.0,1,21
6961,3574.0,20250303.0,1.0,3,126
6962,3574.0,20250303.0,1.0,4,28
6963,3575.0,20250303.0,1.0,3,10
6964,3575.0,20250303.0,1.0,2,40
6965,3575.0,20250303.0,1.0,4,123
6966,3576.0,20250303.0,3.0,1,56
6967,3576.0,20250303.0,3.0,3,63
6968,3577.0,20250303.0,3.0,5,39
6969,3577.0,20250303.0,3.0,6,19
6970,3578.0,20250303.0,3.0,3,30
6971,3578.0,20250303.0,3.0,2,85
6972,3579.0,20250303.0,1.0,1,9
6973,3579.0,20250303.0,1.0,4,3
6974,3579.0,20250303.0,1.0,3,39
6975,3580.0,20250303.0,1.0,2,31
6976,3580.0,20250303.0,1.0,6,111
6977,3580.0,20250303.0,1.0,4,6
6978,3581.0,20250304.0,3.0,2,9
6979,3581.0,20250304.0,3.0,4,26
6980,3581.0,20250304.0,3.0,1,66
6981,3582.0,20250304.0,1.0,5,9
6982,3582.0,20250304.0,1.0,4,16
6983,3582.0,20250304.0,1.0,3,6
6984,3583.0,20250304.0,1.0,4,8
6985,3583.0,20250304.0,1.0,3,142
6986,3584.0,20250304.0,2.0,2,155
6987,3585.0,20250304.0,1.0,1,31
6988,3585.0,20250304.0,1.0,3,3
6989,3585.0,20250304.0,1.0,2,23
6990,3586.0,20250304.0,3.0,5,92
6991,3586.0,20250304.0,3.0,6,27
6992,3587.0,20250304.0,4.0,2,72
6993,3587.0,20250304.0,4.0,6,34
6994,3587.0,20250304.0,4.0,3,9
6995,3588.0,20250304.0,2.0,3,158
6996,3589.0,20250305.0,3.0,1,75
6997,3590.0,20250305.0,2.0,3,176
6998,3591.0,20250305.0,3.0,2,42
6999,3591.0,20250305.0,3.0,4,42
7000,3591.0,20250305.0,3.0,6,14
7001,3592.0,20250305.0,4.0,5,144
7002,3593.0,20250305.0,3.0,4,81
7003,3594.0,20250305.0,2.0,2,98
7004,3594.0,20250305.0,2.0,3,113
7005,3595.0,20250305.0,3.0,5,87
7006,3595.0,20250305.0,3.0,3,36
7007,3596.0,20250305.0,2.0,1,194
7008,3597.0,20250305.0,3.0,3,1
7009,3597.0,20250305.0,3.0,4,85
7010,3597.0,20250305.0,3.0,5,2
7011,3598.0,20250305.0,3.0,4,59
7012,3598.0,20250305.0,3.0,5,3
7013,3599.0,20250306.0,4.0,6,91
7014,3599.0,20250306.0,4.0,5,63
7015,3600.0,20250306.0,4.0,5,43
7016,3600.0,20250306.0,4.0,4,7
7017,3600.0,20250306.0,4.0,1,13
7018,3601.0,20250306.0,4.0,2,153
7019,3602.0,20250306.0,3.0,5,50
7020,3603.0,20250306.0,1.0,1,4
7021,3603.0,20250306.0,1.0,6,139
7022,3603.0,20250306.0,1.0,5,21
7023,3604.0,20250306.0,1.0,4,11
7024,3604.0,20250306.0,1.0,5,88
7025,3605.0,20250306.0,1.0,3,112
7026,3605.0,20250306.0,1.0,5,53
7027,3605.0,20250306.0,1.0,4,6
7028,3606.0,20250306.0,1.0,4,8
7029,3606.0,20250306.0,1.0,1,3
7030,3606.0,20250306.0,1.0,5,94
7031,3607.0,20250306.0,1.0,6,71
7032,3608.0,20250306.0,2.0,1,118
7033,3608.0,20250306.0,2.0,3,44
7034,3609.0,20250306.0,4.0,5,181
7035,3610.0,20250307.0,4.0,6,47
7036,3610.0,20250307.0,4.0,3,43
7037,3611.0,20250307.0,3.0,3,6
7038,3611.0,20250307.0,3.0,1,21
7039,3611.0,20250307.0,3.0,4,48
7040,3612.0,20250307.0,1.0,2,22
7041,3612.0,20250307.0,1.0,5,12
7042,3612.0,20250307.0,1.0,3,69
7043,3613.0,20250307.0,3.0,6,55
7044,3614.0,20250307.0,3.0,2,69
7045,3614.0,20250307.0,3.0,1,3
7046,3615.0,20250307.0,2.0,3,215
7047,3615.0,20250307.0,2.0,4,14
7048,3615.0,20250307.0,2.0,6,51
7049,3616.0,20250307.0,2.0,1,179
7050,3617.0,20250308.0,3.0,1,57
7051,3618.0,20250308.0,1.0,4,96
7052,3618.0,20250308.0,1.0,6,34
7053,3618.0,20250308.0,1.0,2,49
7054,3619.0,20250308.0,2.0,3,34
7055,3619.0,20250308.0,2.0,5,76
7056,3620.0,20250308.0,4.0,2,41
7057,3620.0,20250308.0,4.0,6,57
7058,3621.0,20250308.0,2.0,2,80
7059,3621.0,20250308.0,2.0,3,188
7060,3622.0,20250308.0,3.0,5,51
7061,3622.0,20250308.0,3.0,4,5
7062,3622.0,20250308.0,3.0,6,15
7063,3623.0,20250309.0,3.0,1,97
7064,3624.0,20250309.0,2.0,5,5
7065,3624.0,20250309.0,2.0,6,8
7066,3625.0,20250309.0,2.0,6,202
7067,3626.0,20250309.0,3.0,6,72
7068,3626.0,20250309.0,3.0,4,18
7069,3626.0,20250309.0,3.0,2,8
7070,3627.0,20250309.0,1.0,3,57
7071,3627.0,20250309.0,1.0,2,14
7072,3627.0,20250309.0,1.0,4,16
7073,3628.0,20250309.0,2.0,6,64
7074,3628.0,20250309.0,2.0,2,55
7075,3628.0,20250309.0,2.0,5,48
7076,3629.0,20250309.0,4.0,1,162
7077,3630.0,20250309.0,4.0,6,35
7078,3630.0,20250309.0,4.0,4,55
7079,3631.0,20250309.0,4.0,1,218
7080,3632.0,20250309.0,4.0,4,48
7081,3632.0,20250309.0,4.0,2,69
7082,3633.0,20250310.0,1.0,1,4
7083,3633.0,20250310.0,1.0,6,24
7084,3633.0,20250310.0,1.0,2,53
7085,3634.0,20250310.0,1.0,6,151
7086,3635.0,20250310.0,4.0,2,51
7087,3635.0,20250310.0,4.0,6,14
7088,3636.0,20250310.0,2.0,2,183
7089,3637.0,20250310.0,2.0,4,57
7090,3637.0,20250310.0,2.0,2,145
7091,3637.0,20250310.0,2.0,5,72
7092,3638.0,20250310.0,1.0,5,103
7093,3639.0,20250310.0,2.0,5,204
7094,3639.0,20250310.0,2.0,4,19
7095,3639.0,20250310.0,2.0,6,7
7096,3640.0,20250310.0,3.0,3,19
7097,3640.0,20250310.0,3.0,2,47
7098,3641.0,20250310.0,3.0,2,120
7099,3642.0,20250310.0,4.0,6,61
7100,3643.0,20250311.0,4.0,1,86
7101,3643.0,20250311.0,4.0,5,81
7102,3644.0,20250311.0,4.0,1,180
7103,3645.0,20250311.0,2.0,4,42
7104,3645.0,20250311.0,2.0,2,79
7105,3645.0,20250311.0,2.0,3,55
7106,3646.0,20250311.0,1.0,6,46
7107,3646.0,20250311.0,1.0,2,52
7108,3646.0,20250311.0,1.0,4,45
7109,3647.0,20250311.0,2.0,4,329
7110,3648.0,20250311.0,4.0,1,205
7111,3649.0,20250311.0,1.0,2,46
7112,3649.0,20250311.0,1.0,4,8
7113,3649.0,20250311.0,1.0,6,47
7114,3650.0,20250311.0,2.0,6,69
7115,3650.0,20250311.0,2.0,1,111
7116,3650.0,20250311.0,2.0,3,16
7117,3651.0,20250312.0,1.0,1,121
7118,3652.0,20250312.0,2.0,1,40
7119,3652.0,20250312.0,2.0,3,61
7120,3652.0,20250312.0,2.0,2,65
7121,3653.0,20250312.0,1.0,3,62
7122,3653.0,20250312.0,1.0,6,38
7123,3653.0,20250312.0,1.0,2,46
7124,3654.0,20250312.0,1.0,3,63
7125,3655.0,20250312.0,3.0,4,22
7126,3655.0,20250312.0,3.0,6,10
7127,3655.0,20250312.0,3.0,5,110
7128,3656.0,20250312.0,2.0,3,101
7129,3656.0,20250312.0,2.0,5,7
7130,3656.0,20250312.0,2.0,1,86
7131,3657.0,20250312.0,1.0,2,155
7132,3658.0,20250312.0,4.0,5,51
7133,3658.0,20250312.0,4.0,6,13
7134,3658.0,20250312.0,4.0,3,28
7135,3659.0,20250312.0,4.0,1,128
7136,3659.0,20250312.0,4.0,5,103
7137,3660.0,20250312.0,2.0,2,99
7138,3660.0,20250312.0,2.0,3,7
7139,3661.0,20250313.0,3.0,2,103
7140,3662.0,20250313.0,1.0,3,101
7141,3663.0,20250313.0,3.0,4,33
7142,3663.0,20250313.0,3.0,3,32
7143,3663.0,20250313.0,3.0,1,1
7144,3664.0,20250313.0,2.0,5,206
7145,3664.0,20250313.0,2.0,2,115
7146,3665.0,20250313.0,2.0,3,71
7147,3665.0,20250313.0,2.0,2,26
7148,3665.0,20250313.0,2.0,1,2
7149,3666.0,20250313.0,2.0,2,8
7150,3666.0,20250313.0,2.0,1,116
7151,3667.0,20250313.0,3.0,3,58
7152,3667.0,20250313.0,3.0,4,11
7153,3668.0,20250313.0,2.0,4,40
7154,3668.0,20250313.0,2.0,2,36
7155,3669.0,20250313.0,3.0,5,16
7156,3669.0,20250313.0,3.0,6,55
7157,3670.0,20250313.0,4.0,5,156
7158,3671.0,20250314.0,2.0,6,180
7159,3672.0,20250314.0,4.0,4,24
7160,3672.0,20250314.0,4.0,5,53
7161,3673.0,20250314.0,1.0,6,48
7162,3673.0,20250314.0,1.0,5,58
7163,3674.0,20250314.0,1.0,2,48
7164,3675.0,20250314.0,1.0,5,136
7165,3676.0,20250314.0,1.0,1,44
7166,3676.0,20250314.0,1.0,6,23
7167,3677.0,20250314.0,2.0,5,17
7168,3677.0,20250314.0,2.0,6,196
7169,3678.0,20250315.0,3.0,1,76
7170,3678.0,20250315.0,3.0,6,26
7171,3679.0,20250315.0,4.0,5,27
7172,3679.0,20250315.0,4.0,4,100
7173,3679.0,20250315.0,4.0,3,12
7174,3680.0,20250315.0,2.0,5,116
7175,3680.0,20250315.0,2.0,6,93
7176,3681.0,20250315.0,3.0,1,97
7177,3682.0,20250315.0,1.0,1,79
7178,3682.0,20250315.0,1.0,4,36
7179,3683.0,20250315.0,1.0,5,1
7180,3683.0,20250315.0,1.0,6,5
7181,3684.0,20250315.0,4.0,6,92
7182,3684.0,20250315.0,4.0,1,16
7183,3684.0,20250315.0,4.0,3,3
7184,3685.0,20250315.0,1.0,6,233
7185,3686.0,20250315.0,1.0,5,31
7186,3686.0,20250315.0,1.0,4,110
7187,3687.0,20250315.0,4.0,4,66
7188,3687.0,20250315.0,4.0,3,1
7189,3687.0,20250315.0,4.0,2,89
7190,3688.0,20250316.0,4.0,6,93
7191,3688.0,20250316.0,4.0,3,102
7192,3689.0,20250316.0,2.0,6,164
7193,3690.0,20250316.0,1.0,4,20
7194,3690.0,20250316.0,1.0,2,56
7195,3691.0,20250316.0,1.0,3,17
7196,3691.0,20250316.0,1.0,4,58
7197,3691.0,20250316.0,1.0,1,40
7198,3692.0,20250316.0,3.0,2,29
7199,3692.0,20250316.0,3.0,3,34
7200,3693.0,20250316.0,3.0,5,56
7201,3694.0,20250316.0,3.0,4,72
7202,3694.0,20250316.0,3.0,1,8
7203,3695.0,20250317.0,2.0,1,69
7204,3695.0,20250317.0,2.0,6,2
7205,3696.0,20250317.0,2.0,4,257
7206,3697.0,20250317.0,1.0,3,142
7207,3698.0,20250317.0,3.0,3,76
7208,3699.0,20250317.0,1.0,1,1
7209,3699.0,20250317.0,1.0,2,25
7210,3699.0,20250317.0,1.0,4,107
7211,3700.0,20250317.0,4.0,4,17
7212,3700.0,20250317.0,4.0,2,93
7213,3700.0,20250317.0,4.0,3,5
7214,3701.0,20250317.0,2.0,1,186
7215,3702.0,20250317.0,3.0,1,94
7216,3702.0,20250317.0,3.0,4,2
7217,3702.0,20250317.0,3.0,5,64
7218,3703.0,20250317.0,1.0,2,156
7219,3704.0,20250317.0,3.0,4,72
7220,3704.0,20250317.0,3.0,1,32
7221,3704.0,20250317.0,3.0,6,1
7222,3705.0,20250317.0,4.0,1,21
7223,3705.0,20250317.0,4.0,2,113
7224,3706.0,20250318.0,3.0,3,27
7225,3706.0,20250318.0,3.0,2,10
7226,3707.0,20250318.0,3.0,2,45
7227,3707.0,20250318.0,3.0,6,17
7228,3707.0,20250318.0,3.0,3,13
7229,3708.0,20250318.0,2.0,3,67
7230,3708.0,20250318.0,2.0,6,35
7231,3709.0,20250318.0,1.0,4,127
7232,3710.0,20250318.0,3.0,5,113
7233,3711.0,20250318.0,1.0,3,124
7234,3712.0,20250318.0,1.0,3,140
7235,3713.0,20250318.0,2.0,4,212
7236,3714.0,20250319.0,3.0,3,40
7237,3715.0,20250319.0,4.0,5,21
7238,3715.0,20250319.0,4.0,2,43
7239,3715.0,20250319.0,4.0,3,76
7240,3716.0,20250319.0,1.0,6,33
7241,3716.0,20250319.0,1.0,2,33
7242,3716.0,20250319.0,1.0,3,47
7243,3717.0,20250319.0,3.0,2,102
7244,3718.0,20250319.0,2.0,1,251
7245,3719.0,20250319.0,4.0,6,111
7246,3720.0,20250319.0,2.0,5,9
7247,3720.0,20250319.0,2.0,6,27
7248,3720.0,20250319.0,2.0,3,15
7249,3721.0,20250319.0,3.0,4,109
7250,3722.0,20250319.0,3.0,2,65
7251,3723.0,20250320.0,4.0,5,10
7252,3723.0,20250320.0,4.0,2,40
7253,3723.0,20250320.0,4.0,1,57
7254,3724.0,20250320.0,2.0,5,52
7255,3724.0,20250320.0,2.0,4,33
7256,3725.0,20250320.0,3.0,2,16
7257,3725.0,20250320.0,3.0,1,46
7258,3726.0,20250320.0,4.0,5,168
7259,3727.0,20250320.0,2.0,2,49
7260,3727.0,20250320.0,2.0,5,40
7261,3727.0,20250320.0,2.0,4,43
7262,3728.0,20250320.0,1.0,2,6
7263,3728.0,20250320.0,1.0,3,20
7264,3728.0,20250320.0,1.0,1,2
7265,3729.0,20250320.0,2.0,3,68
7266,3729.0,20250320.0,2.0,1,61
7267,3730.0,20250320.0,1.0,4,25
7268,3730.0,20250320.0,1.0,3,143
7269,3731.0,20250321.0,1.0,5,139
7270,3732.0,20250321.0,1.0,6,60
7271,3732.0,20250321.0,1.0,2,61
7272,3733.0,20250321.0,2.0,3,249
7273,3734.0,20250321.0,2.0,1,286
7274,3734.0,20250321.0,2.0,4,31
7275,3735.0,20250321.0,4.0,5,83
7276,3736.0,20250321.0,2.0,5,19
7277,3736.0,20250321.0,2.0,3,176
7278,3737.0,20250321.0,1.0,5,1
7279,3737.0,20250321.0,1.0,1,22
7280,3737.0,20250321.0,1.0,6,47
7281,3738.0,20250321.0,4.0,3,97
7282,3739.0,20250321.0,3.0,5,125
7283,3740.0,20250322.0,3.0,3,11
7284,3740.0,20250322.0,3.0,6,17
7285,3740.0,20250322.0,3.0,4,15
7286,3741.0,20250322.0,4.0,3,157
7287,3742.0,20250322.0,4.0,5,68
7288,3743.0,20250322.0,4.0,6,148
7289,3744.0,20250322.0,1.0,3,32
7290,3744.0,20250322.0,1.0,5,205
7291,3745.0,20250322.0,2.0,2,61
7292,3745.0,20250322.0,2.0,5,206
7293,3746.0,20250322.0,1.0,4,42
7294,3746.0,20250322.0,1.0,5,51
7295,3747.0,20250322.0,3.0,1,75
7296,3748.0,20250323.0,1.0,5,79
7297,3749.0,20250323.0,1.0,4,88
7298,3750.0,20250323.0,1.0,1,98
7299,3751.0,20250323.0,1.0,1,19
7300,3752.0,20250323.0,4.0,6,115
7301,3753.0,20250323.0,2.0,3,129
7302,3754.0,20250324.0,4.0,5,155
7303,3755.0,20250324.0,1.0,6,11
7304,3755.0,20250324.0,1.0,2,20
7305,3755.0,20250324.0,1.0,4,120
7306,3756.0,20250324.0,3.0,6,65
7307,3756.0,20250324.0,3.0,4,16
7308,3757.0,20250324.0,2.0,6,42
7309,3757.0,20250324.0,2.0,4,112
7310,3758.0,20250324.0,4.0,2,30
7311,3758.0,20250324.0,4.0,5,28
7312,3758.0,20250324.0,4.0,1,19
7313,3759.0,20250324.0,3.0,6,7
7314,3759.0,20250324.0,3.0,2,31
7315,3759.0,20250324.0,3.0,5,23
7316,3760.0,20250324.0,4.0,3,12
7317,3760.0,20250324.0,4.0,5,209
7318,3761.0,20250324.0,3.0,2,96
7319,3762.0,20250324.0,3.0,4,90
7320,3763.0,20250324.0,1.0,6,18
7321,3763.0,20250324.0,1.0,5,6
7322,3763.0,20250324.0,1.0,1,100
7323,3764.0,20250324.0,3.0,5,54
7324,3765.0,20250325.0,4.0,1,114
7325,3766.0,20250325.0,4.0,2,4
7326,3766.0,20250325.0,4.0,1,5
7327,3767.0,20250325.0,4.0,6,4
7328,3767.0,20250325.0,4.0,2,87
7329,3767.0,20250325.0,4.0,5,44
7330,3768.0,20250325.0,2.0,2,170
7331,3768.0,20250325.0,2.0,5,26
7332,3769.0,20250325.0,2.0,5,113
7333,3770.0,20250325.0,3.0,3,31
7334,3770.0,20250325.0,3.0,1,18
7335,3770.0,20250325.0,3.0,4,25
7336,3771.0,20250325.0,2.0,4,167
7337,3772.0,20250325.0,3.0,1,11
7338,3772.0,20250325.0,3.0,6,23
7339,3772.0,20250325.0,3.0,3,54
7340,3773.0,20250325.0,3.0,5,70
7341,3773.0,20250325.0,3.0,6,40
7342,3773.0,20250325.0,3.0,1,17
7343,3774.0,20250325.0,1.0,3,32
7344,3774.0,20250325.0,1.0,4,80
7345,3775.0,20250325.0,2.0,2,182
7346,3776.0,20250326.0,4.0,3,34
7347,3777.0,20250326.0,1.0,3,88
7348,3777.0,20250326.0,1.0,2,15
7349,3777.0,20250326.0,1.0,6,24
7350,3778.0,20250326.0,1.0,4,43
7351,3778.0,20250326.0,1.0,2,37
7352,3779.0,20250326.0,1.0,6,127
7353,3779.0,20250326.0,1.0,2,55
7354,3780.0,20250326.0,2.0,5,167
7355,3781.0,20250326.0,4.0,4,31
7356,3781.0,20250326.0,4.0,2,8
7357,3781.0,20250326.0,4.0,3,69
7358,3782.0,20250326.0,1.0,2,105
7359,3782.0,20250326.0,1.0,6,18
7360,3783.0,20250326.0,4.0,3,130
7361,3784.0,20250327.0,2.0,6,8
7362,3784.0,20250327.0,2.0,2,124
7363,3784.0,20250327.0,2.0,3,144
7364,3785.0,20250327.0,2.0,4,92
7365,3786.0,20250327.0,1.0,6,83
7366,3786.0,20250327.0,1.0,4,25
7367,3786.0,20250327.0,1.0,3,20
7368,3787.0,20250327.0,2.0,3,146
7369,3788.0,20250327.0,4.0,4,122
7370,3789.0,20250327.0,3.0,4,10
7371,3789.0,20250327.0,3.0,2,56
7372,3790.0,20250327.0,2.0,1,184
7373,3790.0,20250327.0,2.0,5,48
7374,3791.0,20250327.0,1.0,5,40
7375,3791.0,20250327.0,1.0,4,72
7376,3792.0,20250328.0,2.0,3,16
7377,3792.0,20250328.0,2.0,1,18
7378,3792.0,20250328.0,2.0,2,2
7379,3793.0,20250328.0,4.0,2,22
7380,3793.0,20250328.0,4.0,3,99
7381,3793.0,20250328.0,4.0,5,81
7382,3794.0,20250328.0,2.0,3,109
7383,3794.0,20250328.0,2.0,1,34
7384,3795.0,20250328.0,2.0,2,233
7385,3796.0,20250328.0,2.0,3,45
7386,3796.0,20250328.0,2.0,6,54
7387,3797.0,20250328.0,1.0,6,134
7388,3798.0,20250328.0,2.0,2,272
7389,3798.0,20250328.0,2.0,4,16
7390,3799.0,20250328.0,3.0,4,61
7391,3800.0,20250328.0,4.0,2,36
7392,3800.0,20250328.0,4.0,6,52
7393,3800.0,20250328.0,4.0,5,4
7394,3801.0,20250329.0,1.0,1,3
7395,3801.0,20250329.0,1.0,2,122
7396,3802.0,20250329.0,2.0,2,178
7397,3803.0,20250329.0,3.0,2,75
7398,3804.0,20250329.0,1.0,6,4
7399,3804.0,20250329.0,1.0,1,23
7400,3804.0,20250329.0,1.0,5,12
7401,3805.0,20250329.0,4.0,4,82
7402,3805.0,20250329.0,4.0,5,8
7403,3805.0,20250329.0,4.0,6,6
7404,3806.0,20250329.0,3.0,3,77
7405,3807.0,20250329.0,2.0,5,115
7406,3807.0,20250329.0,2.0,3,80
7407,3808.0,20250329.0,3.0,3,59
7408,3808.0,20250329.0,3.0,6,54
7409,3809.0,20250329.0,2.0,6,39
7410,3809.0,20250329.0,2.0,3,130
7411,3810.0,20250330.0,3.0,6,24
7412,3810.0,20250330.0,3.0,2,17
7413,3810.0,20250330.0,3.0,4,12
7414,3811.0,20250330.0,1.0,2,123
7415,3812.0,20250330.0,1.0,4,72
7416,3812.0,20250330.0,1.0,3,35
7417,3813.0,20250330.0,3.0,4,61
7418,3813.0,20250330.0,3.0,6,26
7419,3814.0,20250330.0,3.0,5,48
7420,3814.0,20250330.0,3.0,3,32
7421,3815.0,20250330.0,1.0,3,59
7422,3815.0,20250330.0,1.0,5,46
7423,3816.0,20250330.0,4.0,6,155
7424,3817.0,20250330.0,2.0,6,59
7425,3817.0,20250330.0,2.0,2,12
7426,3818.0,20250330.0,1.0,1,96
7427,3818.0,20250330.0,1.0,6,83
7428,3819.0,20250330.0,4.0,5,93
7429,3820.0,20250330.0,3.0,1,20
7430,3820.0,20250330.0,3.0,5,45
7431,3820.0,20250330.0,3.0,6,47
7432,3821.0,20250331.0,2.0,6,248
7433,3822.0,20250331.0,4.0,2,108
7434,3823.0,20250331.0,1.0,2,148
7435,3824.0,20250331.0,2.0,5,14
7436,3824.0,20250331.0,2.0,6,153
7437,3825.0,20250331.0,3.0,1,4
7438,3825.0,20250331.0,3.0,6,51
7439,3826.0,20250331.0,4.0,4,261
7440,3827.0,20250331.0,4.0,4,131
7441,3828.0,20250401.0,3.0,2,41
7442,3828.0,20250401.0,3.0,1,16
7443,3829.0,20250401.0,2.0,5,164
7444,3829.0,20250401.0,2.0,6,58
7445,3829.0,20250401.0,2.0,3,9
7446,3830.0,20250401.0,3.0,4,16
7447,3830.0,20250401.0,3.0,5,67
7448,3830.0,20250401.0,3.0,3,38
7449,3831.0,20250401.0,4.0,3,245
7450,3831.0,20250401.0,4.0,6,7
7451,3832.0,20250401.0,4.0,2,21
7452,3832.0,20250401.0,4.0,3,35
7453,3833.0,20250401.0,3.0,3,65
7454,3834.0,20250401.0,4.0,2,213
7455,3835.0,20250401.0,1.0,2,62
7456,3835.0,20250401.0,1.0,4,28
7457,3836.0,20250401.0,3.0,2,80
7458,3837.0,20250401.0,2.0,1,68
7459,3837.0,20250401.0,2.0,6,137
7460,3837.0,20250401.0,2.0,4,63
7461,3838.0,20250402.0,2.0,2,125
7462,3838.0,20250402.0,2.0,4,69
7463,3838.0,20250402.0,2.0,3,8
7464,3839.0,20250402.0,4.0,2,55
7465,3839.0,20250402.0,4.0,5,42
7466,3839.0,20250402.0,4.0,3,65
7467,3840.0,20250402.0,2.0,1,256
7468,3841.0,20250402.0,2.0,6,48
7469,3841.0,20250402.0,2.0,1,91
7470,3841.0,20250402.0,2.0,3,61
7471,3842.0,20250402.0,1.0,4,71
7472,3842.0,20250402.0,1.0,3,101
7473,3843.0,20250402.0,3.0,5,73
7474,3843.0,20250402.0,3.0,1,26
7475,3844.0,20250402.0,3.0,3,35
7476,3844.0,20250402.0,3.0,4,10
7477,3845.0,20250402.0,4.0,4,79
7478,3846.0,20250402.0,4.0,6,23
7479,3846.0,20250402.0,4.0,2,25
7480,3846.0,20250402.0,4.0,3,86
7481,3847.0,20250403.0,3.0,4,20
7482,3847.0,20250403.0,3.0,1,16
7483,3847.0,20250403.0,3.0,2,61
7484,3848.0,20250403.0,1.0,3,167
7485,3849.0,20250403.0,3.0,1,49
7486,3850.0,20250403.0,2.0,4,60
7487,3850.0,20250403.0,2.0,2,168
7488,3851.0,20250403.0,3.0,6,98
7489,3851.0,20250403.0,3.0,4,10
7490,3852.0,20250403.0,1.0,6,136
7491,3853.0,20250403.0,3.0,3,43
7492,3853.0,20250403.0,3.0,2,33
7493,3853.0,20250403.0,3.0,6,11
7494,3854.0,20250404.0,4.0,6,54
7495,3854.0,20250404.0,4.0,1,63
7496,3854.0,20250404.0,4.0,4,18
7497,3855.0,20250404.0,3.0,3,17
7498,3855.0,20250404.0,3.0,1,5
7499,3855.0,20250404.0,3.0,2,67
7500,3856.0,20250404.0,1.0,3,112
7501,3856.0,20250404.0,1.0,1,42
7502,3857.0,20250404.0,3.0,4,90
7503,3857.0,20250404.0,3.0,5,11
7504,3857.0,20250404.0,3.0,1,2
7505,3858.0,20250404.0,1.0,3,68
7506,3858.0,20250404.0,1.0,2,98
7507,3858.0,20250404.0,1.0,6,5
7508,3859.0,20250404.0,2.0,2,221
7509,3859.0,20250404.0,2.0,6,47
7510,3860.0,20250404.0,2.0,4,216
7511,3861.0,20250404.0,3.0,1,78
7512,3862.0,20250404.0,1.0,3,21
7513,3863.0,20250404.0,4.0,1,25
7514,3864.0,20250405.0,2.0,5,196
7515,3864.0,20250405.0,2.0,2,29
7516,3865.0,20250405.0,4.0,4,201
7517,3866.0,20250405.0,1.0,1,4
7518,3866.0,20250405.0,1.0,4,108
7519,3867.0,20250405.0,1.0,5,33
7520,3867.0,20250405.0,1.0,6,37
7521,3867.0,20250405.0,1.0,1,57
7522,3868.0,20250405.0,3.0,4,26
7523,3868.0,20250405.0,3.0,6,75
7524,3868.0,20250405.0,3.0,2,23
7525,3869.0,20250405.0,1.0,4,136
7526,3870.0,20250405.0,4.0,3,17
7527,3870.0,20250405.0,4.0,1,102
7528,3871.0,20250405.0,1.0,3,25
7529,3871.0,20250405.0,1.0,2,148
7530,3872.0,20250406.0,3.0,4,53
7531,3872.0,20250406.0,3.0,2,24
7532,3873.0,20250406.0,3.0,2,104
7533,3874.0,20250406.0,3.0,2,15
7534,3874.0,20250406.0,3.0,3,43
7535,3874.0,20250406.0,3.0,1,53
7536,3875.0,20250406.0,2.0,2,11
7537,3875.0,20250406.0,2.0,5,58
7538,3875.0,20250406.0,2.0,4,37
7539,3876.0,20250406.0,2.0,1,141
7540,3876.0,20250406.0,2.0,3,32
7541,3877.0,20250406.0,1.0,1,39
7542,3877.0,20250406.0,1.0,2,19
7543,3878.0,20250406.0,3.0,2,58
7544,3878.0,20250406.0,3.0,5,10
7545,3879.0,20250406.0,1.0,1,14
7546,3879.0,20250406.0,1.0,2,96
7547,3880.0,20250406.0,2.0,3,139
7548,3881.0,20250407.0,3.0,6,10
7549,3881.0,20250407.0,3.0,3,73
7550,3881.0,20250407.0,3.0,5,12
7551,3882.0,20250407.0,4.0,1,22
7552,3882.0,20250407.0,4.0,2,102
7553,3882.0,20250407.0,4.0,6,29
7554,3883.0,20250407.0,4.0,4,56
7555,3884.0,20250407.0,3.0,4,10
7556,3884.0,20250407.0,3.0,5,16
7557,3884.0,20250407.0,3.0,2,45
7558,3885.0,20250407.0,4.0,2,44
7559,3885.0,20250407.0,4.0,6,27
7560,3885.0,20250407.0,4.0,1,81
7561,3886.0,20250407.0,4.0,6,169
7562,3886.0,20250407.0,4.0,2,11
7563,3887.0,20250407.0,3.0,5,31
7564,3887.0,20250407.0,3.0,2,11
7565,3887.0,20250407.0,3.0,4,15
7566,3888.0,20250408.0,2.0,2,76
7567,3888.0,20250408.0,2.0,4,25
7568,3888.0,20250408.0,2.0,3,96
7569,3889.0,20250408.0,4.0,6,57
7570,3890.0,20250408.0,3.0,2,2
7571,3890.0,20250408.0,3.0,6,64
7572,3890.0,20250408.0,3.0,1,28
7573,3891.0,20250408.0,3.0,2,111
7574,3891.0,20250408.0,3.0,1,20
7575,3892.0,20250408.0,1.0,1,16
7576,3892.0,20250408.0,1.0,3,152
7577,3893.0,20250408.0,4.0,4,220
7578,3894.0,20250408.0,2.0,1,64
7579,3894.0,20250408.0,2.0,4,119
7580,3894.0,20250408.0,2.0,6,26
7581,3895.0,20250408.0,4.0,1,193
7582,3896.0,20250409.0,4.0,5,6
7583,3896.0,20250409.0,4.0,4,35
7584,3896.0,20250409.0,4.0,3,28
7585,3897.0,20250409.0,4.0,6,126
7586,3898.0,20250409.0,4.0,6,21
7587,3898.0,20250409.0,4.0,3,23
7588,3899.0,20250409.0,3.0,5,108
7589,3900.0,20250409.0,4.0,3,1
7590,3900.0,20250409.0,4.0,5,31
7591,3900.0,20250409.0,4.0,4,39
7592,3901.0,20250409.0,4.0,1,61
7593,3901.0,20250409.0,4.0,5,32
7594,3902.0,20250410.0,1.0,1,146
7595,3903.0,20250410.0,4.0,4,57
7596,3903.0,20250410.0,4.0,1,124
7597,3904.0,20250410.0,2.0,3,238
7598,3905.0,20250410.0,2.0,1,205
7599,3906.0,20250410.0,1.0,1,20
7600,3906.0,20250410.0,1.0,5,60
7601,3907.0,20250410.0,4.0,2,27
7602,3907.0,20250410.0,4.0,5,13
7603,3907.0,20250410.0,4.0,4,134
7604,3908.0,20250410.0,3.0,3,16
7605,3908.0,20250410.0,3.0,5,32
7606,3909.0,20250410.0,3.0,2,17
7607,3909.0,20250410.0,3.0,3,48
7608,3910.0,20250411.0,2.0,4,180
7609,3910.0,20250411.0,2.0,5,67
7610,3911.0,20250411.0,3.0,6,20
7611,3911.0,20250411.0,3.0,3,40
7612,3912.0,20250411.0,2.0,6,184
7613,3912.0,20250411.0,2.0,2,22
7614,3913.0,20250411.0,2.0,2,180
7615,3914.0,20250411.0,1.0,1,102
7616,3914.0,20250411.0,1.0,5,43
7617,3915.0,20250411.0,4.0,2,215
7618,3916.0,20250411.0,2.0,2,259
7619,3917.0,20250411.0,4.0,5,159
7620,3918.0,20250411.0,4.0,2,53
7621,3918.0,20250411.0,4.0,4,40
7622,3918.0,20250411.0,4.0,6,35
7623,3919.0,20250411.0,2.0,2,5
7624,3919.0,20250411.0,2.0,6,194
7625,3920.0,20250411.0,3.0,6,16
7626,3920.0,20250411.0,3.0,5,15
7627,3920.0,20250411.0,3.0,2,3
7628,3921.0,20250412.0,2.0,4,25
7629,3921.0,20250412.0,2.0,1,196
7630,3922.0,20250412.0,1.0,4,85
7631,3923.0,20250412.0,1.0,4,112
7632,3924.0,20250412.0,3.0,5,84
7633,3925.0,20250412.0,2.0,2,128
7634,3926.0,20250412.0,2.0,4,144
7635,3927.0,20250412.0,4.0,3,24
7636,3927.0,20250412.0,4.0,2,64
7637,3927.0,20250412.0,4.0,5,14
7638,3928.0,20250412.0,1.0,2,1
7639,3928.0,20250412.0,1.0,6,6
7640,3929.0,20250413.0,2.0,6,360
7641,3930.0,20250413.0,2.0,3,276
7642,3930.0,20250413.0,2.0,5,28
7643,3931.0,20250413.0,1.0,3,42
7644,3931.0,20250413.0,1.0,4,85
7645,3932.0,20250413.0,2.0,1,11
7646,3932.0,20250413.0,2.0,6,4
7647,3932.0,20250413.0,2.0,3,153
7648,3933.0,20250413.0,4.0,3,1
7649,3933.0,20250413.0,4.0,2,271
7650,3934.0,20250413.0,1.0,1,133
7651,3935.0,20250413.0,1.0,5,80
7652,3935.0,20250413.0,1.0,4,2
7653,3936.0,20250413.0,2.0,3,24
7654,3936.0,20250413.0,2.0,1,41
7655,3937.0,20250414.0,2.0,6,72
7656,3937.0,20250414.0,2.0,5,9
7657,3937.0,20250414.0,2.0,3,15
7658,3938.0,20250414.0,1.0,6,77
7659,3938.0,20250414.0,1.0,3,20
7660,3938.0,20250414.0,1.0,1,62
7661,3939.0,20250414.0,4.0,4,161
7662,3940.0,20250414.0,2.0,3,84
7663,3940.0,20250414.0,2.0,2,97
7664,3941.0,20250414.0,1.0,2,1
7665,3941.0,20250414.0,1.0,6,54
7666,3941.0,20250414.0,1.0,1,30
7667,3942.0,20250414.0,4.0,2,88
7668,3943.0,20250414.0,2.0,5,199
7669,3944.0,20250415.0,2.0,3,7
7670,3944.0,20250415.0,2.0,5,54
7671,3944.0,20250415.0,2.0,1,178
7672,3945.0,20250415.0,1.0,5,3
7673,3945.0,20250415.0,1.0,6,140
7674,3945.0,20250415.0,1.0,4,80
7675,3946.0,20250415.0,3.0,4,99
7676,3947.0,20250415.0,2.0,2,20
7677,3947.0,20250415.0,2.0,3,91
7678,3947.0,20250415.0,2.0,1,42
7679,3948.0,20250415.0,2.0,1,124
7680,3949.0,20250415.0,1.0,3,109
7681,3950.0,20250415.0,3.0,2,81
7682,3951.0,20250415.0,4.0,1,41
7683,3951.0,20250415.0,4.0,4,62
7684,3951.0,20250415.0,4.0,2,29
7685,3952.0,20250415.0,1.0,6,9
7686,3952.0,20250415.0,1.0,1,106
7687,3952.0,20250415.0,1.0,5,37
7688,3953.0,20250415.0,1.0,5,7
7689,3953.0,20250415.0,1.0,2,19
7690,3953.0,20250415.0,1.0,3,9
7691,3954.0,20250415.0,4.0,4,90
7692,3954.0,20250415.0,4.0,6,10
7693,3954.0,20250415.0,4.0,2,14
7694,3955.0,20250416.0,2.0,6,52
7695,3956.0,20250416.0,4.0,6,24
7696,3956.0,20250416.0,4.0,1,108
7697,3957.0,20250416.0,4.0,2,3
7698,3957.0,20250416.0,4.0,6,12
7699,3958.0,20250416.0,1.0,3,113
7700,3958.0,20250416.0,1.0,2,30
7701,3959.0,20250416.0,4.0,4,1
7702,3959.0,20250416.0,4.0,5,7
7703,3960.0,20250416.0,2.0,6,271
7704,3961.0,20250416.0,4.0,4,219
7705,3962.0,20250416.0,4.0,6,25
7706,3962.0,20250416.0,4.0,4,116
7707,3963.0,20250417.0,1.0,3,47
7708,3963.0,20250417.0,1.0,1,101
7709,3963.0,20250417.0,1.0,5,2
7710,3964.0,20250417.0,2.0,1,143
7711,3965.0,20250417.0,2.0,3,175
7712,3966.0,20250417.0,2.0,3,6
7713,3966.0,20250417.0,2.0,2,108
7714,3967.0,20250417.0,1.0,3,55
7715,3967.0,20250417.0,1.0,2,86
7716,3968.0,20250417.0,4.0,5,144
7717,3969.0,20250417.0,4.0,3,90
7718,3970.0,20250417.0,1.0,4,30
7719,3970.0,20250417.0,1.0,6,68
7720,3971.0,20250418.0,4.0,5,53
7721,3971.0,20250418.0,4.0,3,5
7722,3971.0,20250418.0,4.0,4,102
7723,3972.0,20250418.0,3.0,3,3
7724,3972.0,20250418.0,3.0,5,1
7725,3972.0,20250418.0,3.0,2,51
7726,3973.0,20250418.0,2.0,5,72
7727,3973.0,20250418.0,2.0,6,13
7728,3973.0,20250418.0,2.0,2,145
7729,3974.0,20250418.0,3.0,6,11
7730,3974.0,20250418.0,3.0,5,35
7731,3974.0,20250418.0,3.0,2,15
7732,3975.0,20250418.0,4.0,2,125
7733,3976.0,20250418.0,4.0,2,41
7734,3977.0,20250418.0,3.0,3,143
7735,3978.0,20250418.0,3.0,6,101
7736,3978.0,20250418.0,3.0,1,65
7737,3979.0,20250418.0,4.0,2,90
7738,3980.0,20250418.0,2.0,3,184
7739,3980.0,20250418.0,2.0,4,42
7740,3980.0,20250418.0,2.0,5,41
7741,3981.0,20250419.0,2.0,3,83
7742,3982.0,20250419.0,2.0,2,125
7743,3982.0,20250419.0,2.0,4,5
7744,3982.0,20250419.0,2.0,6,31
7745,3983.0,20250419.0,2.0,4,44
7746,3983.0,20250419.0,2.0,6,96
7747,3984.0,20250419.0,4.0,3,136
7748,3985.0,20250419.0,3.0,3,160
7749,3986.0,20250419.0,3.0,6,50
7750,3986.0,20250419.0,3.0,4,30
7751,3987.0,20250419.0,1.0,6,7
7752,3987.0,20250419.0,1.0,5,1
7753,3987.0,20250419.0,1.0,3,5
7754,3988.0,20250419.0,2.0,2,134
7755,3988.0,20250419.0,2.0,3,22
7756,3988.0,20250419.0,2.0,4,44
7757,3989.0,20250420.0,1.0,1,17
7758,3989.0,20250420.0,1.0,2,32
7759,3990.0,20250420.0,2.0,6,191
7760,3991.0,20250420.0,2.0,3,13
7761,3991.0,20250420.0,2.0,1,132
7762,3992.0,20250420.0,3.0,5,43
7763,3993.0,20250420.0,2.0,5,19
7764,3993.0,20250420.0,2.0,2,201
7765,3994.0,20250420.0,2.0,6,24
7766,3994.0,20250420.0,2.0,4,101
7767,3995.0,20250420.0,1.0,2,187
7768,3995.0,20250420.0,1.0,1,26
7769,3995.0,20250420.0,1.0,3,4
7770,3996.0,20250420.0,2.0,3,142
7771,3997.0,20250420.0,2.0,6,9
7772,3997.0,20250420.0,2.0,1,4
7773,3998.0,20250420.0,4.0,3,85
7774,3999.0,20250420.0,4.0,4,87
7775,4000.0,20250421.0,2.0,4,60
7776,4000.0,20250421.0,2.0,2,19
7777,4000.0,20250421.0,2.0,5,33
7778,4001.0,20250421.0,1.0,5,17
7779,4001.0,20250421.0,1.0,3,49
7780,4001.0,20250421.0,1.0,2,64
7781,4002.0,20250421.0,1.0,5,147
7782,4003.0,20250421.0,2.0,1,44
7783,4003.0,20250421.0,2.0,2,211
7784,4004.0,20250421.0,4.0,5,2
7785,4004.0,20250421.0,4.0,3,114
7786,4005.0,20250421.0,4.0,6,46
7787,4005.0,20250421.0,4.0,5,49
7788,4006.0,20250421.0,1.0,6,47
7789,4006.0,20250421.0,1.0,4,55
7790,4006.0,20250421.0,1.0,5,63
7791,4007.0,20250421.0,2.0,6,78
7792,4008.0,20250422.0,1.0,5,3
7793,4008.0,20250422.0,1.0,3,5
7794,4009.0,20250422.0,4.0,2,172
7795,4010.0,20250422.0,3.0,4,90
7796,4011.0,20250422.0,4.0,4,60
7797,4011.0,20250422.0,4.0,5,135
7798,4011.0,20250422.0,4.0,3,16
7799,4012.0,20250422.0,4.0,1,102
7800,4013.0,20250422.0,1.0,2,134
7801,4014.0,20250422.0,4.0,6,8
7802,4014.0,20250422.0,4.0,3,33
7803,4014.0,20250422.0,4.0,5,52
7804,4015.0,20250422.0,3.0,2,31
7805,4015.0,20250422.0,3.0,5,62
7806,4016.0,20250422.0,1.0,2,91
7807,4016.0,20250422.0,1.0,6,70
7808,4017.0,20250422.0,1.0,5,61
7809,4017.0,20250422.0,1.0,6,21
7810,4018.0,20250423.0,2.0,4,146
7811,4018.0,20250423.0,2.0,1,61
7812,4019.0,20250423.0,1.0,6,101
7813,4019.0,20250423.0,1.0,3,65
7814,4020.0,20250423.0,3.0,2,16
7815,4020.0,20250423.0,3.0,3,8
7816,4020.0,20250423.0,3.0,4,10
7817,4021.0,20250423.0,1.0,5,7
7818,4022.0,20250423.0,1.0,6,63
7819,4022.0,20250423.0,1.0,5,25
7820,4023.0,20250423.0,4.0,6,89
7821,4024.0,20250423.0,1.0,6,57
7822,4025.0,20250423.0,1.0,2,173
7823,4026.0,20250423.0,4.0,5,59
7824,4026.0,20250423.0,4.0,1,67
7825,4027.0,20250423.0,3.0,2,2
7826,4027.0,20250423.0,3.0,3,5
7827,4027.0,20250423.0,3.0,4,4
7828,4028.0,20250423.0,3.0,2,73
7829,4028.0,20250423.0,3.0,4,20
7830,4028.0,20250423.0,3.0,6,7
7831,4029.0,20250424.0,4.0,1,44
7832,4029.0,20250424.0,4.0,5,46
7833,4030.0,20250424.0,2.0,1,141
7834,4030.0,20250424.0,2.0,2,63
7835,4031.0,20250424.0,2.0,1,101
7836,4031.0,20250424.0,2.0,4,138
7837,4032.0,20250424.0,3.0,4,31
7838,4032.0,20250424.0,3.0,5,104
7839,4033.0,20250424.0,4.0,5,98
7840,4034.0,20250424.0,3.0,3,1
7841,4034.0,20250424.0,3.0,1,49
7842,4035.0,20250424.0,1.0,2,78
7843,4036.0,20250425.0,4.0,1,28
7844,4036.0,20250425.0,4.0,2,96
7845,4037.0,20250425.0,4.0,2,79
7846,4037.0,20250425.0,4.0,4,139
7847,4037.0,20250425.0,4.0,1,15
7848,4038.0,20250425.0,2.0,3,3
7849,4038.0,20250425.0,2.0,1,44
7850,4038.0,20250425.0,2.0,6,52
7851,4039.0,20250425.0,1.0,2,35
7852,4039.0,20250425.0,1.0,6,78
7853,4039.0,20250425.0,1.0,4,17
7854,4040.0,20250425.0,1.0,6,96
7855,4040.0,20250425.0,1.0,5,4
7856,4041.0,20250425.0,1.0,2,107
7857,4042.0,20250425.0,4.0,4,126
7858,4042.0,20250425.0,4.0,1,183
7859,4042.0,20250425.0,4.0,2,5
7860,4043.0,20250425.0,2.0,5,22
7861,4043.0,20250425.0,2.0,1,76
7862,4044.0,20250425.0,4.0,4,29
7863,4044.0,20250425.0,4.0,3,129
7864,4045.0,20250425.0,3.0,3,61
7865,4045.0,20250425.0,3.0,5,24
7866,4046.0,20250425.0,4.0,3,103
7867,4046.0,20250425.0,4.0,1,3
7868,4047.0,20250426.0,3.0,2,24
7869,4047.0,20250426.0,3.0,6,31
7870,4047.0,20250426.0,3.0,4,64
7871,4048.0,20250426.0,4.0,6,27
7872,4048.0,20250426.0,4.0,5,89
7873,4049.0,20250426.0,2.0,2,241
7874,4050.0,20250426.0,3.0,3,14
7875,4050.0,20250426.0,3.0,2,55
7876,4051.0,20250426.0,4.0,6,77
7877,4051.0,20250426.0,4.0,2,31
7878,4052.0,20250426.0,4.0,2,181
7879,4053.0,20250426.0,4.0,4,150
7880,4053.0,20250426.0,4.0,5,14
7881,4053.0,20250426.0,4.0,3,25
7882,4054.0,20250426.0,3.0,2,4
7883,4054.0,20250426.0,3.0,4,6
7884,4054.0,20250426.0,3.0,6,58
7885,4055.0,20250426.0,4.0,4,79
7886,4055.0,20250426.0,4.0,5,28
7887,4055.0,20250426.0,4.0,6,56
7888,4056.0,20250426.0,1.0,3,14
7889,4056.0,20250426.0,1.0,2,43
7890,4056.0,20250426.0,1.0,1,43
7891,4057.0,20250426.0,1.0,5,60
7892,4057.0,20250426.0,1.0,4,45
7893,4058.0,20250427.0,4.0,5,210
7894,4059.0,20250427.0,2.0,6,253
7895,4060.0,20250427.0,1.0,3,164
7896,4061.0,20250427.0,3.0,5,6
7897,4061.0,20250427.0,3.0,2,1
7898,4061.0,20250427.0,3.0,6,3
7899,4062.0,20250427.0,3.0,6,86
7900,4063.0,20250427.0,2.0,5,130
7901,4064.0,20250428.0,3.0,2,5
7902,4064.0,20250428.0,3.0,1,44
7903,4064.0,20250428.0,3.0,3,34
7904,4065.0,20250428.0,2.0,1,40
7905,4065.0,20250428.0,2.0,5,5
7906,4065.0,20250428.0,2.0,2,31
7907,4066.0,20250428.0,3.0,6,26
7908,4066.0,20250428.0,3.0,4,59
7909,4067.0,20250428.0,4.0,5,100
7910,4067.0,20250428.0,4.0,4,10
7911,4068.0,20250428.0,1.0,6,10
7912,4068.0,20250428.0,1.0,5,3
7913,4069.0,20250428.0,2.0,4,205
7914,4070.0,20250428.0,1.0,1,65
7915,4070.0,20250428.0,1.0,3,34
7916,4070.0,20250428.0,1.0,4,3
7917,4071.0,20250428.0,2.0,2,15
7918,4071.0,20250428.0,2.0,6,108
7919,4071.0,20250428.0,2.0,3,13
7920,4072.0,20250428.0,2.0,3,94
7921,4073.0,20250428.0,1.0,4,80
7922,4074.0,20250428.0,3.0,4,27
7923,4074.0,20250428.0,3.0,5,40
7924,4074.0,20250428.0,3.0,6,19
7925,4075.0,20250429.0,2.0,2,13
7926,4076.0,20250429.0,2.0,3,207
7927,4076.0,20250429.0,2.0,5,17
7928,4077.0,20250429.0,1.0,1,118
7929,4078.0,20250429.0,1.0,5,99
7930,4078.0,20250429.0,1.0,2,17
7931,4078.0,20250429.0,1.0,4,11
7932,4079.0,20250429.0,2.0,5,34
7933,4079.0,20250429.0,2.0,2,6
7934,4080.0,20250429.0,1.0,3,17
7935,4080.0,20250429.0,1.0,4,66
7936,4081.0,20250429.0,1.0,1,17
7937,4081.0,20250429.0,1.0,5,26
7938,4081.0,20250429.0,1.0,4,12
7939,4082.0,20250429.0,1.0,2,171
7940,4083.0,20250430.0,3.0,4,46
7941,4083.0,20250430.0,3.0,2,14
7942,4083.0,20250430.0,3.0,5,5
7943,4084.0,20250430.0,2.0,2,3
7944,4084.0,20250430.0,2.0,5,64
7945,4084.0,20250430.0,2.0,4,52
7946,4085.0,20250430.0,1.0,4,137
7947,4086.0,20250430.0,4.0,3,62
7948,4086.0,20250430.0,4.0,1,57
7949,4086.0,20250430.0,4.0,2,31
7950,4087.0,20250430.0,2.0,5,283
7951,4088.0,20250430.0,4.0,5,226
7952,4089.0,20250430.0,4.0,5,72
7953,4089.0,20250430.0,4.0,4,117
7954,4090.0,20250501.0,4.0,5,64
7955,4090.0,20250501.0,4.0,6,94
7956,4091.0,20250501.0,4.0,5,102
7957,4092.0,20250501.0,2.0,6,173
7958,4092.0,20250501.0,2.0,1,7
7959,4093.0,20250501.0,2.0,4,70
7960,4093.0,20250501.0,2.0,3,40
7961,4093.0,20250501.0,2.0,2,63
7962,4094.0,20250501.0,4.0,5,14
7963,4094.0,20250501.0,4.0,1,136
7964,4095.0,20250501.0,4.0,5,5
7965,4095.0,20250501.0,4.0,3,74
7966,4095.0,20250501.0,4.0,6,28
7967,4096.0,20250501.0,2.0,5,30
7968,4096.0,20250501.0,2.0,3,24
7969,4096.0,20250501.0,2.0,6,30
7970,4097.0,20250501.0,4.0,2,16
7971,4097.0,20250501.0,4.0,1,149
7972,4098.0,20250501.0,4.0,4,19
7973,4098.0,20250501.0,4.0,2,84
7974,4099.0,20250502.0,1.0,6,55
7975,4099.0,20250502.0,1.0,2,2
7976,4100.0,20250502.0,4.0,6,228
7977,4100.0,20250502.0,4.0,3,2
7978,4101.0,20250502.0,1.0,6,46
7979,4101.0,20250502.0,1.0,2,56
7980,4102.0,20250502.0,1.0,6,108
7981,4103.0,20250502.0,4.0,6,70
7982,4104.0,20250502.0,1.0,5,7
7983,4104.0,20250502.0,1.0,2,77
7984,4105.0,20250503.0,2.0,5,116
7985,4105.0,20250503.0,2.0,2,111
7986,4106.0,20250503.0,2.0,5,60
7987,4107.0,20250503.0,4.0,6,200
7988,4108.0,20250503.0,4.0,4,216
7989,4108.0,20250503.0,4.0,1,36
7990,4109.0,20250503.0,1.0,3,2
7991,4109.0,20250503.0,1.0,6,48
7992,4109.0,20250503.0,1.0,1,11
7993,4110.0,20250503.0,3.0,4,108
7994,4111.0,20250503.0,2.0,1,166
7995,4112.0,20250504.0,1.0,6,86
7996,4112.0,20250504.0,1.0,4,20
7997,4112.0,20250504.0,1.0,2,2
7998,4113.0,20250504.0,1.0,5,36
7999,4113.0,20250504.0,1.0,2,25
8000,4113.0,20250504.0,1.0,3,39
8001,4114.0,20250504.0,4.0,4,133
8002,4114.0,20250504.0,4.0,2,94
8003,4115.0,20250504.0,2.0,4,211
8004,4116.0,20250504.0,2.0,5,38
8005,4116.0,20250504.0,2.0,4,102
8006,4116.0,20250504.0,2.0,3,103
8007,4117.0,20250504.0,3.0,1,96
8008,4118.0,20250505.0,4.0,3,109
8009,4118.0,20250505.0,4.0,4,3
8010,4119.0,20250505.0,1.0,3,16
8011,4119.0,20250505.0,1.0,4,204
8012,4120.0,20250505.0,2.0,6,75
8013,4120.0,20250505.0,2.0,4,19
8014,4120.0,20250505.0,2.0,5,80
8015,4121.0,20250505.0,2.0,2,82
8016,4122.0,20250505.0,4.0,6,49
8017,4122.0,20250505.0,4.0,1,73
8018,4122.0,20250505.0,4.0,2,119
8019,4123.0,20250505.0,3.0,4,28
8020,4123.0,20250505.0,3.0,6,26
8021,4124.0,20250505.0,4.0,6,3
8022,4124.0,20250505.0,4.0,2,23
8023,4124.0,20250505.0,4.0,4,77
8024,4125.0,20250506.0,4.0,4,161
8025,4126.0,20250506.0,4.0,6,1
8026,4126.0,20250506.0,4.0,3,79
8027,4127.0,20250506.0,2.0,1,151
8028,4127.0,20250506.0,2.0,3,85
8029,4128.0,20250506.0,1.0,3,32
8030,4128.0,20250506.0,1.0,6,39
8031,4129.0,20250506.0,2.0,1,50
8032,4129.0,20250506.0,2.0,4,141
8033,4130.0,20250506.0,2.0,4,209
8034,4130.0,20250506.0,2.0,1,52
8035,4131.0,20250506.0,3.0,6,72
8036,4131.0,20250506.0,3.0,3,140
8037,4132.0,20250506.0,3.0,2,91
8038,4133.0,20250506.0,3.0,5,23
8039,4133.0,20250506.0,3.0,4,42
8040,4133.0,20250506.0,3.0,1,23
8041,4134.0,20250506.0,3.0,5,22
8042,4134.0,20250506.0,3.0,4,30
8043,4135.0,20250507.0,4.0,5,68
8044,4135.0,20250507.0,4.0,6,56
8045,4136.0,20250507.0,3.0,2,44
8046,4137.0,20250507.0,2.0,3,299
8047,4138.0,20250507.0,3.0,6,69
8048,4139.0,20250507.0,1.0,3,16
8049,4139.0,20250507.0,1.0,6,35
8050,4140.0,20250507.0,1.0,3,181
8051,4141.0,20250507.0,1.0,1,24
8052,4141.0,20250507.0,1.0,4,62
8053,4141.0,20250507.0,1.0,5,73
8054,4142.0,20250507.0,4.0,6,40
8055,4142.0,20250507.0,4.0,5,27
8056,4143.0,20250507.0,1.0,6,36
8057,4143.0,20250507.0,1.0,1,70
8058,4144.0,20250507.0,1.0,1,148
8059,4145.0,20250508.0,3.0,2,31
8060,4145.0,20250508.0,3.0,5,10
8061,4146.0,20250508.0,1.0,3,43
8062,4146.0,20250508.0,1.0,2,22
8063,4147.0,20250508.0,1.0,4,72
8064,4147.0,20250508.0,1.0,3,57
8065,4147.0,20250508.0,1.0,2,22
8066,4148.0,20250508.0,3.0,2,35
8067,4148.0,20250508.0,3.0,5,37
8068,4148.0,20250508.0,3.0,1,52
8069,4149.0,20250508.0,4.0,4,30
8070,4149.0,20250508.0,4.0,3,8
8071,4149.0,20250508.0,4.0,6,77
8072,4150.0,20250508.0,3.0,2,4
8073,4150.0,20250508.0,3.0,6,70
8074,4150.0,20250508.0,3.0,4,3
8075,4151.0,20250508.0,3.0,2,94
8076,4152.0,20250508.0,2.0,3,48
8077,4152.0,20250508.0,2.0,2,57
8078,4152.0,20250508.0,2.0,1,155
8079,4153.0,20250509.0,2.0,2,254
8080,4154.0,20250509.0,2.0,5,32
8081,4154.0,20250509.0,2.0,2,209
8082,4155.0,20250509.0,3.0,4,96
8083,4156.0,20250509.0,1.0,5,75
8084,4156.0,20250509.0,1.0,1,20
8085,4157.0,20250509.0,2.0,1,78
8086,4157.0,20250509.0,2.0,4,118
8087,4158.0,20250509.0,2.0,3,115
8088,4158.0,20250509.0,2.0,5,24
8089,4159.0,20250509.0,2.0,5,149
8090,4160.0,20250509.0,4.0,3,21
8091,4160.0,20250509.0,4.0,4,67
8092,4160.0,20250509.0,4.0,6,109
8093,4161.0,20250509.0,2.0,1,214
8094,4161.0,20250509.0,2.0,5,88
8095,4161.0,20250509.0,2.0,2,2
8096,4162.0,20250509.0,1.0,2,67
8097,4162.0,20250509.0,1.0,5,23
8098,4163.0,20250509.0,3.0,3,26
8099,4163.0,20250509.0,3.0,1,93
8100,4164.0,20250510.0,2.0,6,135
8101,4164.0,20250510.0,2.0,4,23
8102,4164.0,20250510.0,2.0,1,105
8103,4165.0,20250510.0,4.0,3,30
8104,4165.0,20250510.0,4.0,2,111
8105,4166.0,20250510.0,2.0,3,95
8106,4166.0,20250510.0,2.0,6,56
8107,4167.0,20250510.0,3.0,2,8
8108,4167.0,20250510.0,3.0,5,144
8109,4168.0,20250510.0,4.0,3,38
8110,4168.0,20250510.0,4.0,6,63
8111,4168.0,20250510.0,4.0,4,19
8112,4169.0,20250510.0,2.0,1,12
8113,4169.0,20250510.0,2.0,2,12
8114,4169.0,20250510.0,2.0,3,146
8115,4170.0,20250510.0,4.0,6,54
8116,4170.0,20250510.0,4.0,3,13
8117,4170.0,20250510.0,4.0,1,10
8118,4171.0,20250511.0,3.0,4,60
8119,4171.0,20250511.0,3.0,1,43
8120,4172.0,20250511.0,3.0,5,25
8121,4172.0,20250511.0,3.0,6,47
8122,4173.0,20250511.0,2.0,6,46
8123,4173.0,20250511.0,2.0,5,34
8124,4173.0,20250511.0,2.0,1,37
8125,4174.0,20250511.0,3.0,4,48
8126,4175.0,20250511.0,2.0,3,12
8127,4175.0,20250511.0,2.0,4,111
8128,4175.0,20250511.0,2.0,2,6
8129,4176.0,20250511.0,4.0,6,172
8130,4177.0,20250511.0,1.0,4,99
8131,4178.0,20250512.0,4.0,3,4
8132,4178.0,20250512.0,4.0,5,113
8133,4178.0,20250512.0,4.0,4,36
8134,4179.0,20250512.0,2.0,3,235
8135,4180.0,20250512.0,4.0,5,170
8136,4181.0,20250512.0,4.0,1,67
8137,4181.0,20250512.0,4.0,2,44
8138,4182.0,20250512.0,1.0,2,134
8139,4183.0,20250512.0,3.0,2,13
8140,4183.0,20250512.0,3.0,6,14
8141,4183.0,20250512.0,3.0,4,120
8142,4184.0,20250512.0,4.0,5,84
8143,4184.0,20250512.0,4.0,4,98
8144,4185.0,20250512.0,1.0,4,45
8145,4185.0,20250512.0,1.0,1,20
8146,4185.0,20250512.0,1.0,6,24
8147,4186.0,20250512.0,4.0,2,112
8148,4187.0,20250512.0,3.0,1,213
8149,4188.0,20250513.0,4.0,4,27
8150,4188.0,20250513.0,4.0,6,78
8151,4189.0,20250513.0,4.0,5,60
8152,4189.0,20250513.0,4.0,3,49
8153,4190.0,20250513.0,4.0,6,181
8154,4191.0,20250513.0,3.0,4,6
8155,4191.0,20250513.0,3.0,5,128
8156,4192.0,20250513.0,4.0,5,80
8157,4193.0,20250513.0,1.0,1,86
8158,4194.0,20250514.0,3.0,5,32
8159,4194.0,20250514.0,3.0,3,54
8160,4195.0,20250514.0,1.0,4,10
8161,4195.0,20250514.0,1.0,5,71
8162,4196.0,20250514.0,2.0,5,86
8163,4196.0,20250514.0,2.0,3,39
8164,4196.0,20250514.0,2.0,1,5
8165,4197.0,20250514.0,4.0,6,172
8166,4198.0,20250514.0,2.0,5,131
8167,4198.0,20250514.0,2.0,4,80
8168,4199.0,20250514.0,3.0,2,67
8169,4199.0,20250514.0,3.0,5,67
8170,4200.0,20250514.0,1.0,2,92
8171,4201.0,20250515.0,3.0,4,32
8172,4201.0,20250515.0,3.0,6,46
8173,4201.0,20250515.0,3.0,5,35
8174,4202.0,20250515.0,4.0,6,116
8175,4203.0,20250515.0,2.0,6,323
8176,4204.0,20250515.0,1.0,3,29
8177,4204.0,20250515.0,1.0,5,52
8178,4205.0,20250515.0,1.0,3,73
8179,4205.0,20250515.0,1.0,6,96
8180,4206.0,20250515.0,2.0,2,259
8181,4207.0,20250515.0,4.0,5,165
8182,4208.0,20250515.0,3.0,3,16
8183,4208.0,20250515.0,3.0,4,42
8184,4208.0,20250515.0,3.0,1,28
8185,4209.0,20250515.0,1.0,6,70
8186,4209.0,20250515.0,1.0,1,49
8187,4210.0,20250515.0,4.0,2,127
8188,4211.0,20250515.0,3.0,6,57
8189,4211.0,20250515.0,3.0,1,18
8190,4212.0,20250516.0,3.0,5,27
8191,4212.0,20250516.0,3.0,3,4
8192,4213.0,20250516.0,4.0,4,108
8193,4214.0,20250516.0,2.0,3,53
8194,4214.0,20250516.0,2.0,6,37
8195,4215.0,20250516.0,4.0,4,41
8196,4215.0,20250516.0,4.0,6,25
8197,4216.0,20250516.0,3.0,1,2
8198,4216.0,20250516.0,3.0,6,17
8199,4216.0,20250516.0,3.0,3,79
8200,4217.0,20250516.0,2.0,2,51
8201,4217.0,20250516.0,2.0,5,57
8202,4218.0,20250516.0,4.0,4,75
8203,4219.0,20250516.0,4.0,4,101
8204,4220.0,20250516.0,2.0,4,8
8205,4220.0,20250516.0,2.0,1,84
8206,4221.0,20250516.0,2.0,5,40
8207,4221.0,20250516.0,2.0,6,20
8208,4221.0,20250516.0,2.0,2,13
8209,4222.0,20250517.0,3.0,3,10
8210,4222.0,20250517.0,3.0,5,74
8211,4222.0,20250517.0,3.0,4,17
8212,4223.0,20250517.0,3.0,5,121
8213,4224.0,20250517.0,4.0,4,113
8214,4224.0,20250517.0,4.0,5,12
8215,4225.0,20250517.0,2.0,5,263
8216,4226.0,20250517.0,3.0,1,89
8217,4226.0,20250517.0,3.0,6,2
8218,4227.0,20250517.0,2.0,4,273
8219,4227.0,20250517.0,2.0,5,24
8220,4228.0,20250517.0,1.0,6,81
8221,4229.0,20250517.0,2.0,5,78
8222,4229.0,20250517.0,2.0,3,213
8223,4230.0,20250517.0,3.0,4,78
8224,4230.0,20250517.0,3.0,1,6
8225,4230.0,20250517.0,3.0,3,11
8226,4231.0,20250518.0,1.0,2,132
8227,4232.0,20250518.0,1.0,4,60
8228,4232.0,20250518.0,1.0,5,14
8229,4232.0,20250518.0,1.0,6,66
8230,4233.0,20250518.0,1.0,4,68
8231,4233.0,20250518.0,1.0,2,27
8232,4234.0,20250518.0,4.0,4,79
8233,4235.0,20250518.0,2.0,3,182
8234,4236.0,20250518.0,3.0,2,101
8235,4237.0,20250519.0,3.0,5,25
8236,4237.0,20250519.0,3.0,3,71
8237,4238.0,20250519.0,2.0,3,34
8238,4238.0,20250519.0,2.0,4,20
8239,4238.0,20250519.0,2.0,2,54
8240,4239.0,20250519.0,2.0,2,45
8241,4239.0,20250519.0,2.0,1,140
8242,4239.0,20250519.0,2.0,6,30
8243,4240.0,20250519.0,1.0,5,151
8244,4241.0,20250519.0,4.0,2,170
8245,4242.0,20250519.0,4.0,1,4
8246,4242.0,20250519.0,4.0,4,3
8247,4242.0,20250519.0,4.0,2,9
8248,4243.0,20250520.0,4.0,4,120
8249,4244.0,20250520.0,1.0,1,111
8250,4245.0,20250520.0,4.0,6,155
8251,4246.0,20250520.0,1.0,6,126
8252,4247.0,20250520.0,1.0,1,17
8253,4247.0,20250520.0,1.0,6,2
8254,4247.0,20250520.0,1.0,2,58
8255,4248.0,20250520.0,2.0,3,27
8256,4248.0,20250520.0,2.0,2,16
8257,4248.0,20250520.0,2.0,4,76
8258,4249.0,20250520.0,3.0,3,56
8259,4249.0,20250520.0,3.0,2,27
8260,4250.0,20250520.0,4.0,1,12
8261,4250.0,20250520.0,4.0,6,123
8262,4250.0,20250520.0,4.0,3,54
8263,4251.0,20250520.0,1.0,1,151
8264,4252.0,20250520.0,3.0,6,105
8265,4252.0,20250520.0,3.0,1,6
8266,4252.0,20250520.0,3.0,4,21
8267,4253.0,20250520.0,3.0,5,6
8268,4253.0,20250520.0,3.0,6,78
8269,4254.0,20250521.0,3.0,1,106
8270,4255.0,20250521.0,2.0,3,253
8271,4256.0,20250521.0,3.0,5,86
8272,4257.0,20250521.0,3.0,5,45
8273,4257.0,20250521.0,3.0,4,76
8274,4258.0,20250521.0,2.0,4,80
8275,4258.0,20250521.0,2.0,2,71
8276,4258.0,20250521.0,2.0,5,3
8277,4259.0,20250521.0,3.0,5,15
8278,4259.0,20250521.0,3.0,4,45
8279,4259.0,20250521.0,3.0,1,12
8280,4260.0,20250522.0,3.0,3,3
8281,4260.0,20250522.0,3.0,6,86
8282,4261.0,20250522.0,3.0,1,122
8283,4262.0,20250522.0,1.0,3,55
8284,4262.0,20250522.0,1.0,4,110
8285,4263.0,20250522.0,3.0,4,32
8286,4263.0,20250522.0,3.0,3,12
8287,4263.0,20250522.0,3.0,2,7
8288,4264.0,20250522.0,3.0,6,118
8289,4265.0,20250522.0,1.0,1,160
8290,4266.0,20250522.0,1.0,3,81
8291,4266.0,20250522.0,1.0,6,11
8292,4266.0,20250522.0,1.0,2,28
8293,4267.0,20250522.0,2.0,3,247
8294,4268.0,20250522.0,1.0,4,140
8295,4269.0,20250522.0,3.0,1,19
8296,4269.0,20250522.0,3.0,6,5
8297,4269.0,20250522.0,3.0,3,49
8298,4270.0,20250522.0,3.0,2,31
8299,4270.0,20250522.0,3.0,5,106
8300,4271.0,20250523.0,4.0,5,29
8301,4271.0,20250523.0,4.0,6,94
8302,4271.0,20250523.0,4.0,4,22
8303,4272.0,20250523.0,4.0,6,31
8304,4273.0,20250523.0,3.0,6,25
8305,4273.0,20250523.0,3.0,4,15
8306,4273.0,20250523.0,3.0,1,22
8307,4274.0,20250523.0,4.0,2,29
8308,4275.0,20250523.0,2.0,6,180
8309,4276.0,20250523.0,1.0,4,115
8310,4277.0,20250523.0,3.0,6,10
8311,4277.0,20250523.0,3.0,1,92
8312,4277.0,20250523.0,3.0,4,9
8313,4278.0,20250523.0,4.0,4,165
8314,4279.0,20250523.0,3.0,1,59
8315,4280.0,20250524.0,4.0,5,190
8316,4281.0,20250524.0,3.0,1,118
8317,4281.0,20250524.0,3.0,2,4
8318,4282.0,20250524.0,3.0,2,18
8319,4282.0,20250524.0,3.0,4,48
8320,4283.0,20250524.0,3.0,5,15
8321,4283.0,20250524.0,3.0,4,25
8322,4283.0,20250524.0,3.0,6,18
8323,4284.0,20250524.0,2.0,1,78
8324,4285.0,20250524.0,3.0,4,51
8325,4285.0,20250524.0,3.0,5,111
8326,4286.0,20250525.0,1.0,1,131
8327,4287.0,20250525.0,4.0,6,185
8328,4288.0,20250525.0,3.0,2,49
8329,4289.0,20250525.0,1.0,4,174
8330,4290.0,20250525.0,1.0,3,143
8331,4291.0,20250525.0,1.0,2,54
8332,4291.0,20250525.0,1.0,4,50
8333,4291.0,20250525.0,1.0,5,101
8334,4292.0,20250525.0,1.0,2,31
8335,4292.0,20250525.0,1.0,3,40
8336,4292.0,20250525.0,1.0,1,128
8337,4293.0,20250525.0,1.0,1,181
8338,4294.0,20250525.0,2.0,6,6
8339,4294.0,20250525.0,2.0,2,135
8340,4294.0,20250525.0,2.0,5,21
8341,4295.0,20250525.0,4.0,6,127
8342,4296.0,20250526.0,3.0,2,6
8343,4296.0,20250526.0,3.0,4,47
8344,4296.0,20250526.0,3.0,5,3
8345,4297.0,20250526.0,4.0,4,90
8346,4297.0,20250526.0,4.0,3,119
8347,4298.0,20250526.0,2.0,1,149
8348,4299.0,20250526.0,1.0,1,78
8349,4300.0,20250526.0,1.0,6,152
8350,4301.0,20250526.0,4.0,3,38
8351,4301.0,20250526.0,4.0,4,35
8352,4302.0,20250526.0,1.0,4,59
8353,4302.0,20250526.0,1.0,2,22
8354,4303.0,20250526.0,2.0,1,16
8355,4303.0,20250526.0,2.0,5,265
8356,4303.0,20250526.0,2.0,2,5
8357,4304.0,20250526.0,2.0,4,58
8358,4304.0,20250526.0,2.0,3,86
8359,4304.0,20250526.0,2.0,6,18
8360,4305.0,20250526.0,3.0,2,23
8361,4306.0,20250526.0,3.0,1,11
8362,4306.0,20250526.0,3.0,2,56
8363,4307.0,20250527.0,2.0,2,8
8364,4307.0,20250527.0,2.0,4,23
8365,4307.0,20250527.0,2.0,1,16
8366,4308.0,20250527.0,3.0,5,13
8367,4308.0,20250527.0,3.0,6,31
8368,4308.0,20250527.0,3.0,4,63
8369,4309.0,20250527.0,1.0,2,37
8370,4309.0,20250527.0,1.0,4,3
8371,4309.0,20250527.0,1.0,6,106
8372,4310.0,20250527.0,3.0,1,38
8373,4310.0,20250527.0,3.0,6,42
8374,4311.0,20250527.0,4.0,3,13
8375,4311.0,20250527.0,4.0,2,41
8376,4311.0,20250527.0,4.0,4,66
8377,4312.0,20250527.0,2.0,4,6
8378,4312.0,20250527.0,2.0,1,5
8379,4313.0,20250527.0,4.0,4,9
8380,4313.0,20250527.0,4.0,5,110
8381,4314.0,20250527.0,4.0,2,84
8382,4314.0,20250527.0,4.0,4,155
8383,4315.0,20250527.0,3.0,1,13
8384,4315.0,20250527.0,3.0,2,30
8385,4316.0,20250527.0,4.0,2,57
8386,4317.0,20250527.0,4.0,1,57
8387,4317.0,20250527.0,4.0,2,41
8388,4317.0,20250527.0,4.0,6,92
8389,4318.0,20250528.0,3.0,6,15
8390,4318.0,20250528.0,3.0,1,111
8391,4319.0,20250528.0,4.0,1,97
8392,4320.0,20250528.0,2.0,3,132
8393,4320.0,20250528.0,2.0,2,104
8394,4321.0,20250528.0,4.0,2,21
8395,4321.0,20250528.0,4.0,4,112
8396,4322.0,20250528.0,3.0,3,31
8397,4323.0,20250528.0,4.0,4,55
8398,4323.0,20250528.0,4.0,3,20
8399,4324.0,20250528.0,3.0,3,13
8400,4324.0,20250528.0,3.0,1,39
8401,4324.0,20250528.0,3.0,2,13
8402,4325.0,20250528.0,2.0,4,200
8403,4326.0,20250528.0,2.0,3,277
8404,4326.0,20250528.0,2.0,2,5
8405,4327.0,20250529.0,4.0,5,179
8406,4328.0,20250529.0,1.0,4,41
8407,4329.0,20250529.0,3.0,4,84
8408,4330.0,20250529.0,3.0,4,24
8409,4330.0,20250529.0,3.0,2,72
8410,4331.0,20250529.0,4.0,2,88
8411,4331.0,20250529.0,4.0,1,54
8412,4332.0,20250529.0,3.0,6,44
8413,4332.0,20250529.0,3.0,5,56
8414,4333.0,20250530.0,4.0,2,134
8415,4334.0,20250530.0,3.0,3,10
8416,4334.0,20250530.0,3.0,2,40
8417,4335.0,20250530.0,2.0,1,100
8418,4335.0,20250530.0,2.0,4,97
8419,4335.0,20250530.0,2.0,3,11
8420,4336.0,20250530.0,1.0,5,248
8421,4337.0,20250530.0,4.0,1,17
8422,4337.0,20250530.0,4.0,3,43
8423,4337.0,20250530.0,4.0,4,59
8424,4338.0,20250530.0,2.0,4,101
8425,4339.0,20250530.0,2.0,3,16
8426,4339.0,20250530.0,2.0,1,14
8427,4339.0,20250530.0,2.0,5,39
8428,4340.0,20250530.0,1.0,5,27
8429,4340.0,20250530.0,1.0,3,70
8430,4341.0,20250530.0,2.0,1,119
8431,4341.0,20250530.0,2.0,3,63
8432,4341.0,20250530.0,2.0,2,60
8433,4342.0,20250530.0,2.0,5,115
8434,4343.0,20250530.0,2.0,5,12
8435,4343.0,20250530.0,2.0,1,126
8436,4344.0,20250531.0,2.0,6,190
8437,4345.0,20250531.0,3.0,6,53
8438,4345.0,20250531.0,3.0,2,22
8439,4346.0,20250531.0,2.0,2,149
8440,4346.0,20250531.0,2.0,1,128
8441,4347.0,20250531.0,3.0,3,54
8442,4348.0,20250531.0,1.0,5,34
8443,4348.0,20250531.0,1.0,4,2
8444,4348.0,20250531.0,1.0,1,43
8445,4349.0,20250531.0,2.0,6,290
8446,4349.0,20250531.0,2.0,1,53
8447,4350.0,20250531.0,2.0,3,206
8448,4351.0,20250531.0,2.0,5,288
8449,4352.0,20250531.0,2.0,1,201
8450,4353.0,20250531.0,1.0,1,165
8451,4354.0,20250531.0,4.0,4,36
8452,4354.0,20250531.0,4.0,1,125
8453,4354.0,20250531.0,4.0,3,1
8454,4355.0,20250601.0,3.0,4,41
8455,4355.0,20250601.0,3.0,2,57
8456,4356.0,20250601.0,3.0,3,21
8457,4356.0,20250601.0,3.0,2,13
8458,4356.0,20250601.0,3.0,6,61
8459,4357.0,20250601.0,4.0,1,30
8460,4358.0,20250601.0,2.0,1,42
8461,4358.0,20250601.0,2.0,5,263
8462,4359.0,20250601.0,4.0,2,208
8463,4359.0,20250601.0,4.0,3,23
8464,4359.0,20250601.0,4.0,6,23
8465,4360.0,20250601.0,3.0,1,21
8466,4360.0,20250601.0,3.0,3,17
8467,4360.0,20250601.0,3.0,5,27
8468,4361.0,20250601.0,4.0,1,150
8469,4362.0,20250601.0,4.0,2,29
8470,4362.0,20250601.0,4.0,4,11
8471,4362.0,20250601.0,4.0,3,27
8472,4363.0,20250602.0,1.0,6,166
8473,4364.0,20250602.0,3.0,5,60
8474,4365.0,20250602.0,4.0,5,145
8475,4366.0,20250602.0,3.0,6,35
8476,4366.0,20250602.0,3.0,1,30
8477,4367.0,20250602.0,3.0,3,27
8478,4367.0,20250602.0,3.0,2,76
8479,4368.0,20250602.0,4.0,2,25
8480,4368.0,20250602.0,4.0,5,27
8481,4368.0,20250602.0,4.0,4,81
8482,4369.0,20250602.0,4.0,2,41
8483,4369.0,20250602.0,4.0,3,32
8484,4369.0,20250602.0,4.0,4,47
8485,4370.0,20250602.0,3.0,4,36
8486,4370.0,20250602.0,3.0,2,32
8487,4371.0,20250602.0,4.0,3,95
8488,4371.0,20250602.0,4.0,5,91
8489,4372.0,20250603.0,2.0,3,87
8490,4373.0,20250603.0,2.0,3,272
8491,4374.0,20250603.0,2.0,3,87
8492,4374.0,20250603.0,2.0,4,35
8493,4375.0,20250603.0,3.0,3,65
8494,4375.0,20250603.0,3.0,6,25
8495,4376.0,20250603.0,4.0,6,39
8496,4376.0,20250603.0,4.0,1,12
8497,4377.0,20250603.0,4.0,4,174
8498,4378.0,20250603.0,3.0,3,35
8499,4378.0,20250603.0,3.0,4,59
8500,4378.0,20250603.0,3.0,5,14
8501,4379.0,20250603.0,1.0,2,86
8502,4379.0,20250603.0,1.0,5,36
8503,4380.0,20250603.0,1.0,6,194
8504,4381.0,20250604.0,3.0,4,67
8505,4382.0,20250604.0,2.0,6,226
8506,4383.0,20250604.0,4.0,1,241
8507,4384.0,20250604.0,2.0,2,3
8508,4384.0,20250604.0,2.0,4,4
8509,4384.0,20250604.0,2.0,1,11
8510,4385.0,20250604.0,4.0,3,206
8511,4386.0,20250604.0,2.0,3,68
8512,4386.0,20250604.0,2.0,4,34
8513,4386.0,20250604.0,2.0,6,219
8514,4387.0,20250604.0,1.0,4,96
8515,4388.0,20250604.0,4.0,4,135
8516,4388.0,20250604.0,4.0,6,15
8517,4389.0,20250604.0,2.0,3,159
8518,4390.0,20250604.0,1.0,2,76
8519,4390.0,20250604.0,1.0,6,75
8520,4391.0,20250604.0,2.0,1,123
8521,4392.0,20250605.0,3.0,4,21
8522,4393.0,20250605.0,2.0,4,233
8523,4393.0,20250605.0,2.0,1,63
8524,4394.0,20250605.0,4.0,3,188
8525,4395.0,20250605.0,4.0,2,156
8526,4396.0,20250605.0,4.0,4,136
8527,4397.0,20250605.0,2.0,4,106
8528,4397.0,20250605.0,2.0,1,82
8529,4397.0,20250605.0,2.0,3,138
8530,4398.0,20250605.0,2.0,5,159
8531,4399.0,20250605.0,1.0,3,7
8532,4399.0,20250605.0,1.0,1,3
8533,4399.0,20250605.0,1.0,5,16
8534,4400.0,20250605.0,2.0,1,72
8535,4400.0,20250605.0,2.0,3,55
8536,4401.0,20250606.0,4.0,4,89
8537,4401.0,20250606.0,4.0,3,30
8538,4402.0,20250606.0,1.0,4,81
8539,4403.0,20250606.0,2.0,5,250
8540,4404.0,20250606.0,4.0,6,40
8541,4404.0,20250606.0,4.0,2,112
8542,4405.0,20250606.0,4.0,3,18
8543,4405.0,20250606.0,4.0,5,29
8544,4406.0,20250606.0,1.0,5,90
8545,4406.0,20250606.0,1.0,1,6
8546,4407.0,20250607.0,2.0,6,173
8547,4408.0,20250607.0,2.0,5,283
8548,4408.0,20250607.0,2.0,1,6
8549,4409.0,20250607.0,2.0,5,52
8550,4409.0,20250607.0,2.0,1,173
8551,4409.0,20250607.0,2.0,3,2
8552,4410.0,20250607.0,2.0,4,139
8553,4411.0,20250607.0,1.0,3,95
8554,4412.0,20250607.0,1.0,6,67
8555,4412.0,20250607.0,1.0,3,7
8556,4412.0,20250607.0,1.0,1,17
8557,4413.0,20250607.0,2.0,4,25
8558,4413.0,20250607.0,2.0,2,91
8559,4413.0,20250607.0,2.0,3,38
8560,4414.0,20250607.0,1.0,2,91
8561,4415.0,20250607.0,1.0,2,107
8562,4415.0,20250607.0,1.0,4,23
8563,4416.0,20250608.0,4.0,3,193
8564,4416.0,20250608.0,4.0,4,8
8565,4416.0,20250608.0,4.0,2,6
8566,4417.0,20250608.0,2.0,3,165
8567,4417.0,20250608.0,2.0,6,64
8568,4418.0,20250608.0,4.0,5,175
8569,4419.0,20250608.0,2.0,6,145
8570,4420.0,20250608.0,2.0,4,105
8571,4420.0,20250608.0,2.0,3,4
8572,4420.0,20250608.0,2.0,6,77
8573,4421.0,20250608.0,3.0,1,4
8574,4421.0,20250608.0,3.0,5,105
8575,4421.0,20250608.0,3.0,2,22
8576,4422.0,20250608.0,1.0,5,82
8577,4423.0,20250608.0,2.0,6,7
8578,4423.0,20250608.0,2.0,1,119
8579,4423.0,20250608.0,2.0,5,59
8580,4424.0,20250608.0,4.0,2,65
8581,4424.0,20250608.0,4.0,3,78
8582,4425.0,20250608.0,1.0,4,40
8583,4425.0,20250608.0,1.0,6,20
8584,4425.0,20250608.0,1.0,2,110
8585,4426.0,20250608.0,1.0,4,38
8586,4426.0,20250608.0,1.0,1,122
8587,4427.0,20250609.0,1.0,5,116
8588,4427.0,20250609.0,1.0,2,7
8589,4428.0,20250609.0,3.0,5,117
8590,4429.0,20250609.0,1.0,5,74
8591,4429.0,20250609.0,1.0,1,78
8592,4430.0,20250609.0,3.0,1,52
8593,4430.0,20250609.0,3.0,5,20
8594,4431.0,20250609.0,1.0,5,48
8595,4431.0,20250609.0,1.0,4,80
8596,4432.0,20250609.0,2.0,1,167
8597,4433.0,20250609.0,2.0,1,114
8598,4433.0,20250609.0,2.0,5,104
8599,4433.0,20250609.0,2.0,4,17
8600,4434.0,20250609.0,1.0,3,85
8601,4435.0,20250609.0,3.0,4,96
8602,4435.0,20250609.0,3.0,3,15
8603,4436.0,20250609.0,3.0,6,61
8604,4436.0,20250609.0,3.0,2,121
8605,4437.0,20250609.0,4.0,6,184
8606,4438.0,20250610.0,4.0,2,27
8607,4438.0,20250610.0,4.0,4,12
8608,4439.0,20250610.0,4.0,2,5
8609,4439.0,20250610.0,4.0,4,161
8610,4440.0,20250610.0,4.0,2,14
8611,4440.0,20250610.0,4.0,4,203
8612,4441.0,20250610.0,2.0,4,179
8613,4441.0,20250610.0,2.0,2,54
8614,4442.0,20250610.0,2.0,3,16
8615,4442.0,20250610.0,2.0,1,1
8616,4442.0,20250610.0,2.0,4,25
8617,4443.0,20250610.0,4.0,4,50
8618,4444.0,20250610.0,2.0,2,289
8619,4445.0,20250610.0,3.0,1,34
8620,4445.0,20250610.0,3.0,5,18
8621,4446.0,20250610.0,2.0,6,13
8622,4446.0,20250610.0,2.0,2,230
8623,4446.0,20250610.0,2.0,5,61
8624,4447.0,20250610.0,1.0,1,114
8625,4448.0,20250610.0,4.0,6,86
8626,4449.0,20250611.0,4.0,4,13
8627,4449.0,20250611.0,4.0,3,66
8628,4449.0,20250611.0,4.0,2,30
8629,4450.0,20250611.0,1.0,4,11
8630,4450.0,20250611.0,1.0,6,58
8631,4451.0,20250611.0,3.0,5,6
8632,4451.0,20250611.0,3.0,1,23
8633,4451.0,20250611.0,3.0,3,25
8634,4452.0,20250611.0,4.0,3,91
8635,4452.0,20250611.0,4.0,2,49
8636,4452.0,20250611.0,4.0,1,80
8637,4453.0,20250611.0,2.0,6,152
8638,4454.0,20250611.0,4.0,2,134
8639,4455.0,20250611.0,1.0,4,99
8640,4456.0,20250611.0,4.0,4,24
8641,4456.0,20250611.0,4.0,5,52
8642,4456.0,20250611.0,4.0,3,61
8643,4457.0,20250611.0,4.0,2,3
8644,4457.0,20250611.0,4.0,3,45
8645,4457.0,20250611.0,4.0,1,42
8646,4458.0,20250611.0,4.0,5,125
8647,4459.0,20250611.0,4.0,2,223
8648,4460.0,20250612.0,3.0,3,39
8649,4460.0,20250612.0,3.0,6,18
8650,4460.0,20250612.0,3.0,5,14
8651,4461.0,20250612.0,1.0,3,164
8652,4462.0,20250612.0,2.0,6,58
8653,4462.0,20250612.0,2.0,5,79
8654,4462.0,20250612.0,2.0,1,96
8655,4463.0,20250612.0,4.0,3,8
8656,4463.0,20250612.0,4.0,1,42
8657,4463.0,20250612.0,4.0,4,36
8658,4464.0,20250612.0,3.0,5,82
8659,4465.0,20250612.0,4.0,4,49
8660,4465.0,20250612.0,4.0,3,6
8661,4465.0,20250612.0,4.0,5,146
8662,4466.0,20250612.0,4.0,4,84
8663,4466.0,20250612.0,4.0,1,28
8664,4467.0,20250612.0,2.0,1,162
8665,4468.0,20250612.0,2.0,3,89
8666,4468.0,20250612.0,2.0,1,124
8667,4469.0,20250612.0,3.0,1,20
8668,4469.0,20250612.0,3.0,5,58
8669,4469.0,20250612.0,3.0,4,19
8670,4470.0,20250613.0,3.0,5,7
8671,4470.0,20250613.0,3.0,2,67
8672,4471.0,20250613.0,4.0,3,34
8673,4471.0,20250613.0,4.0,1,65
8674,4472.0,20250613.0,1.0,2,134
8675,4472.0,20250613.0,1.0,6,20
8676,4472.0,20250613.0,1.0,4,12
8677,4473.0,20250613.0,2.0,4,104
8678,4473.0,20250613.0,2.0,6,174
8679,4474.0,20250613.0,1.0,6,116
8680,4475.0,20250613.0,3.0,2,44
8681,4475.0,20250613.0,3.0,1,12
8682,4475.0,20250613.0,3.0,3,15
8683,4476.0,20250613.0,1.0,6,83
8684,4476.0,20250613.0,1.0,2,24
8685,4477.0,20250613.0,2.0,1,93
8686,4477.0,20250613.0,2.0,3,63
8687,4478.0,20250614.0,1.0,2,78
8688,4478.0,20250614.0,1.0,4,68
8689,4479.0,20250614.0,3.0,3,31
8690,4479.0,20250614.0,3.0,6,78
8691,4479.0,20250614.0,3.0,2,18
8692,4480.0,20250614.0,4.0,5,197
8693,4480.0,20250614.0,4.0,6,6
8694,4481.0,20250614.0,3.0,4,118
8695,4482.0,20250614.0,3.0,2,29
8696,4482.0,20250614.0,3.0,5,81
8697,4483.0,20250614.0,3.0,3,69
8698,4483.0,20250614.0,3.0,1,17
8699,4484.0,20250614.0,3.0,6,47
8700,4484.0,20250614.0,3.0,5,23
8701,4485.0,20250614.0,2.0,4,261
8702,4486.0,20250614.0,2.0,3,24
8703,4486.0,20250614.0,2.0,2,281
8704,4487.0,20250614.0,3.0,4,50
8705,4487.0,20250614.0,3.0,1,17
8706,4488.0,20250614.0,1.0,2,56
8707,4488.0,20250614.0,1.0,5,60
8708,4488.0,20250614.0,1.0,4,27
8709,4489.0,20250615.0,2.0,5,41
8710,4489.0,20250615.0,2.0,6,118
8711,4490.0,20250615.0,2.0,1,112
8712,4490.0,20250615.0,2.0,3,53
8713,4491.0,20250615.0,2.0,3,90
8714,4492.0,20250615.0,3.0,4,26
8715,4492.0,20250615.0,3.0,1,64
8716,4493.0,20250615.0,1.0,2,57
8717,4493.0,20250615.0,1.0,1,99
8718,4493.0,20250615.0,1.0,4,13
8719,4494.0,20250615.0,1.0,3,33
8720,4494.0,20250615.0,1.0,4,8
8721,4494.0,20250615.0,1.0,2,80
8722,4495.0,20250615.0,4.0,5,35
8723,4495.0,20250615.0,4.0,4,58
8724,4495.0,20250615.0,4.0,2,42
8725,4496.0,20250615.0,1.0,4,14
8726,4496.0,20250615.0,1.0,1,31
8727,4496.0,20250615.0,1.0,3,68
8728,4497.0,20250615.0,2.0,6,8
8729,4497.0,20250615.0,2.0,2,80
8730,4498.0,20250615.0,1.0,2,76
8731,4499.0,20250616.0,4.0,5,155
8732,4500.0,20250616.0,3.0,2,138
8733,4501.0,20250616.0,2.0,3,223
8734,4501.0,20250616.0,2.0,4,122
8735,4502.0,20250616.0,3.0,2,86
8736,4502.0,20250616.0,3.0,5,15
8737,4503.0,20250616.0,2.0,5,167
8738,4504.0,20250616.0,3.0,6,4
8739,4505.0,20250616.0,4.0,3,6
8740,4505.0,20250616.0,4.0,4,78
8741,4506.0,20250616.0,4.0,4,46
8742,4506.0,20250616.0,4.0,3,13
8743,4506.0,20250616.0,4.0,2,36
8744,4507.0,20250616.0,3.0,4,113
8745,4508.0,20250616.0,4.0,6,237
8746,4509.0,20250617.0,1.0,1,112
8747,4510.0,20250617.0,4.0,5,9
8748,4510.0,20250617.0,4.0,4,35
8749,4510.0,20250617.0,4.0,6,57
8750,4511.0,20250617.0,1.0,5,5
8751,4512.0,20250617.0,3.0,3,85
8752,4512.0,20250617.0,3.0,1,1
8753,4513.0,20250617.0,3.0,2,4
8754,4513.0,20250617.0,3.0,6,37
8755,4513.0,20250617.0,3.0,5,8
8756,4514.0,20250617.0,4.0,4,109
8757,4514.0,20250617.0,4.0,6,21
8758,4515.0,20250617.0,3.0,1,124
8759,4516.0,20250618.0,3.0,1,32
8760,4516.0,20250618.0,3.0,6,25
8761,4517.0,20250618.0,1.0,3,9
8762,4517.0,20250618.0,1.0,2,43
8763,4517.0,20250618.0,1.0,1,30
8764,4518.0,20250618.0,4.0,6,63
8765,4519.0,20250618.0,3.0,2,17
8766,4519.0,20250618.0,3.0,1,25
8767,4519.0,20250618.0,3.0,4,21
8768,4520.0,20250618.0,4.0,4,77
8769,4521.0,20250618.0,2.0,4,59
8770,4521.0,20250618.0,2.0,3,39
8771,4521.0,20250618.0,2.0,1,82
8772,4522.0,20250619.0,3.0,5,79
8773,4522.0,20250619.0,3.0,1,61
8774,4522.0,20250619.0,3.0,4,7
8775,4523.0,20250619.0,2.0,5,30
8776,4523.0,20250619.0,2.0,2,82
8777,4523.0,20250619.0,2.0,4,80
8778,4524.0,20250619.0,4.0,4,162
8779,4524.0,20250619.0,4.0,1,4
8780,4525.0,20250619.0,4.0,5,127
8781,4526.0,20250619.0,2.0,5,39
8782,4526.0,20250619.0,2.0,6,3
8783,4526.0,20250619.0,2.0,2,23
8784,4527.0,20250619.0,1.0,5,61
8785,4527.0,20250619.0,1.0,1,40
8786,4528.0,20250619.0,3.0,5,24
8787,4528.0,20250619.0,3.0,1,65
8788,4528.0,20250619.0,3.0,6,20
8789,4529.0,20250619.0,2.0,6,53
8790,4529.0,20250619.0,2.0,3,22
8791,4530.0,20250620.0,3.0,5,164
8792,4531.0,20250620.0,1.0,5,16
8793,4531.0,20250620.0,1.0,4,10
8794,4532.0,20250620.0,2.0,6,39
8795,4532.0,20250620.0,2.0,1,129
8796,4533.0,20250620.0,4.0,2,101
8797,4533.0,20250620.0,4.0,4,77
8798,4534.0,20250620.0,4.0,3,189
8799,4535.0,20250620.0,2.0,3,142
8800,4536.0,20250620.0,2.0,2,172
8801,4537.0,20250620.0,1.0,6,123
8802,4537.0,20250620.0,1.0,3,12
8803,4538.0,20250620.0,2.0,3,184
8804,4538.0,20250620.0,2.0,2,179
8805,4539.0,20250621.0,1.0,5,67
8806,4539.0,20250621.0,1.0,1,20
8807,4539.0,20250621.0,1.0,6,52
8808,4540.0,20250621.0,2.0,3,155
8809,4540.0,20250621.0,2.0,1,5
8810,4541.0,20250621.0,2.0,4,155
8811,4542.0,20250621.0,1.0,1,173
8812,4543.0,20250621.0,2.0,3,113
8813,4544.0,20250621.0,3.0,4,22
8814,4544.0,20250621.0,3.0,3,41
8815,4544.0,20250621.0,3.0,1,3
8816,4545.0,20250621.0,1.0,1,22
8817,4545.0,20250621.0,1.0,5,70
8818,4545.0,20250621.0,1.0,6,4
8819,4546.0,20250621.0,4.0,5,80
8820,4546.0,20250621.0,4.0,6,140
8821,4547.0,20250621.0,1.0,2,42
8822,4547.0,20250621.0,1.0,4,70
8823,4547.0,20250621.0,1.0,6,23
8824,4548.0,20250621.0,1.0,5,36
8825,4548.0,20250621.0,1.0,6,3
8826,4548.0,20250621.0,1.0,4,55
8827,4549.0,20250622.0,3.0,3,33
8828,4550.0,20250622.0,4.0,1,88
8829,4550.0,20250622.0,4.0,2,55
8830,4551.0,20250622.0,2.0,2,66
8831,4552.0,20250622.0,1.0,4,35
8832,4552.0,20250622.0,1.0,5,60
8833,4553.0,20250622.0,1.0,1,86
8834,4554.0,20250622.0,4.0,2,225
8835,4555.0,20250622.0,4.0,1,231
8836,4556.0,20250622.0,1.0,6,127
8837,4557.0,20250623.0,3.0,5,107
8838,4558.0,20250623.0,2.0,3,266
8839,4559.0,20250623.0,4.0,3,91
8840,4560.0,20250623.0,3.0,2,103
8841,4561.0,20250623.0,2.0,3,273
8842,4562.0,20250623.0,3.0,5,103
8843,4563.0,20250623.0,1.0,6,152
8844,4564.0,20250623.0,4.0,3,127
8845,4564.0,20250623.0,4.0,6,22
8846,4565.0,20250623.0,1.0,3,69
8847,4566.0,20250624.0,2.0,4,154
8848,4567.0,20250624.0,3.0,3,74
8849,4567.0,20250624.0,3.0,4,9
8850,4568.0,20250624.0,1.0,2,33
8851,4568.0,20250624.0,1.0,1,75
8852,4568.0,20250624.0,1.0,3,1
8853,4569.0,20250624.0,1.0,6,39
8854,4569.0,20250624.0,1.0,4,34
8855,4569.0,20250624.0,1.0,1,26
8856,4570.0,20250624.0,4.0,6,35
8857,4570.0,20250624.0,4.0,2,33
8858,4571.0,20250624.0,2.0,2,56
8859,4571.0,20250624.0,2.0,3,108
8860,4572.0,20250624.0,4.0,6,37
8861,4572.0,20250624.0,4.0,3,182
8862,4573.0,20250624.0,1.0,6,133
8863,4573.0,20250624.0,1.0,2,18
8864,4574.0,20250624.0,3.0,4,15
8865,4574.0,20250624.0,3.0,3,5
8866,4574.0,20250624.0,3.0,2,93
8867,4575.0,20250624.0,4.0,5,28
8868,4575.0,20250624.0,4.0,6,62
8869,4576.0,20250625.0,1.0,3,9
8870,4576.0,20250625.0,1.0,5,89
8871,4576.0,20250625.0,1.0,1,24
8872,4577.0,20250625.0,4.0,6,139
8873,4578.0,20250625.0,2.0,1,53
8874,4578.0,20250625.0,2.0,5,64
8875,4578.0,20250625.0,2.0,2,161
8876,4579.0,20250625.0,3.0,4,24
8877,4579.0,20250625.0,3.0,2,72
8878,4580.0,20250625.0,3.0,6,38
8879,4580.0,20250625.0,3.0,5,41
8880,4581.0,20250625.0,3.0,4,73
8881,4582.0,20250625.0,3.0,5,20
8882,4582.0,20250625.0,3.0,1,25
8883,4582.0,20250625.0,3.0,6,47
8884,4583.0,20250625.0,1.0,2,123
8885,4583.0,20250625.0,1.0,4,55
8886,4583.0,20250625.0,1.0,3,37
8887,4584.0,20250625.0,1.0,4,116
8888,4584.0,20250625.0,1.0,2,2
8889,4585.0,20250625.0,2.0,3,11
8890,4586.0,20250625.0,1.0,4,188
8891,4587.0,20250626.0,4.0,6,125
8892,4588.0,20250626.0,2.0,6,114
8893,4588.0,20250626.0,2.0,1,83
8894,4588.0,20250626.0,2.0,5,4
8895,4589.0,20250626.0,4.0,4,195
8896,4589.0,20250626.0,4.0,1,15
8897,4590.0,20250626.0,3.0,2,37
8898,4590.0,20250626.0,3.0,5,69
8899,4590.0,20250626.0,3.0,6,24
8900,4591.0,20250626.0,2.0,1,149
8901,4592.0,20250626.0,4.0,4,117
8902,4593.0,20250626.0,2.0,4,49
8903,4593.0,20250626.0,2.0,6,77
8904,4594.0,20250627.0,3.0,6,68
8905,4595.0,20250627.0,4.0,6,112
8906,4595.0,20250627.0,4.0,4,9
8907,4595.0,20250627.0,4.0,1,4
8908,4596.0,20250627.0,4.0,6,8
8909,4596.0,20250627.0,4.0,1,37
8910,4597.0,20250627.0,1.0,3,64
8911,4598.0,20250627.0,4.0,1,70
8912,4598.0,20250627.0,4.0,3,87
8913,4599.0,20250627.0,1.0,4,79
8914,4600.0,20250627.0,4.0,6,20
8915,4600.0,20250627.0,4.0,1,147
8916,4601.0,20250628.0,1.0,2,207
8917,4602.0,20250628.0,1.0,2,71
8918,4603.0,20250628.0,2.0,1,67
8919,4603.0,20250628.0,2.0,6,74
8920,4604.0,20250628.0,1.0,4,5
8921,4604.0,20250628.0,1.0,3,37
8922,4604.0,20250628.0,1.0,1,66
8923,4605.0,20250628.0,2.0,6,9
8924,4605.0,20250628.0,2.0,4,125
8925,4605.0,20250628.0,2.0,1,53
8926,4606.0,20250628.0,3.0,3,14
8927,4606.0,20250628.0,3.0,5,56
8928,4607.0,20250629.0,1.0,1,13
8929,4607.0,20250629.0,1.0,5,73
8930,4608.0,20250629.0,1.0,2,36
8931,4608.0,20250629.0,1.0,4,20
8932,4608.0,20250629.0,1.0,3,34
8933,4609.0,20250629.0,1.0,2,83
8934,4610.0,20250629.0,4.0,3,12
8935,4610.0,20250629.0,4.0,2,83
8936,4610.0,20250629.0,4.0,5,133
8937,4611.0,20250629.0,1.0,1,110
8938,4612.0,20250629.0,2.0,2,194
8939,4613.0,20250629.0,4.0,5,106
8940,4613.0,20250629.0,4.0,2,24
8941,4614.0,20250629.0,3.0,6,20
8942,4614.0,20250629.0,3.0,5,53
8943,4614.0,20250629.0,3.0,3,29
8944,4615.0,20250629.0,3.0,1,156
8945,4616.0,20250630.0,2.0,1,263
8946,4617.0,20250630.0,1.0,5,125
8947,4618.0,20250630.0,3.0,2,79
8948,4619.0,20250630.0,1.0,1,37
8949,4619.0,20250630.0,1.0,2,25
8950,4620.0,20250630.0,2.0,5,146
8951,4621.0,20250630.0,1.0,3,3
8952,4621.0,20250630.0,1.0,1,4
8953,4621.0,20250630.0,1.0,2,74
8954,4622.0,20250630.0,4.0,5,188
8955,4623.0,20250701.0,3.0,6,27
8956,4623.0,20250701.0,3.0,4,85
8957,4624.0,20250701.0,3.0,6,51
8958,4624.0,20250701.0,3.0,1,85
8959,4625.0,20250701.0,1.0,5,2
8960,4625.0,20250701.0,1.0,1,16
8961,4625.0,20250701.0,1.0,3,165
8962,4626.0,20250701.0,2.0,3,178
8963,4627.0,20250701.0,3.0,2,168
8964,4628.0,20250701.0,4.0,6,15
8965,4628.0,20250701.0,4.0,5,82
8966,4628.0,20250701.0,4.0,3,41
8967,4629.0,20250702.0,2.0,5,101
8968,4629.0,20250702.0,2.0,4,2
8969,4630.0,20250702.0,4.0,6,15
8970,4630.0,20250702.0,4.0,4,15
8971,4630.0,20250702.0,4.0,1,110
8972,4631.0,20250702.0,1.0,2,116
8973,4631.0,20250702.0,1.0,4,35
8974,4632.0,20250702.0,2.0,4,136
8975,4633.0,20250702.0,4.0,4,3
8976,4633.0,20250702.0,4.0,1,8
8977,4634.0,20250702.0,4.0,6,200
8978,4635.0,20250702.0,2.0,5,26
8979,4635.0,20250702.0,2.0,2,72
8980,4635.0,20250702.0,2.0,6,69
8981,4636.0,20250702.0,4.0,5,105
8982,4637.0,20250703.0,1.0,3,70
8983,4637.0,20250703.0,1.0,5,58
8984,4638.0,20250703.0,2.0,2,91
8985,4638.0,20250703.0,2.0,4,116
8986,4639.0,20250703.0,4.0,6,79
8987,4640.0,20250703.0,2.0,4,272
8988,4641.0,20250703.0,4.0,6,238
8989,4642.0,20250703.0,2.0,3,20
8990,4642.0,20250703.0,2.0,6,71
8991,4642.0,20250703.0,2.0,5,174
8992,4643.0,20250704.0,4.0,4,62
8993,4643.0,20250704.0,4.0,2,42
8994,4644.0,20250704.0,4.0,6,26
8995,4644.0,20250704.0,4.0,1,209
8996,4645.0,20250704.0,1.0,6,31
8997,4645.0,20250704.0,1.0,5,33
8998,4645.0,20250704.0,1.0,4,39
8999,4646.0,20250704.0,1.0,3,26
9000,4646.0,20250704.0,1.0,2,90
9001,4647.0,20250704.0,1.0,2,5
9002,4647.0,20250704.0,1.0,3,61
9003,4647.0,20250704.0,1.0,5,28
9004,4648.0,20250704.0,2.0,4,36
9005,4648.0,20250704.0,2.0,3,59
9006,4648.0,20250704.0,2.0,1,15
9007,4649.0,20250704.0,3.0,3,105
9008,4650.0,20250704.0,1.0,6,42
9009,4650.0,20250704.0,1.0,1,4
9010,4650.0,20250704.0,1.0,2,80
9011,4651.0,20250705.0,3.0,2,15
9012,4651.0,20250705.0,3.0,5,57
9013,4652.0,20250705.0,2.0,1,6
9014,4652.0,20250705.0,2.0,2,230
9015,4653.0,20250705.0,1.0,4,106
9016,4654.0,20250705.0,2.0,2,99
9017,4654.0,20250705.0,2.0,4,22
9018,4654.0,20250705.0,2.0,3,92
9019,4655.0,20250705.0,4.0,6,159
9020,4656.0,20250705.0,1.0,4,73
9021,4656.0,20250705.0,1.0,3,14
9022,4656.0,20250705.0,1.0,2,32
9023,4657.0,20250705.0,4.0,5,205
9024,4658.0,20250705.0,2.0,5,30
9025,4658.0,20250705.0,2.0,2,84
9026,4659.0,20250705.0,3.0,1,21
9027,4659.0,20250705.0,3.0,4,29
9028,4660.0,20250705.0,3.0,4,37
9029,4660.0,20250705.0,3.0,5,20
9030,4661.0,20250706.0,4.0,3,109
9031,4662.0,20250706.0,1.0,5,41
9032,4662.0,20250706.0,1.0,4,18
9033,4662.0,20250706.0,1.0,3,28
9034,4663.0,20250706.0,3.0,6,88
9035,4664.0,20250706.0,1.0,5,92
9036,4665.0,20250706.0,2.0,2,28
9037,4665.0,20250706.0,2.0,3,49
9038,4665.0,20250706.0,2.0,4,25
9039,4666.0,20250706.0,2.0,5,88
9040,4666.0,20250706.0,2.0,1,8
9041,4666.0,20250706.0,2.0,3,20
9042,4667.0,20250707.0,3.0,2,32
9043,4667.0,20250707.0,3.0,4,4
9044,4668.0,20250707.0,2.0,2,104
9045,4668.0,20250707.0,2.0,4,152
9046,4668.0,20250707.0,2.0,6,51
9047,4669.0,20250707.0,1.0,2,1
9048,4669.0,20250707.0,1.0,6,7
9049,4670.0,20250707.0,2.0,1,97
9050,4671.0,20250707.0,4.0,2,11
9051,4671.0,20250707.0,4.0,6,12
9052,4671.0,20250707.0,4.0,4,6
9053,4672.0,20250707.0,2.0,4,147
9054,4672.0,20250707.0,2.0,1,17
9055,4673.0,20250707.0,4.0,4,4
9056,4673.0,20250707.0,4.0,2,1
9057,4673.0,20250707.0,4.0,3,41
9058,4674.0,20250707.0,4.0,5,17
9059,4674.0,20250707.0,4.0,1,77
9060,4675.0,20250708.0,2.0,3,119
9061,4675.0,20250708.0,2.0,4,54
9062,4675.0,20250708.0,2.0,1,58
9063,4676.0,20250708.0,2.0,6,6
9064,4676.0,20250708.0,2.0,4,346
9065,4677.0,20250708.0,4.0,5,197
9066,4678.0,20250708.0,4.0,4,5
9067,4678.0,20250708.0,4.0,5,46
9068,4678.0,20250708.0,4.0,2,24
9069,4679.0,20250708.0,4.0,6,119
9070,4679.0,20250708.0,4.0,3,115
9071,4680.0,20250708.0,3.0,3,26
9072,4681.0,20250708.0,1.0,4,73
9073,4681.0,20250708.0,1.0,5,16
9074,4682.0,20250708.0,4.0,2,59
9075,4683.0,20250708.0,4.0,1,101
9076,4683.0,20250708.0,4.0,3,20
9077,4684.0,20250708.0,3.0,6,52
9078,4684.0,20250708.0,3.0,2,41
9079,4684.0,20250708.0,3.0,4,7
9080,4685.0,20250708.0,1.0,2,99
9081,4686.0,20250709.0,2.0,5,214
9082,4687.0,20250709.0,2.0,1,58
9083,4687.0,20250709.0,2.0,5,165
9084,4688.0,20250709.0,4.0,6,84
9085,4688.0,20250709.0,4.0,3,3
9086,4689.0,20250709.0,4.0,2,52
9087,4689.0,20250709.0,4.0,1,39
9088,4690.0,20250709.0,4.0,3,40
9089,4690.0,20250709.0,4.0,6,4
9090,4690.0,20250709.0,4.0,4,8
9091,4691.0,20250709.0,3.0,3,106
9092,4691.0,20250709.0,3.0,4,24
9093,4692.0,20250709.0,3.0,2,19
9094,4692.0,20250709.0,3.0,1,86
9095,4692.0,20250709.0,3.0,4,4
9096,4693.0,20250709.0,1.0,2,188
9097,4694.0,20250709.0,1.0,5,177
9098,4695.0,20250709.0,3.0,1,86
9099,4695.0,20250709.0,3.0,4,4
9100,4696.0,20250709.0,3.0,1,5
9101,4696.0,20250709.0,3.0,5,129
9102,4697.0,20250710.0,1.0,5,13
9103,4697.0,20250710.0,1.0,1,80
9104,4698.0,20250710.0,3.0,3,4
9105,4698.0,20250710.0,3.0,5,69
9106,4699.0,20250710.0,4.0,6,71
9107,4700.0,20250710.0,1.0,3,28
9108,4700.0,20250710.0,1.0,5,7
9109,4701.0,20250710.0,2.0,1,173
9110,4702.0,20250710.0,4.0,1,154
9111,4703.0,20250710.0,3.0,1,146
9112,4703.0,20250710.0,3.0,2,1
9113,4704.0,20250710.0,2.0,4,111
9114,4705.0,20250710.0,4.0,3,13
9115,4705.0,20250710.0,4.0,4,38
9116,4706.0,20250710.0,3.0,6,102
9117,4707.0,20250711.0,4.0,5,24
9118,4707.0,20250711.0,4.0,6,78
9119,4707.0,20250711.0,4.0,4,18
9120,4708.0,20250711.0,4.0,3,84
9121,4708.0,20250711.0,4.0,4,37
9122,4709.0,20250711.0,3.0,3,54
9123,4710.0,20250711.0,2.0,6,52
9124,4710.0,20250711.0,2.0,5,24
9125,4710.0,20250711.0,2.0,4,8
9126,4711.0,20250711.0,1.0,4,41
9127,4711.0,20250711.0,1.0,6,83
9128,4712.0,20250711.0,3.0,4,43
9129,4712.0,20250711.0,3.0,6,49
9130,4713.0,20250711.0,2.0,2,265
9131,4714.0,20250712.0,3.0,6,74
9132,4714.0,20250712.0,3.0,4,7
9133,4715.0,20250712.0,4.0,5,36
9134,4715.0,20250712.0,4.0,6,112
9135,4716.0,20250712.0,3.0,1,8
9136,4716.0,20250712.0,3.0,4,55
9137,4717.0,20250712.0,4.0,3,2
9138,4717.0,20250712.0,4.0,1,77
9139,4717.0,20250712.0,4.0,2,22
9140,4718.0,20250712.0,2.0,4,240
9141,4719.0,20250712.0,1.0,6,126
9142,4720.0,20250712.0,3.0,4,79
9143,4721.0,20250712.0,4.0,5,16
9144,4721.0,20250712.0,4.0,6,5
9145,4722.0,20250712.0,4.0,2,148
9146,4722.0,20250712.0,4.0,5,51
9147,4723.0,20250713.0,3.0,5,114
9148,4724.0,20250713.0,3.0,1,105
9149,4725.0,20250713.0,3.0,4,23
9150,4725.0,20250713.0,3.0,1,19
9151,4726.0,20250713.0,2.0,5,240
9152,4727.0,20250713.0,3.0,3,3
9153,4727.0,20250713.0,3.0,6,11
9154,4727.0,20250713.0,3.0,1,18
9155,4728.0,20250713.0,4.0,1,107
9156,4728.0,20250713.0,4.0,5,6
9157,4728.0,20250713.0,4.0,2,45
9158,4729.0,20250713.0,4.0,2,45
9159,4729.0,20250713.0,4.0,4,56
9160,4729.0,20250713.0,4.0,6,3
9161,4730.0,20250714.0,3.0,6,104
9162,4731.0,20250714.0,3.0,2,21
9163,4731.0,20250714.0,3.0,5,35
9164,4731.0,20250714.0,3.0,3,12
9165,4732.0,20250714.0,2.0,4,285
9166,4733.0,20250714.0,4.0,2,16
9167,4733.0,20250714.0,4.0,4,105
9168,4734.0,20250714.0,4.0,4,41
9169,4734.0,20250714.0,4.0,2,43
9170,4735.0,20250714.0,3.0,1,86
9171,4736.0,20250714.0,1.0,5,124
9172,4736.0,20250714.0,1.0,6,29
9173,4736.0,20250714.0,1.0,1,10
9174,4737.0,20250714.0,2.0,1,162
9175,4738.0,20250714.0,2.0,3,82
9176,4738.0,20250714.0,2.0,2,51
9177,4738.0,20250714.0,2.0,5,62
9178,4739.0,20250715.0,1.0,4,160
9179,4740.0,20250715.0,2.0,4,2
9180,4740.0,20250715.0,2.0,1,190
9181,4741.0,20250715.0,1.0,1,26
9182,4741.0,20250715.0,1.0,2,61
9183,4742.0,20250715.0,1.0,4,46
9184,4742.0,20250715.0,1.0,3,42
9185,4743.0,20250715.0,3.0,6,138
9186,4744.0,20250715.0,3.0,2,73
9187,4744.0,20250715.0,3.0,1,7
9188,4745.0,20250716.0,2.0,1,271
9189,4746.0,20250716.0,4.0,4,73
9190,4746.0,20250716.0,4.0,6,89
9191,4746.0,20250716.0,4.0,5,3
9192,4747.0,20250716.0,1.0,1,106
9193,4747.0,20250716.0,1.0,5,5
9194,4748.0,20250716.0,3.0,2,71
9195,4748.0,20250716.0,3.0,3,22
9196,4749.0,20250716.0,3.0,5,5
9197,4749.0,20250716.0,3.0,2,40
9198,4750.0,20250716.0,3.0,2,4
9199,4750.0,20250716.0,3.0,5,68
9200,4751.0,20250716.0,3.0,3,71
9201,4752.0,20250716.0,4.0,1,90
9202,4753.0,20250716.0,3.0,4,1
9203,4753.0,20250716.0,3.0,6,114
9204,4754.0,20250716.0,1.0,1,15
9205,4754.0,20250716.0,1.0,6,5
9206,4754.0,20250716.0,1.0,5,23
9207,4755.0,20250717.0,4.0,2,73
9208,4756.0,20250717.0,4.0,4,146
9209,4757.0,20250717.0,3.0,6,69
9210,4757.0,20250717.0,3.0,3,28
9211,4758.0,20250717.0,3.0,4,104
9212,4759.0,20250717.0,2.0,3,197
9213,4760.0,20250717.0,2.0,4,159
9214,4760.0,20250717.0,2.0,6,168
9215,4761.0,20250717.0,3.0,3,5
9216,4761.0,20250717.0,3.0,1,58
9217,4761.0,20250717.0,3.0,6,23
9218,4762.0,20250717.0,4.0,4,22
9219,4762.0,20250717.0,4.0,5,35
9220,4763.0,20250717.0,1.0,3,136
9221,4764.0,20250717.0,3.0,6,41
9222,4764.0,20250717.0,3.0,4,30
9223,4765.0,20250717.0,1.0,1,143
9224,4765.0,20250717.0,1.0,4,18
9225,4766.0,20250718.0,4.0,4,148
9226,4766.0,20250718.0,4.0,6,45
9227,4767.0,20250718.0,4.0,6,248
9228,4768.0,20250718.0,2.0,4,236
9229,4769.0,20250718.0,1.0,1,103
9230,4770.0,20250718.0,4.0,4,135
9231,4771.0,20250718.0,2.0,4,116
9232,4771.0,20250718.0,2.0,2,34
9233,4771.0,20250718.0,2.0,5,80
9234,4772.0,20250718.0,3.0,5,50
9235,4772.0,20250718.0,3.0,4,36
9236,4773.0,20250718.0,1.0,4,78
9237,4774.0,20250718.0,4.0,3,164
9238,4775.0,20250719.0,2.0,3,82
9239,4775.0,20250719.0,2.0,4,92
9240,4775.0,20250719.0,2.0,2,72
9241,4776.0,20250719.0,3.0,5,20
9242,4776.0,20250719.0,3.0,3,19
9243,4776.0,20250719.0,3.0,1,31
9244,4777.0,20250719.0,4.0,1,162
9245,4777.0,20250719.0,4.0,6,1
9246,4778.0,20250719.0,4.0,1,84
9247,4778.0,20250719.0,4.0,2,5
9248,4778.0,20250719.0,4.0,6,61
9249,4779.0,20250719.0,2.0,4,98
9250,4779.0,20250719.0,2.0,2,221
9251,4780.0,20250719.0,3.0,2,43
9252,4780.0,20250719.0,3.0,4,32
9253,4781.0,20250719.0,3.0,5,65
9254,4782.0,20250719.0,4.0,3,69
9255,4782.0,20250719.0,4.0,2,73
9256,4782.0,20250719.0,4.0,4,51
9257,4783.0,20250719.0,3.0,4,3
9258,4783.0,20250719.0,3.0,3,52
9259,4784.0,20250720.0,4.0,1,91
9260,4785.0,20250720.0,3.0,2,53
9261,4785.0,20250720.0,3.0,1,23
9262,4785.0,20250720.0,3.0,4,41
9263,4786.0,20250720.0,2.0,1,248
9264,4787.0,20250720.0,3.0,6,103
9265,4788.0,20250720.0,4.0,1,74
9266,4788.0,20250720.0,4.0,4,43
9267,4789.0,20250720.0,3.0,1,2
9268,4789.0,20250720.0,3.0,5,72
9269,4789.0,20250720.0,3.0,3,3
9270,4790.0,20250720.0,3.0,1,110
9271,4791.0,20250721.0,4.0,3,4
9272,4791.0,20250721.0,4.0,1,4
9273,4792.0,20250721.0,2.0,4,123
9274,4792.0,20250721.0,2.0,1,33
9275,4793.0,20250721.0,2.0,2,32
9276,4793.0,20250721.0,2.0,3,19
9277,4793.0,20250721.0,2.0,6,55
9278,4794.0,20250721.0,3.0,3,91
9279,4795.0,20250721.0,2.0,6,147
9280,4795.0,20250721.0,2.0,1,95
9281,4796.0,20250721.0,3.0,3,77
9282,4796.0,20250721.0,3.0,2,2
9283,4797.0,20250721.0,4.0,1,5
9284,4797.0,20250721.0,4.0,6,71
9285,4798.0,20250721.0,1.0,2,28
9286,4798.0,20250721.0,1.0,6,84
9287,4799.0,20250722.0,2.0,5,84
9288,4799.0,20250722.0,2.0,4,173
9289,4800.0,20250722.0,2.0,3,57
9290,4800.0,20250722.0,2.0,5,3
9291,4801.0,20250722.0,4.0,2,11
9292,4801.0,20250722.0,4.0,3,201
9293,4802.0,20250722.0,4.0,5,45
9294,4802.0,20250722.0,4.0,6,44
9295,4803.0,20250722.0,1.0,4,68
9296,4803.0,20250722.0,1.0,3,139
9297,4804.0,20250722.0,2.0,3,44
9298,4804.0,20250722.0,2.0,1,55
9299,4804.0,20250722.0,2.0,4,53
9300,4805.0,20250722.0,4.0,1,82
9301,4805.0,20250722.0,4.0,6,64
9302,4806.0,20250722.0,2.0,5,7
9303,4806.0,20250722.0,2.0,2,16
9304,4806.0,20250722.0,2.0,3,51
9305,4807.0,20250722.0,3.0,4,123
9306,4808.0,20250723.0,4.0,1,128
9307,4809.0,20250723.0,2.0,6,165
9308,4809.0,20250723.0,2.0,4,134
9309,4810.0,20250723.0,4.0,1,10
9310,4810.0,20250723.0,4.0,5,65
9311,4811.0,20250723.0,2.0,6,58
9312,4811.0,20250723.0,2.0,3,206
9313,4812.0,20250723.0,3.0,6,2
9314,4812.0,20250723.0,3.0,5,77
9315,4812.0,20250723.0,3.0,4,48
9316,4813.0,20250723.0,3.0,4,121
9317,4814.0,20250723.0,2.0,6,29
9318,4814.0,20250723.0,2.0,2,6
9319,4814.0,20250723.0,2.0,4,204
9320,4815.0,20250723.0,3.0,6,17
9321,4815.0,20250723.0,3.0,3,37
9322,4816.0,20250723.0,2.0,1,146
9323,4816.0,20250723.0,2.0,2,37
9324,4817.0,20250724.0,4.0,1,6
9325,4817.0,20250724.0,4.0,3,163
9326,4818.0,20250724.0,2.0,5,44
9327,4818.0,20250724.0,2.0,6,149
9328,4818.0,20250724.0,2.0,1,16
9329,4819.0,20250724.0,1.0,4,13
9330,4819.0,20250724.0,1.0,5,6
9331,4819.0,20250724.0,1.0,3,20
9332,4820.0,20250724.0,1.0,1,153
9333,4821.0,20250724.0,1.0,4,56
9334,4821.0,20250724.0,1.0,5,92
9335,4822.0,20250724.0,2.0,6,14
9336,4822.0,20250724.0,2.0,3,83
9337,4822.0,20250724.0,2.0,5,172
9338,4823.0,20250724.0,1.0,4,5
9339,4823.0,20250724.0,1.0,1,67
9340,4823.0,20250724.0,1.0,5,53
9341,4824.0,20250725.0,1.0,3,87
9342,4825.0,20250725.0,1.0,4,155
9343,4826.0,20250725.0,2.0,6,172
9344,4827.0,20250725.0,2.0,3,114
9345,4827.0,20250725.0,2.0,2,91
9346,4828.0,20250725.0,3.0,4,60
9347,4828.0,20250725.0,3.0,3,29
9348,4828.0,20250725.0,3.0,2,9
9349,4829.0,20250725.0,4.0,2,27
9350,4829.0,20250725.0,4.0,3,4
9351,4829.0,20250725.0,4.0,5,95
9352,4830.0,20250725.0,3.0,3,48
9353,4830.0,20250725.0,3.0,2,92
9354,4830.0,20250725.0,3.0,4,9
9355,4831.0,20250725.0,4.0,3,156
9356,4831.0,20250725.0,4.0,2,12
9357,4832.0,20250725.0,2.0,1,70
9358,4832.0,20250725.0,2.0,4,9
9359,4832.0,20250725.0,2.0,3,82
9360,4833.0,20250726.0,1.0,5,86
9361,4833.0,20250726.0,1.0,2,39
9362,4833.0,20250726.0,1.0,3,51
9363,4834.0,20250726.0,4.0,4,103
9364,4834.0,20250726.0,4.0,3,29
9365,4834.0,20250726.0,4.0,1,30
9366,4835.0,20250726.0,1.0,5,14
9367,4835.0,20250726.0,1.0,4,103
9368,4835.0,20250726.0,1.0,2,21
9369,4836.0,20250726.0,1.0,1,124
9370,4836.0,20250726.0,1.0,5,5
9371,4836.0,20250726.0,1.0,6,18
9372,4837.0,20250726.0,1.0,5,60
9373,4837.0,20250726.0,1.0,4,52
9374,4838.0,20250726.0,4.0,3,98
9375,4839.0,20250726.0,2.0,5,92
9376,4839.0,20250726.0,2.0,4,85
9377,4840.0,20250726.0,4.0,6,41
9378,4840.0,20250726.0,4.0,4,49
9379,4840.0,20250726.0,4.0,1,4
9380,4841.0,20250726.0,3.0,6,143
9381,4841.0,20250726.0,3.0,2,13
9382,4841.0,20250726.0,3.0,1,7
9383,4842.0,20250726.0,3.0,1,36
9384,4842.0,20250726.0,3.0,5,43
9385,4842.0,20250726.0,3.0,2,75
9386,4843.0,20250727.0,2.0,4,56
9387,4843.0,20250727.0,2.0,2,53
9388,4844.0,20250727.0,4.0,6,123
9389,4844.0,20250727.0,4.0,5,9
9390,4845.0,20250727.0,3.0,6,67
9391,4846.0,20250727.0,3.0,3,63
9392,4846.0,20250727.0,3.0,4,20
9393,4847.0,20250727.0,2.0,2,27
9394,4847.0,20250727.0,2.0,3,11
9395,4847.0,20250727.0,2.0,4,94
9396,4848.0,20250727.0,2.0,5,23
9397,4849.0,20250727.0,4.0,4,52
9398,4849.0,20250727.0,4.0,2,33
9399,4850.0,20250728.0,3.0,2,106
9400,4851.0,20250728.0,4.0,2,10
9401,4851.0,20250728.0,4.0,6,28
9402,4851.0,20250728.0,4.0,1,22
9403,4852.0,20250728.0,3.0,4,123
9404,4853.0,20250728.0,1.0,2,75
9405,4854.0,20250728.0,3.0,1,22
9406,4854.0,20250728.0,3.0,3,40
9407,4854.0,20250728.0,3.0,6,51
9408,4855.0,20250728.0,4.0,4,82
9409,4855.0,20250728.0,4.0,3,58
9410,4855.0,20250728.0,4.0,5,9
9411,4856.0,20250728.0,2.0,3,269
9412,4857.0,20250728.0,3.0,4,19
9413,4857.0,20250728.0,3.0,2,19
9414,4857.0,20250728.0,3.0,3,39
9415,4858.0,20250728.0,2.0,4,26
9416,4858.0,20250728.0,2.0,3,6
9417,4859.0,20250729.0,1.0,2,19
9418,4859.0,20250729.0,1.0,4,119
9419,4860.0,20250729.0,2.0,4,167
9420,4861.0,20250729.0,2.0,1,55
9421,4861.0,20250729.0,2.0,3,75
9422,4862.0,20250729.0,1.0,4,98
9423,4863.0,20250729.0,4.0,3,119
9424,4864.0,20250729.0,3.0,4,3
9425,4864.0,20250729.0,3.0,2,56
9426,4865.0,20250729.0,2.0,5,116
9427,4865.0,20250729.0,2.0,3,50
9428,4866.0,20250729.0,2.0,2,89
9429,4866.0,20250729.0,2.0,5,3
9430,4866.0,20250729.0,2.0,1,105
9431,4867.0,20250729.0,2.0,3,209
9432,4868.0,20250729.0,2.0,5,239
9433,4869.0,20250729.0,1.0,3,40
9434,4869.0,20250729.0,1.0,6,48
9435,4870.0,20250730.0,2.0,2,114
9436,4871.0,20250730.0,2.0,1,125
9437,4871.0,20250730.0,2.0,5,9
9438,4871.0,20250730.0,2.0,2,8
9439,4872.0,20250730.0,1.0,6,3
9440,4872.0,20250730.0,1.0,5,102
9441,4873.0,20250730.0,3.0,5,33
9442,4873.0,20250730.0,3.0,6,41
9443,4873.0,20250730.0,3.0,2,15
9444,4874.0,20250730.0,2.0,1,246
9445,4875.0,20250730.0,2.0,5,86
9446,4875.0,20250730.0,2.0,6,191
9447,4876.0,20250730.0,4.0,3,109
9448,4876.0,20250730.0,4.0,4,59
9449,4877.0,20250730.0,2.0,4,124
9450,4878.0,20250730.0,1.0,2,109
9451,4878.0,20250730.0,1.0,6,15
9452,4879.0,20250730.0,3.0,3,120
9453,4880.0,20250730.0,3.0,2,34
9454,4880.0,20250730.0,3.0,4,8
9455,4881.0,20250731.0,4.0,4,81
9456,4881.0,20250731.0,4.0,6,117
9457,4882.0,20250731.0,3.0,3,77
9458,4883.0,20250731.0,3.0,5,5
9459,4883.0,20250731.0,3.0,1,26
9460,4883.0,20250731.0,3.0,3,34
9461,4884.0,20250731.0,4.0,2,1
9462,4884.0,20250731.0,4.0,3,15
9463,4884.0,20250731.0,4.0,4,30
9464,4885.0,20250731.0,1.0,6,74
9465,4886.0,20250731.0,3.0,5,95
9466,4886.0,20250731.0,3.0,3,28
9467,4887.0,20250801.0,2.0,6,152
9468,4887.0,20250801.0,2.0,3,56
9469,4888.0,20250801.0,1.0,2,8
9470,4888.0,20250801.0,1.0,1,11
9471,4889.0,20250801.0,3.0,2,41
9472,4889.0,20250801.0,3.0,1,48
9473,4890.0,20250801.0,2.0,4,64
9474,4890.0,20250801.0,2.0,2,73
9475,4891.0,20250801.0,4.0,6,45
9476,4891.0,20250801.0,4.0,1,47
9477,4891.0,20250801.0,4.0,5,36
9478,4892.0,20250801.0,3.0,1,106
9479,4893.0,20250801.0,3.0,2,14
9480,4893.0,20250801.0,3.0,3,81
9481,4894.0,20250801.0,4.0,5,87
9482,4895.0,20250801.0,3.0,3,35
9483,4895.0,20250801.0,3.0,2,9
9484,4895.0,20250801.0,3.0,1,18
9485,4896.0,20250801.0,4.0,5,8
9486,4897.0,20250802.0,3.0,1,35
9487,4897.0,20250802.0,3.0,2,28
9488,4897.0,20250802.0,3.0,4,3
9489,4898.0,20250802.0,3.0,6,97
9490,4899.0,20250802.0,2.0,4,478
9491,4900.0,20250802.0,2.0,4,5
9492,4900.0,20250802.0,2.0,6,150
9493,4900.0,20250802.0,2.0,5,49
9494,4901.0,20250802.0,3.0,5,44
9495,4901.0,20250802.0,3.0,3,32
9496,4902.0,20250802.0,2.0,2,189
9497,4902.0,20250802.0,2.0,5,66
9498,4903.0,20250803.0,3.0,1,49
9499,4904.0,20250803.0,4.0,3,157
9500,4905.0,20250803.0,3.0,3,45
9501,4905.0,20250803.0,3.0,1,28
9502,4906.0,20250803.0,4.0,1,172
9503,4907.0,20250803.0,2.0,6,61
9504,4907.0,20250803.0,2.0,3,24
9505,4907.0,20250803.0,2.0,1,84
9506,4908.0,20250803.0,3.0,5,87
9507,4909.0,20250803.0,1.0,4,178
9508,4910.0,20250803.0,1.0,5,143
9509,4911.0,20250803.0,1.0,3,134
9510,4911.0,20250803.0,1.0,4,14
9511,4912.0,20250803.0,3.0,2,17
9512,4912.0,20250803.0,3.0,4,7
9513,4913.0,20250803.0,4.0,5,50
9514,4914.0,20250804.0,1.0,6,60
9515,4914.0,20250804.0,1.0,1,43
9516,4915.0,20250804.0,3.0,2,9
9517,4915.0,20250804.0,3.0,1,6
9518,4915.0,20250804.0,3.0,3,95
9519,4916.0,20250804.0,2.0,6,181
9520,4917.0,20250804.0,1.0,3,151
9521,4918.0,20250804.0,1.0,4,27
9522,4918.0,20250804.0,1.0,5,3
9523,4918.0,20250804.0,1.0,2,40
9524,4919.0,20250804.0,1.0,1,77
9525,4919.0,20250804.0,1.0,3,71
9526,4919.0,20250804.0,1.0,5,36
9527,4920.0,20250804.0,4.0,5,2
9528,4920.0,20250804.0,4.0,1,18
9529,4920.0,20250804.0,4.0,3,57
9530,4921.0,20250804.0,3.0,2,5
9531,4921.0,20250804.0,3.0,3,106
9532,4922.0,20250804.0,4.0,6,114
9533,4923.0,20250805.0,2.0,1,93
9534,4923.0,20250805.0,2.0,6,66
9535,4923.0,20250805.0,2.0,3,12
9536,4924.0,20250805.0,1.0,5,6
9537,4924.0,20250805.0,1.0,4,76
9538,4924.0,20250805.0,1.0,3,19
9539,4925.0,20250805.0,2.0,1,6
9540,4925.0,20250805.0,2.0,4,3
9541,4925.0,20250805.0,2.0,6,43
9542,4926.0,20250805.0,4.0,4,176
9543,4927.0,20250805.0,3.0,6,31
9544,4927.0,20250805.0,3.0,5,13
9545,4927.0,20250805.0,3.0,3,108
9546,4928.0,20250805.0,4.0,2,35
9547,4928.0,20250805.0,4.0,4,5
9548,4928.0,20250805.0,4.0,5,27
9549,4929.0,20250805.0,3.0,6,42
9550,4929.0,20250805.0,3.0,3,36
9551,4930.0,20250806.0,1.0,6,26
9552,4930.0,20250806.0,1.0,5,15
9553,4930.0,20250806.0,1.0,2,11
9554,4931.0,20250806.0,4.0,6,11
9555,4931.0,20250806.0,4.0,1,19
9556,4931.0,20250806.0,4.0,3,51
9557,4932.0,20250806.0,1.0,6,111
9558,4932.0,20250806.0,1.0,3,13
9559,4933.0,20250806.0,4.0,4,168
9560,4934.0,20250806.0,2.0,3,53
9561,4934.0,20250806.0,2.0,4,24
9562,4935.0,20250806.0,3.0,5,119
9563,4936.0,20250806.0,3.0,5,49
9564,4936.0,20250806.0,3.0,1,26
9565,4937.0,20250806.0,2.0,6,75
9566,4938.0,20250806.0,4.0,3,123
9567,4939.0,20250807.0,4.0,4,11
9568,4939.0,20250807.0,4.0,5,5
9569,4940.0,20250807.0,1.0,4,43
9570,4940.0,20250807.0,1.0,2,19
9571,4940.0,20250807.0,1.0,3,8
9572,4941.0,20250807.0,4.0,6,19
9573,4941.0,20250807.0,4.0,5,47
9574,4941.0,20250807.0,4.0,4,85
9575,4942.0,20250807.0,1.0,5,84
9576,4942.0,20250807.0,1.0,4,133
9577,4943.0,20250807.0,4.0,5,89
9578,4943.0,20250807.0,4.0,3,124
9579,4944.0,20250807.0,2.0,1,70
9580,4944.0,20250807.0,2.0,3,146
9581,4945.0,20250807.0,3.0,5,40
9582,4945.0,20250807.0,3.0,4,30
9583,4946.0,20250807.0,3.0,3,75
9584,4946.0,20250807.0,3.0,1,53
9585,4947.0,20250807.0,2.0,2,43
9586,4947.0,20250807.0,2.0,1,84
9587,4947.0,20250807.0,2.0,4,56
9588,4948.0,20250807.0,2.0,1,172
9589,4949.0,20250807.0,1.0,5,98
9590,4950.0,20250808.0,2.0,6,13
9591,4950.0,20250808.0,2.0,1,159
9592,4951.0,20250808.0,4.0,6,97
9593,4951.0,20250808.0,4.0,1,54
9594,4951.0,20250808.0,4.0,2,1
9595,4952.0,20250808.0,3.0,1,59
9596,4952.0,20250808.0,3.0,3,4
9597,4953.0,20250808.0,3.0,6,117
9598,4953.0,20250808.0,3.0,4,3
9599,4953.0,20250808.0,3.0,5,12
9600,4954.0,20250808.0,3.0,6,71
9601,4954.0,20250808.0,3.0,1,23
9602,4955.0,20250808.0,1.0,1,169
9603,4956.0,20250808.0,2.0,2,111
9604,4956.0,20250808.0,2.0,5,42
9605,4956.0,20250808.0,2.0,4,116
9606,4957.0,20250808.0,1.0,3,41
9607,4957.0,20250808.0,1.0,4,4
9608,4957.0,20250808.0,1.0,5,96
9609,4958.0,20250808.0,3.0,5,132
9610,4959.0,20250808.0,4.0,3,23
9611,4959.0,20250808.0,4.0,1,8
9612,4959.0,20250808.0,4.0,2,32
9613,4960.0,20250809.0,1.0,3,132
9614,4961.0,20250809.0,2.0,1,240
9615,4961.0,20250809.0,2.0,5,3
9616,4962.0,20250809.0,3.0,6,64
9617,4962.0,20250809.0,3.0,4,6
9618,4962.0,20250809.0,3.0,3,17
9619,4963.0,20250809.0,1.0,5,13
9620,4963.0,20250809.0,1.0,2,71
9621,4964.0,20250809.0,1.0,2,75
9622,4964.0,20250809.0,1.0,6,66
9623,4965.0,20250809.0,4.0,5,11
9624,4965.0,20250809.0,4.0,1,24
9625,4965.0,20250809.0,4.0,4,2
9626,4966.0,20250809.0,2.0,2,37
9627,4966.0,20250809.0,2.0,4,63
9628,4967.0,20250810.0,4.0,6,121
9629,4967.0,20250810.0,4.0,5,106
9630,4967.0,20250810.0,4.0,1,2
9631,4968.0,20250810.0,4.0,4,138
9632,4969.0,20250810.0,3.0,5,23
9633,4969.0,20250810.0,3.0,6,58
9634,4969.0,20250810.0,3.0,1,12
9635,4970.0,20250810.0,3.0,1,48
9636,4970.0,20250810.0,3.0,3,16
9637,4971.0,20250810.0,2.0,6,184
9638,4972.0,20250810.0,2.0,2,72
9639,4972.0,20250810.0,2.0,6,218
9640,4973.0,20250810.0,2.0,2,50
9641,4973.0,20250810.0,2.0,5,35
9642,4973.0,20250810.0,2.0,6,103
9643,4974.0,20250810.0,4.0,4,201
9644,4975.0,20250810.0,1.0,6,65
9645,4975.0,20250810.0,1.0,4,68
9646,4976.0,20250810.0,2.0,1,184
9647,4977.0,20250811.0,4.0,3,47
9648,4977.0,20250811.0,4.0,2,17
9649,4978.0,20250811.0,1.0,4,167
9650,4979.0,20250811.0,2.0,1,152
9651,4980.0,20250811.0,4.0,3,16
9652,4980.0,20250811.0,4.0,5,100
9653,4980.0,20250811.0,4.0,4,6
9654,4981.0,20250811.0,1.0,6,46
9655,4981.0,20250811.0,1.0,2,14
9656,4982.0,20250811.0,3.0,3,43
9657,4983.0,20250812.0,4.0,2,48
9658,4984.0,20250812.0,4.0,3,20
9659,4984.0,20250812.0,4.0,6,1
9660,4984.0,20250812.0,4.0,5,21
9661,4985.0,20250812.0,1.0,2,105
9662,4986.0,20250812.0,4.0,6,11
9663,4986.0,20250812.0,4.0,1,109
9664,4986.0,20250812.0,4.0,4,37
9665,4987.0,20250812.0,2.0,2,137
9666,4988.0,20250812.0,1.0,1,31
9667,4988.0,20250812.0,1.0,2,5
9668,4988.0,20250812.0,1.0,3,220
9669,4989.0,20250812.0,3.0,3,115
9670,4990.0,20250812.0,2.0,3,163
9671,4991.0,20250812.0,1.0,2,32
9672,4991.0,20250812.0,1.0,4,18
9673,4991.0,20250812.0,1.0,1,23
9674,4992.0,20250812.0,4.0,4,13
9675,4992.0,20250812.0,4.0,2,56
9676,4992.0,20250812.0,4.0,1,123
9677,4993.0,20250813.0,4.0,2,39
9678,4993.0,20250813.0,4.0,5,2
9679,4993.0,20250813.0,4.0,6,53
9680,4994.0,20250813.0,1.0,4,45
9681,4995.0,20250813.0,2.0,1,40
9682,4995.0,20250813.0,2.0,5,83
9683,4995.0,20250813.0,2.0,6,3
9684,4996.0,20250813.0,3.0,4,127
9685,4997.0,20250813.0,3.0,2,77
9686,4997.0,20250813.0,3.0,1,5
9687,4997.0,20250813.0,3.0,3,4
9688,4998.0,20250813.0,2.0,3,27
9689,4998.0,20250813.0,2.0,1,172
9690,4999.0,20250814.0,3.0,3,13
9691,4999.0,20250814.0,3.0,5,67
9692,4999.0,20250814.0,3.0,2,15
9693,5000.0,20250814.0,4.0,4,39
9694,5000.0,20250814.0,4.0,3,79
9695,5001.0,20250814.0,4.0,2,111
9696,5002.0,20250814.0,2.0,1,110
9697,5003.0,20250814.0,4.0,6,59
9698,5003.0,20250814.0,4.0,5,29
9699,5003.0,20250814.0,4.0,1,31
9700,5004.0,20250814.0,4.0,5,56
9701,5004.0,20250814.0,4.0,6,239
9702,5005.0,20250814.0,1.0,1,13
9703,5005.0,20250814.0,1.0,5,5
9704,5005.0,20250814.0,1.0,3,73
9705,5006.0,20250814.0,2.0,2,268
9706,5007.0,20250815.0,4.0,6,72
9707,5007.0,20250815.0,4.0,3,38
9708,5008.0,20250815.0,2.0,6,250
9709,5009.0,20250815.0,4.0,1,74
9710,5009.0,20250815.0,4.0,2,17
9711,5010.0,20250815.0,2.0,4,160
9712,5011.0,20250815.0,3.0,6,111
9713,5012.0,20250815.0,4.0,2,8
9714,5012.0,20250815.0,4.0,1,128
9715,5013.0,20250815.0,4.0,5,91
9716,5013.0,20250815.0,4.0,3,138
9717,5014.0,20250815.0,4.0,3,5
9718,5014.0,20250815.0,4.0,5,40
9719,5014.0,20250815.0,4.0,1,227
9720,5015.0,20250816.0,4.0,5,38
9721,5015.0,20250816.0,4.0,4,84
9722,5015.0,20250816.0,4.0,3,17
9723,5016.0,20250816.0,3.0,5,10
9724,5016.0,20250816.0,3.0,4,68
9725,5017.0,20250816.0,4.0,3,76
9726,5018.0,20250816.0,1.0,1,37
9727,5018.0,20250816.0,1.0,5,153
9728,5019.0,20250816.0,3.0,3,32
9729,5019.0,20250816.0,3.0,6,64
9730,5020.0,20250816.0,3.0,6,16
9731,5020.0,20250816.0,3.0,1,46
9732,5021.0,20250816.0,1.0,5,60
9733,5021.0,20250816.0,1.0,3,54
9734,5022.0,20250816.0,2.0,4,196
9735,5023.0,20250816.0,2.0,5,86
9736,5024.0,20250816.0,4.0,2,3
9737,5024.0,20250816.0,4.0,6,52
9738,5025.0,20250817.0,4.0,3,93
9739,5025.0,20250817.0,4.0,1,53
9740,5025.0,20250817.0,4.0,6,2
9741,5026.0,20250817.0,2.0,1,181
9742,5027.0,20250817.0,4.0,1,19
9743,5027.0,20250817.0,4.0,6,99
9744,5028.0,20250817.0,4.0,2,24
9745,5028.0,20250817.0,4.0,1,93
9746,5029.0,20250817.0,4.0,2,257
9747,5030.0,20250817.0,1.0,2,57
9748,5030.0,20250817.0,1.0,4,7
9749,5030.0,20250817.0,1.0,3,39
9750,5031.0,20250817.0,1.0,1,89
9751,5031.0,20250817.0,1.0,4,9
9752,5032.0,20250817.0,1.0,4,84
9753,5032.0,20250817.0,1.0,6,48
9754,5032.0,20250817.0,1.0,1,5
9755,5033.0,20250817.0,3.0,6,28
9756,5033.0,20250817.0,3.0,5,34
9757,5033.0,20250817.0,3.0,2,76
9758,5034.0,20250817.0,4.0,1,66
9759,5034.0,20250817.0,4.0,2,99
9760,5035.0,20250817.0,2.0,6,82
9761,5036.0,20250818.0,3.0,6,135
9762,5037.0,20250818.0,4.0,4,83
9763,5038.0,20250818.0,3.0,3,39
9764,5038.0,20250818.0,3.0,1,5
9765,5038.0,20250818.0,3.0,5,31
9766,5039.0,20250818.0,3.0,2,27
9767,5040.0,20250818.0,4.0,2,123
9768,5040.0,20250818.0,4.0,6,174
9769,5041.0,20250818.0,1.0,6,91
9770,5041.0,20250818.0,1.0,2,60
9771,5042.0,20250818.0,1.0,2,72
9772,5043.0,20250818.0,3.0,2,40
9773,5043.0,20250818.0,3.0,3,35
9774,5044.0,20250818.0,1.0,2,19
9775,5044.0,20250818.0,1.0,3,54
9776,5044.0,20250818.0,1.0,1,20
9777,5045.0,20250818.0,3.0,3,73
9778,5045.0,20250818.0,3.0,6,77
9779,5046.0,20250818.0,2.0,4,226
9780,5047.0,20250819.0,4.0,3,6
9781,5047.0,20250819.0,4.0,6,2
9782,5048.0,20250819.0,2.0,3,259
9783,5049.0,20250819.0,2.0,2,149
9784,5050.0,20250819.0,2.0,5,91
9785,5051.0,20250819.0,2.0,4,68
9786,5052.0,20250819.0,1.0,2,80
9787,5053.0,20250819.0,3.0,5,45
9788,5053.0,20250819.0,3.0,1,3
9789,5054.0,20250819.0,3.0,1,49
9790,5054.0,20250819.0,3.0,5,38
9791,5054.0,20250819.0,3.0,4,18
9792,5055.0,20250819.0,2.0,2,100
9793,5055.0,20250819.0,2.0,5,81
9794,5056.0,20250819.0,1.0,4,37
9795,5056.0,20250819.0,1.0,5,44
9796,5057.0,20250820.0,2.0,1,143
9797,5057.0,20250820.0,2.0,2,96
9798,5058.0,20250820.0,3.0,5,6
9799,5058.0,20250820.0,3.0,1,73
9800,5059.0,20250820.0,1.0,3,120
9801,5059.0,20250820.0,1.0,5,1
9802,5059.0,20250820.0,1.0,2,84
9803,5060.0,20250820.0,4.0,6,20
9804,5060.0,20250820.0,4.0,4,60
9805,5061.0,20250820.0,2.0,2,147
9806,5061.0,20250820.0,2.0,3,33
9807,5062.0,20250820.0,2.0,5,228
9808,5063.0,20250820.0,4.0,2,10
9809,5063.0,20250820.0,4.0,3,104
9810,5064.0,20250820.0,4.0,4,132
9811,5065.0,20250820.0,1.0,6,82
9812,5065.0,20250820.0,1.0,3,8
9813,5066.0,20250821.0,3.0,1,27
9814,5066.0,20250821.0,3.0,5,54
9815,5067.0,20250821.0,3.0,4,84
9816,5067.0,20250821.0,3.0,6,6
9817,5067.0,20250821.0,3.0,3,10
9818,5068.0,20250821.0,3.0,5,93
9819,5068.0,20250821.0,3.0,2,12
9820,5069.0,20250821.0,1.0,2,26
9821,5069.0,20250821.0,1.0,3,44
9822,5069.0,20250821.0,1.0,1,66
9823,5070.0,20250821.0,3.0,1,4
9824,5070.0,20250821.0,3.0,6,53
9825,5070.0,20250821.0,3.0,3,73
9826,5071.0,20250821.0,4.0,5,40
9827,5071.0,20250821.0,4.0,2,1
9828,5072.0,20250821.0,1.0,6,135
9829,5073.0,20250822.0,3.0,3,1
9830,5073.0,20250822.0,3.0,4,143
9831,5074.0,20250822.0,3.0,5,135
9832,5075.0,20250822.0,2.0,1,55
9833,5076.0,20250822.0,2.0,2,201
9834,5077.0,20250822.0,1.0,2,110
9835,5077.0,20250822.0,1.0,1,11
9836,5077.0,20250822.0,1.0,4,31
9837,5078.0,20250822.0,2.0,4,162
9838,5079.0,20250822.0,1.0,3,25
9839,5079.0,20250822.0,1.0,6,6
9840,5080.0,20250822.0,2.0,2,231
9841,5080.0,20250822.0,2.0,3,25
9842,5080.0,20250822.0,2.0,4,40
9843,5081.0,20250822.0,4.0,6,35
9844,5081.0,20250822.0,4.0,1,55
9845,5082.0,20250822.0,3.0,4,124
9846,5082.0,20250822.0,3.0,5,2
9847,5083.0,20250822.0,1.0,4,92
9848,5084.0,20250823.0,1.0,5,73
9849,5085.0,20250823.0,1.0,3,68
9850,5085.0,20250823.0,1.0,4,61
9851,5086.0,20250823.0,1.0,6,85
9852,5087.0,20250823.0,1.0,5,48
9853,5087.0,20250823.0,1.0,2,108
9854,5088.0,20250823.0,2.0,3,32
9855,5088.0,20250823.0,2.0,1,184
9856,5088.0,20250823.0,2.0,4,43
9857,5089.0,20250823.0,2.0,2,231
9858,5090.0,20250823.0,4.0,2,68
9859,5090.0,20250823.0,4.0,3,87
9860,5090.0,20250823.0,4.0,1,7
9861,5091.0,20250823.0,2.0,5,265
9862,5092.0,20250823.0,4.0,4,22
9863,5092.0,20250823.0,4.0,1,76
9864,5092.0,20250823.0,4.0,6,20
9865,5093.0,20250824.0,4.0,3,59
9866,5093.0,20250824.0,4.0,5,33
9867,5094.0,20250824.0,1.0,2,53
9868,5095.0,20250824.0,3.0,2,6
9869,5095.0,20250824.0,3.0,1,52
9870,5095.0,20250824.0,3.0,5,24
9871,5096.0,20250824.0,3.0,6,85
9872,5096.0,20250824.0,3.0,1,15
9873,5097.0,20250824.0,4.0,4,3
9874,5097.0,20250824.0,4.0,6,55
9875,5098.0,20250824.0,1.0,3,68
9876,5098.0,20250824.0,1.0,5,13
9877,5099.0,20250824.0,4.0,2,35
9878,5099.0,20250824.0,4.0,6,10
9879,5099.0,20250824.0,4.0,1,35
9880,5100.0,20250824.0,4.0,6,66
9881,5100.0,20250824.0,4.0,2,51
9882,5101.0,20250825.0,1.0,6,16
9883,5101.0,20250825.0,1.0,5,65
9884,5101.0,20250825.0,1.0,2,46
9885,5102.0,20250825.0,4.0,2,87
9886,5103.0,20250825.0,3.0,5,90
9887,5104.0,20250825.0,2.0,5,22
9888,5104.0,20250825.0,2.0,4,190
9889,5104.0,20250825.0,2.0,2,10
9890,5105.0,20250825.0,1.0,6,18
9891,5105.0,20250825.0,1.0,3,72
9892,5105.0,20250825.0,1.0,5,52
9893,5106.0,20250825.0,2.0,6,49
9894,5107.0,20250825.0,2.0,6,143
9895,5107.0,20250825.0,2.0,4,29
9896,5108.0,20250825.0,4.0,2,171
9897,5109.0,20250825.0,1.0,3,149
9898,5110.0,20250825.0,4.0,3,74
9899,5110.0,20250825.0,4.0,4,16
9900,5110.0,20250825.0,4.0,1,15
9901,5111.0,20250825.0,2.0,1,239
9902,5112.0,20250826.0,1.0,5,199
9903,5112.0,20250826.0,1.0,1,17
9904,5113.0,20250826.0,4.0,6,1
9905,5113.0,20250826.0,4.0,5,6
9906,5114.0,20250826.0,1.0,4,229
9907,5115.0,20250826.0,4.0,5,8
9908,5115.0,20250826.0,4.0,1,5
9909,5115.0,20250826.0,4.0,6,96
9910,5116.0,20250826.0,4.0,1,10
9911,5116.0,20250826.0,4.0,2,82
9912,5116.0,20250826.0,4.0,3,43
9913,5117.0,20250826.0,4.0,6,40
9914,5117.0,20250826.0,4.0,5,41
9915,5117.0,20250826.0,4.0,3,76
9916,5118.0,20250827.0,4.0,1,34
9917,5118.0,20250827.0,4.0,4,57
9918,5118.0,20250827.0,4.0,3,19
9919,5119.0,20250827.0,4.0,4,68
9920,5119.0,20250827.0,4.0,2,147
9921,5120.0,20250827.0,4.0,1,26
9922,5120.0,20250827.0,4.0,6,156
9923,5121.0,20250827.0,3.0,4,68
9924,5121.0,20250827.0,3.0,3,8
9925,5122.0,20250827.0,2.0,6,186
9926,5122.0,20250827.0,2.0,4,23
9927,5122.0,20250827.0,2.0,3,64
9928,5123.0,20250827.0,4.0,1,13
9929,5123.0,20250827.0,4.0,4,175
9930,5124.0,20250827.0,2.0,3,131
9931,5125.0,20250827.0,2.0,2,180
9932,5126.0,20250827.0,4.0,3,10
9933,5126.0,20250827.0,4.0,1,150
9934,5127.0,20250828.0,3.0,5,27
9935,5127.0,20250828.0,3.0,6,14
9936,5128.0,20250828.0,2.0,6,46
9937,5128.0,20250828.0,2.0,3,144
9938,5129.0,20250828.0,3.0,4,26
9939,5129.0,20250828.0,3.0,2,60
9940,5130.0,20250828.0,2.0,5,241
9941,5130.0,20250828.0,2.0,2,23
9942,5131.0,20250828.0,1.0,1,11
9943,5131.0,20250828.0,1.0,6,10
9944,5132.0,20250828.0,2.0,6,154
9945,5133.0,20250828.0,1.0,5,107
9946,5134.0,20250829.0,3.0,5,54
9947,5134.0,20250829.0,3.0,1,13
9948,5135.0,20250829.0,1.0,6,215
9949,5136.0,20250829.0,1.0,6,105
9950,5136.0,20250829.0,1.0,5,59
9951,5137.0,20250829.0,2.0,6,226
9952,5138.0,20250829.0,3.0,1,7
9953,5138.0,20250829.0,3.0,3,5
9954,5139.0,20250829.0,4.0,4,27
9955,5139.0,20250829.0,4.0,2,89
9956,5140.0,20250829.0,1.0,5,36
9957,5140.0,20250829.0,1.0,3,109
9958,5141.0,20250829.0,3.0,2,138
9959,5142.0,20250829.0,3.0,1,91
9960,5143.0,20250829.0,1.0,3,191
9961,5144.0,20250830.0,4.0,6,68
9962,5144.0,20250830.0,4.0,4,2
9963,5144.0,20250830.0,4.0,3,37
9964,5145.0,20250830.0,1.0,1,96
9965,5146.0,20250830.0,2.0,6,213
9966,5146.0,20250830.0,2.0,1,87
9967,5147.0,20250830.0,1.0,4,86
9968,5148.0,20250830.0,3.0,3,16
9969,5148.0,20250830.0,3.0,4,16
9970,5148.0,20250830.0,3.0,5,64
9971,5149.0,20250830.0,3.0,5,66
9972,5150.0,20250830.0,2.0,2,112
9973,5151.0,20250830.0,3.0,1,49
9974,5151.0,20250830.0,3.0,3,59
9975,5151.0,20250830.0,3.0,5,19
9976,5152.0,20250830.0,3.0,4,24
9977,5152.0,20250830.0,3.0,1,2
9978,5152.0,20250830.0,3.0,2,81
9979,5153.0,20250831.0,2.0,4,36
9980,5153.0,20250831.0,2.0,6,40
9981,5153.0,20250831.0,2.0,3,39
9982,5154.0,20250831.0,2.0,3,233
9983,5155.0,20250831.0,2.0,1,2
9984,5155.0,20250831.0,2.0,6,40
9985,5155.0,20250831.0,2.0,4,170
9986,5156.0,20250831.0,1.0,6,85
9987,5156.0,20250831.0,1.0,3,40
9988,5157.0,20250831.0,4.0,5,142
9989,5158.0,20250831.0,4.0,1,13
9990,5158.0,20250831.0,4.0,4,53
9991,5158.0,20250831.0,4.0,2,5
9992,5159.0,20250901.0,1.0,6,52
9993,5159.0,20250901.0,1.0,2,77
9994,5160.0,20250901.0,3.0,6,103
9995,5161.0,20250901.0,2.0,6,28
9996,5161.0,20250901.0,2.0,2,263
9997,5162.0,20250901.0,3.0,4,138
9998,5163.0,20250901.0,2.0,3,282
9999,5164.0,20250901.0,3.0,5,17
10000,5164.0,20250901.0,3.0,2,18
10001,5165.0,20250901.0,1.0,6,4
10002,5165.0,20250901.0,1.0,4,6
10003,5166.0,20250901.0,4.0,3,45
10004,5167.0,20250902.0,4.0,2,127
10005,5168.0,20250902.0,1.0,1,2
10006,5168.0,20250902.0,1.0,5,29
10007,5168.0,20250902.0,1.0,2,113
10008,5169.0,20250902.0,4.0,3,19
10009,5169.0,20250902.0,4.0,2,111
10010,5170.0,20250902.0,3.0,6,12
10011,5170.0,20250902.0,3.0,1,29
10012,5170.0,20250902.0,3.0,3,5
10013,5171.0,20250902.0,1.0,3,4
10014,5171.0,20250902.0,1.0,5,85
10015,5172.0,20250902.0,4.0,4,42
10016,5172.0,20250902.0,4.0,3,6
10017,5172.0,20250902.0,4.0,5,63
10018,5173.0,20250902.0,4.0,5,51
10019,5173.0,20250902.0,4.0,6,75
10020,5174.0,20250902.0,3.0,3,104
10021,5175.0,20250903.0,3.0,4,43
10022,5175.0,20250903.0,3.0,2,89
10023,5176.0,20250903.0,4.0,5,47
10024,5176.0,20250903.0,4.0,4,25
10025,5177.0,20250903.0,2.0,6,64
10026,5177.0,20250903.0,2.0,1,112
10027,5177.0,20250903.0,2.0,2,11
10028,5178.0,20250903.0,1.0,3,61
10029,5178.0,20250903.0,1.0,2,33
10030,5179.0,20250903.0,1.0,5,112
10031,5179.0,20250903.0,1.0,2,11
10032,5180.0,20250903.0,1.0,5,50
10033,5180.0,20250903.0,1.0,1,137
10034,5181.0,20250903.0,2.0,4,240
10035,5182.0,20250903.0,3.0,2,89
10036,5183.0,20250903.0,4.0,5,117
10037,5183.0,20250903.0,4.0,2,27
10038,5183.0,20250903.0,4.0,4,13
10039,5184.0,20250903.0,4.0,4,204
10040,5185.0,20250904.0,2.0,6,116
10041,5185.0,20250904.0,2.0,3,43
10042,5186.0,20250904.0,1.0,3,180
10043,5187.0,20250904.0,2.0,3,132
10044,5187.0,20250904.0,2.0,2,5
10045,5188.0,20250904.0,3.0,5,17
10046,5188.0,20250904.0,3.0,3,12
10047,5188.0,20250904.0,3.0,2,7
10048,5189.0,20250904.0,1.0,5,120
10049,5189.0,20250904.0,1.0,4,159
10050,5190.0,20250904.0,1.0,4,160
10051,5190.0,20250904.0,1.0,5,5
10052,5191.0,20250904.0,3.0,2,36
10053,5191.0,20250904.0,3.0,5,32
10054,5191.0,20250904.0,3.0,4,67
10055,5192.0,20250904.0,4.0,3,12
10056,5192.0,20250904.0,4.0,6,108
10057,5193.0,20250904.0,1.0,6,177
10058,5194.0,20250904.0,1.0,2,126
10059,5194.0,20250904.0,1.0,4,40
10060,5195.0,20250905.0,3.0,3,105
10061,5196.0,20250905.0,1.0,2,6
10062,5196.0,20250905.0,1.0,1,81
10063,5196.0,20250905.0,1.0,3,58
10064,5197.0,20250905.0,4.0,2,150
10065,5198.0,20250905.0,1.0,6,93
10066,5198.0,20250905.0,1.0,2,18
10067,5199.0,20250905.0,4.0,4,130
10068,5199.0,20250905.0,4.0,1,68
10069,5200.0,20250905.0,3.0,3,24
10070,5200.0,20250905.0,3.0,1,13
10071,5200.0,20250905.0,3.0,5,2
10072,5201.0,20250906.0,2.0,4,37
10073,5201.0,20250906.0,2.0,3,34
10074,5202.0,20250906.0,1.0,6,97
10075,5203.0,20250906.0,3.0,6,117
10076,5204.0,20250906.0,3.0,6,5
10077,5204.0,20250906.0,3.0,5,71
10078,5204.0,20250906.0,3.0,4,10
10079,5205.0,20250906.0,1.0,4,41
10080,5205.0,20250906.0,1.0,3,30
10081,5206.0,20250906.0,1.0,4,92
10082,5207.0,20250907.0,1.0,2,75
10083,5208.0,20250907.0,3.0,6,3
10084,5208.0,20250907.0,3.0,3,18
10085,5209.0,20250907.0,4.0,1,33
10086,5209.0,20250907.0,4.0,5,55
10087,5209.0,20250907.0,4.0,6,94
10088,5210.0,20250907.0,4.0,5,56
10089,5210.0,20250907.0,4.0,4,57
10090,5211.0,20250907.0,4.0,2,40
10091,5212.0,20250907.0,4.0,3,97
10092,5213.0,20250907.0,3.0,5,18
10093,5213.0,20250907.0,3.0,1,80
10094,5214.0,20250907.0,1.0,4,75
10095,5214.0,20250907.0,1.0,3,34
10096,5214.0,20250907.0,1.0,1,51
10097,5215.0,20250907.0,2.0,5,29
10098,5215.0,20250907.0,2.0,4,94
10099,5215.0,20250907.0,2.0,1,91
10100,5216.0,20250907.0,4.0,6,59
10101,5217.0,20250907.0,1.0,4,102
10102,5217.0,20250907.0,1.0,6,40
10103,5218.0,20250908.0,3.0,2,91
10104,5219.0,20250908.0,3.0,2,19
10105,5219.0,20250908.0,3.0,3,34
10106,5220.0,20250908.0,2.0,6,58
10107,5220.0,20250908.0,2.0,5,20
10108,5220.0,20250908.0,2.0,3,116
10109,5221.0,20250908.0,2.0,1,114
10110,5221.0,20250908.0,2.0,6,49
10111,5221.0,20250908.0,2.0,2,55
10112,5222.0,20250908.0,3.0,1,28
10113,5222.0,20250908.0,3.0,6,19
10114,5222.0,20250908.0,3.0,3,20
10115,5223.0,20250908.0,2.0,5,118
10116,5223.0,20250908.0,2.0,3,43
10117,5224.0,20250908.0,4.0,3,4
10118,5224.0,20250908.0,4.0,6,160
10119,5224.0,20250908.0,4.0,4,33
10120,5225.0,20250909.0,4.0,5,246
10121,5226.0,20250909.0,4.0,4,95
10122,5227.0,20250909.0,2.0,4,66
10123,5227.0,20250909.0,2.0,3,103
10124,5228.0,20250909.0,1.0,4,26
10125,5228.0,20250909.0,1.0,2,113
10126,5229.0,20250909.0,3.0,1,109
10127,5230.0,20250909.0,2.0,4,39
10128,5231.0,20250909.0,1.0,5,34
10129,5231.0,20250909.0,1.0,6,68
10130,5232.0,20250909.0,3.0,5,42
10131,5233.0,20250909.0,2.0,4,63
10132,5233.0,20250909.0,2.0,1,129
10133,5233.0,20250909.0,2.0,2,19
10134,5234.0,20250910.0,2.0,1,169
10135,5235.0,20250910.0,1.0,6,70
10136,5236.0,20250910.0,3.0,3,50
10137,5236.0,20250910.0,3.0,2,47
10138,5237.0,20250910.0,4.0,2,48
10139,5238.0,20250910.0,1.0,4,28
10140,5238.0,20250910.0,1.0,5,82
10141,5239.0,20250910.0,3.0,6,93
10142,5240.0,20250910.0,3.0,5,113
10143,5241.0,20250910.0,1.0,1,30
10144,5241.0,20250910.0,1.0,2,41
10145,5241.0,20250910.0,1.0,4,4
10146,5242.0,20250911.0,1.0,5,121
10147,5243.0,20250911.0,3.0,3,64
10148,5244.0,20250911.0,2.0,5,53
10149,5244.0,20250911.0,2.0,1,67
10150,5244.0,20250911.0,2.0,6,33
10151,5245.0,20250911.0,3.0,3,104
10152,5246.0,20250911.0,1.0,6,27
10153,5246.0,20250911.0,1.0,5,34
10154,5247.0,20250911.0,3.0,1,88
10155,5247.0,20250911.0,3.0,4,22
10156,5247.0,20250911.0,3.0,5,7
10157,5248.0,20250911.0,3.0,2,13
10158,5248.0,20250911.0,3.0,1,78
10159,5248.0,20250911.0,3.0,3,12
10160,5249.0,20250912.0,1.0,5,1
10161,5249.0,20250912.0,1.0,6,20
10162,5250.0,20250912.0,4.0,4,11
10163,5250.0,20250912.0,4.0,6,21
10164,5250.0,20250912.0,4.0,3,4
10165,5251.0,20250912.0,2.0,5,95
10166,5251.0,20250912.0,2.0,2,100
10167,5251.0,20250912.0,2.0,6,21
10168,5252.0,20250912.0,4.0,4,39
10169,5252.0,20250912.0,4.0,6,135
10170,5253.0,20250912.0,1.0,4,191
10171,5254.0,20250912.0,3.0,4,30
10172,5254.0,20250912.0,3.0,2,39
10173,5254.0,20250912.0,3.0,6,72
10174,5255.0,20250912.0,1.0,3,95
10175,5255.0,20250912.0,1.0,2,27
10176,5256.0,20250913.0,3.0,4,21
10177,5256.0,20250913.0,3.0,1,39
10178,5256.0,20250913.0,3.0,2,47
10179,5257.0,20250913.0,3.0,2,62
10180,5257.0,20250913.0,3.0,6,10
10181,5257.0,20250913.0,3.0,5,30
10182,5258.0,20250913.0,2.0,1,23
10183,5258.0,20250913.0,2.0,3,70
10184,5259.0,20250913.0,3.0,1,77
10185,5260.0,20250913.0,2.0,2,9
10186,5260.0,20250913.0,2.0,4,141
10187,5260.0,20250913.0,2.0,5,113
10188,5261.0,20250913.0,3.0,4,3
10189,5261.0,20250913.0,3.0,3,14
10190,5261.0,20250913.0,3.0,5,53
10191,5262.0,20250913.0,4.0,5,1
10192,5262.0,20250913.0,4.0,6,12
10193,5262.0,20250913.0,4.0,1,80
10194,5263.0,20250913.0,3.0,3,18
10195,5263.0,20250913.0,3.0,2,5
10196,5263.0,20250913.0,3.0,1,121
10197,5264.0,20250913.0,3.0,6,65
10198,5265.0,20250913.0,1.0,3,168
10199,5266.0,20250913.0,4.0,1,32
10200,5266.0,20250913.0,4.0,3,30
10201,5266.0,20250913.0,4.0,2,3
10202,5267.0,20250914.0,2.0,5,14
10203,5267.0,20250914.0,2.0,1,147
10204,5268.0,20250914.0,4.0,4,8
10205,5268.0,20250914.0,4.0,1,62
10206,5269.0,20250914.0,4.0,1,166
10207,5270.0,20250914.0,2.0,1,65
10208,5270.0,20250914.0,2.0,5,9
10209,5270.0,20250914.0,2.0,4,36
10210,5271.0,20250914.0,3.0,4,19
10211,5271.0,20250914.0,3.0,6,45
10212,5271.0,20250914.0,3.0,5,33
10213,5272.0,20250914.0,4.0,5,54
10214,5272.0,20250914.0,4.0,3,14
10215,5272.0,20250914.0,4.0,2,122
10216,5273.0,20250914.0,1.0,5,20
10217,5273.0,20250914.0,1.0,2,19
10218,5273.0,20250914.0,1.0,3,45
10219,5274.0,20250915.0,1.0,4,88
10220,5274.0,20250915.0,1.0,6,64
10221,5274.0,20250915.0,1.0,5,22
10222,5275.0,20250915.0,1.0,4,1
10223,5275.0,20250915.0,1.0,2,56
10224,5275.0,20250915.0,1.0,5,17
10225,5276.0,20250915.0,2.0,1,203
10226,5276.0,20250915.0,2.0,2,24
10227,5277.0,20250915.0,4.0,1,6
10228,5277.0,20250915.0,4.0,3,44
10229,5277.0,20250915.0,4.0,6,88
10230,5278.0,20250915.0,1.0,6,46
10231,5278.0,20250915.0,1.0,3,1
10232,5279.0,20250915.0,3.0,2,26
10233,5279.0,20250915.0,3.0,4,7
10234,5279.0,20250915.0,3.0,6,11
10235,5280.0,20250915.0,4.0,6,7
10236,5280.0,20250915.0,4.0,5,24
10237,5280.0,20250915.0,4.0,2,123
10238,5281.0,20250915.0,1.0,4,2
10239,5281.0,20250915.0,1.0,1,72
10240,5281.0,20250915.0,1.0,2,10
10241,5282.0,20250915.0,1.0,3,83
10242,5282.0,20250915.0,1.0,2,18
10243,5283.0,20250915.0,3.0,6,2
10244,5283.0,20250915.0,3.0,3,4
10245,5283.0,20250915.0,3.0,5,76
10246,5284.0,20250916.0,2.0,1,80
10247,5285.0,20250916.0,4.0,3,56
10248,5286.0,20250916.0,4.0,5,63
10249,5287.0,20250916.0,3.0,3,43
10250,5287.0,20250916.0,3.0,6,33
10251,5288.0,20250916.0,3.0,3,9
10252,5288.0,20250916.0,3.0,1,60
10253,5289.0,20250916.0,1.0,5,119
10254,5290.0,20250917.0,1.0,4,115
10255,5290.0,20250917.0,1.0,1,8
10256,5290.0,20250917.0,1.0,2,21
10257,5291.0,20250917.0,3.0,6,45
10258,5291.0,20250917.0,3.0,3,15
10259,5291.0,20250917.0,3.0,4,9
10260,5292.0,20250917.0,1.0,2,1
10261,5292.0,20250917.0,1.0,5,71
10262,5293.0,20250917.0,2.0,6,79
10263,5293.0,20250917.0,2.0,1,44
10264,5293.0,20250917.0,2.0,5,77
10265,5294.0,20250917.0,4.0,6,18
10266,5294.0,20250917.0,4.0,5,26
10267,5294.0,20250917.0,4.0,2,31
10268,5295.0,20250917.0,4.0,4,108
10269,5295.0,20250917.0,4.0,5,124
10270,5296.0,20250917.0,2.0,6,63
10271,5296.0,20250917.0,2.0,3,63
10272,5296.0,20250917.0,2.0,5,40
10273,5297.0,20250917.0,3.0,3,3
10274,5297.0,20250917.0,3.0,6,78
10275,5297.0,20250917.0,3.0,5,2
10276,5298.0,20250917.0,3.0,4,3
10277,5298.0,20250917.0,3.0,1,12
10278,5298.0,20250917.0,3.0,2,54
10279,5299.0,20250917.0,4.0,2,172
10280,5299.0,20250917.0,4.0,4,63
10281,5299.0,20250917.0,4.0,1,27
10282,5300.0,20250918.0,1.0,5,77
10283,5300.0,20250918.0,1.0,4,2
10284,5301.0,20250918.0,2.0,6,64
10285,5301.0,20250918.0,2.0,1,34
10286,5301.0,20250918.0,2.0,2,23
10287,5302.0,20250918.0,4.0,4,13
10288,5302.0,20250918.0,4.0,2,11
10289,5302.0,20250918.0,4.0,5,47
10290,5303.0,20250918.0,3.0,2,67
10291,5304.0,20250918.0,4.0,2,175
10292,5305.0,20250918.0,2.0,1,19
10293,5305.0,20250918.0,2.0,3,41
10294,5305.0,20250918.0,2.0,2,284
10295,5306.0,20250918.0,3.0,1,37
10296,5307.0,20250918.0,3.0,6,11
10297,5307.0,20250918.0,3.0,2,35
10298,5307.0,20250918.0,3.0,3,3
10299,5308.0,20250918.0,4.0,3,112
10300,5309.0,20250918.0,2.0,1,39
10301,5309.0,20250918.0,2.0,2,93
10302,5309.0,20250918.0,2.0,5,80
10303,5310.0,20250919.0,3.0,5,23
10304,5310.0,20250919.0,3.0,4,51
10305,5311.0,20250919.0,3.0,5,16
10306,5311.0,20250919.0,3.0,1,77
10307,5312.0,20250919.0,1.0,6,64
10308,5312.0,20250919.0,1.0,1,37
10309,5312.0,20250919.0,1.0,5,23
10310,5313.0,20250919.0,4.0,1,9
10311,5313.0,20250919.0,4.0,6,16
10312,5314.0,20250919.0,4.0,1,72
10313,5314.0,20250919.0,4.0,4,12
10314,5315.0,20250919.0,4.0,2,6
10315,5315.0,20250919.0,4.0,1,1
10316,5316.0,20250920.0,2.0,4,78
10317,5316.0,20250920.0,2.0,1,102
10318,5317.0,20250920.0,2.0,5,19
10319,5317.0,20250920.0,2.0,1,163
10320,5317.0,20250920.0,2.0,3,13
10321,5318.0,20250920.0,3.0,2,115
10322,5319.0,20250920.0,3.0,1,94
10323,5320.0,20250920.0,1.0,3,60
10324,5321.0,20250920.0,4.0,5,201
10325,5321.0,20250920.0,4.0,4,24
10326,5321.0,20250920.0,4.0,2,10
10327,5322.0,20250920.0,3.0,5,93
10328,5323.0,20250920.0,3.0,5,18
10329,5323.0,20250920.0,3.0,3,50
10330,5324.0,20250920.0,4.0,4,92
10331,5325.0,20250920.0,4.0,4,290
10332,5325.0,20250920.0,4.0,3,21
10333,5326.0,20250921.0,2.0,3,136
10334,5327.0,20250921.0,2.0,4,22
10335,5327.0,20250921.0,2.0,1,71
10336,5327.0,20250921.0,2.0,6,58
10337,5328.0,20250921.0,1.0,2,7
10338,5328.0,20250921.0,1.0,5,62
10339,5328.0,20250921.0,1.0,3,10
10340,5329.0,20250921.0,3.0,5,49
10341,5330.0,20250921.0,3.0,3,32
10342,5330.0,20250921.0,3.0,2,79
10343,5331.0,20250921.0,4.0,3,120
10344,5331.0,20250921.0,4.0,4,16
10345,5331.0,20250921.0,4.0,6,120
10346,5332.0,20250921.0,1.0,2,54
10347,5332.0,20250921.0,1.0,5,6
10348,5332.0,20250921.0,1.0,3,38
10349,5333.0,20250921.0,3.0,5,77
10350,5334.0,20250921.0,2.0,5,282
10351,5335.0,20250921.0,2.0,6,110
10352,5335.0,20250921.0,2.0,2,44
10353,5335.0,20250921.0,2.0,5,136
10354,5336.0,20250922.0,2.0,6,223
10355,5337.0,20250922.0,1.0,5,117
10356,5337.0,20250922.0,1.0,1,79
10357,5338.0,20250922.0,2.0,1,42
10358,5338.0,20250922.0,2.0,5,135
10359,5338.0,20250922.0,2.0,6,21
10360,5339.0,20250922.0,1.0,6,41
10361,5339.0,20250922.0,1.0,2,17
10362,5339.0,20250922.0,1.0,3,36
10363,5340.0,20250922.0,4.0,6,9
10364,5341.0,20250922.0,4.0,4,4
10365,5341.0,20250922.0,4.0,5,77
10366,5342.0,20250922.0,2.0,1,103
10367,5343.0,20250922.0,3.0,6,47
10368,5343.0,20250922.0,3.0,5,60
10369,5344.0,20250923.0,2.0,2,172
10370,5345.0,20250923.0,1.0,6,129
10371,5346.0,20250923.0,3.0,1,18
10372,5346.0,20250923.0,3.0,6,3
10373,5346.0,20250923.0,3.0,4,24
10374,5347.0,20250923.0,4.0,1,116
10375,5348.0,20250923.0,2.0,5,20
10376,5348.0,20250923.0,2.0,3,5
10377,5348.0,20250923.0,2.0,6,69
10378,5349.0,20250923.0,1.0,2,133
10379,5349.0,20250923.0,1.0,1,22
10380,5350.0,20250923.0,3.0,1,43
10381,5350.0,20250923.0,3.0,6,39
10382,5351.0,20250923.0,1.0,6,129
10383,5352.0,20250923.0,4.0,1,44
10384,5352.0,20250923.0,4.0,5,49
10385,5353.0,20250924.0,4.0,2,114
10386,5354.0,20250924.0,1.0,6,97
10387,5354.0,20250924.0,1.0,4,23
10388,5354.0,20250924.0,1.0,5,2
10389,5355.0,20250924.0,2.0,5,293
10390,5356.0,20250924.0,4.0,5,63
10391,5356.0,20250924.0,4.0,3,58
10392,5357.0,20250924.0,1.0,4,77
10393,5357.0,20250924.0,1.0,2,107
10394,5357.0,20250924.0,1.0,6,28
10395,5358.0,20250924.0,1.0,6,22
10396,5359.0,20250924.0,3.0,1,59
10397,5360.0,20250925.0,3.0,3,96
10398,5361.0,20250925.0,4.0,2,166
10399,5361.0,20250925.0,4.0,1,39
10400,5362.0,20250925.0,3.0,1,29
10401,5362.0,20250925.0,3.0,3,11
10402,5362.0,20250925.0,3.0,4,28
10403,5363.0,20250925.0,1.0,1,102
10404,5364.0,20250925.0,1.0,4,152
10405,5365.0,20250925.0,1.0,3,113
10406,5366.0,20250925.0,1.0,3,91
10407,5366.0,20250925.0,1.0,2,24
10408,5367.0,20250925.0,2.0,3,26
10409,5367.0,20250925.0,2.0,4,144
10410,5368.0,20250925.0,4.0,4,6
10411,5368.0,20250925.0,4.0,6,93
10412,5369.0,20250926.0,1.0,1,38
10413,5369.0,20250926.0,1.0,3,28
10414,5369.0,20250926.0,1.0,2,88
10415,5370.0,20250926.0,2.0,1,246
10416,5371.0,20250926.0,4.0,6,238
10417,5372.0,20250926.0,4.0,3,57
10418,5372.0,20250926.0,4.0,1,33
10419,5372.0,20250926.0,4.0,2,77
10420,5373.0,20250926.0,4.0,4,8
10421,5373.0,20250926.0,4.0,1,66
10422,5374.0,20250926.0,4.0,1,97
10423,5375.0,20250926.0,1.0,6,44
10424,5375.0,20250926.0,1.0,5,72
10425,5376.0,20250926.0,1.0,1,14
10426,5376.0,20250926.0,1.0,2,1
10427,5377.0,20250927.0,4.0,3,152
10428,5378.0,20250927.0,4.0,1,89
10429,5378.0,20250927.0,4.0,2,55
10430,5379.0,20250927.0,2.0,3,163
10431,5380.0,20250927.0,4.0,5,51
10432,5380.0,20250927.0,4.0,3,56
10433,5381.0,20250927.0,2.0,4,68
10434,5381.0,20250927.0,2.0,2,4
10435,5382.0,20250927.0,2.0,5,195
10436,5383.0,20250927.0,1.0,2,63
10437,5383.0,20250927.0,1.0,1,40
10438,5384.0,20250928.0,4.0,1,89
10439,5384.0,20250928.0,4.0,2,20
10440,5385.0,20250928.0,4.0,1,20
10441,5385.0,20250928.0,4.0,4,157
10442,5386.0,20250928.0,4.0,2,118
10443,5387.0,20250928.0,3.0,5,41
10444,5388.0,20250928.0,3.0,2,88
10445,5388.0,20250928.0,3.0,4,15
10446,5388.0,20250928.0,3.0,3,10
10447,5389.0,20250928.0,1.0,3,193
10448,5390.0,20250928.0,2.0,1,52
10449,5390.0,20250928.0,2.0,3,28
10450,5390.0,20250928.0,2.0,2,39
10451,5391.0,20250928.0,2.0,1,70
10452,5391.0,20250928.0,2.0,3,101
10453,5392.0,20250929.0,4.0,3,121
10454,5392.0,20250929.0,4.0,1,26
10455,5393.0,20250929.0,4.0,5,54
10456,5393.0,20250929.0,4.0,2,61
10457,5393.0,20250929.0,4.0,6,55
10458,5394.0,20250929.0,2.0,6,117
10459,5394.0,20250929.0,2.0,3,64
10460,5394.0,20250929.0,2.0,2,78
10461,5395.0,20250929.0,1.0,5,138
10462,5396.0,20250929.0,4.0,5,23
10463,5396.0,20250929.0,4.0,2,40
10464,5396.0,20250929.0,4.0,1,38
10465,5397.0,20250929.0,3.0,4,39
10466,5397.0,20250929.0,3.0,5,2
10467,5397.0,20250929.0,3.0,2,67
10468,5398.0,20250929.0,3.0,1,90
10469,5398.0,20250929.0,3.0,3,39
10470,5399.0,20250929.0,2.0,3,80
10471,5400.0,20250929.0,1.0,1,37
10472,5400.0,20250929.0,1.0,2,10
10473,5400.0,20250929.0,1.0,6,25
10474,5401.0,20250929.0,1.0,2,12
10475,5401.0,20250929.0,1.0,4,34
10476,5401.0,20250929.0,1.0,1,84
10477,5402.0,20250929.0,3.0,1,143
10478,5403.0,20250930.0,1.0,5,2
10479,5403.0,20250930.0,1.0,1,33
10480,5404.0,20250930.0,1.0,3,168
10481,5405.0,20250930.0,2.0,4,97
10482,5405.0,20250930.0,2.0,3,40
10483,5406.0,20250930.0,2.0,3,281
10484,5407.0,20250930.0,2.0,2,125
10485,5408.0,20250930.0,2.0,5,116
10486,5408.0,20250930.0,2.0,4,140
10487,5409.0,20250930.0,1.0,6,149
10488,5410.0,20250930.0,2.0,5,223
10489,5411.0,20250930.0,3.0,4,38
10490,5411.0,20250930.0,3.0,2,24
10491,5411.0,20250930.0,3.0,3,4
10492,5412.0,20251001.0,3.0,1,41
10493,5412.0,20251001.0,3.0,3,62
10494,5413.0,20251001.0,4.0,6,104
10495,5413.0,20251001.0,4.0,2,48
10496,5414.0,20251001.0,1.0,1,3
10497,5414.0,20251001.0,1.0,5,48
10498,5414.0,20251001.0,1.0,3,4
10499,5415.0,20251001.0,3.0,4,6
10500,5415.0,20251001.0,3.0,1,53
10501,5415.0,20251001.0,3.0,6,8
10502,5416.0,20251001.0,4.0,5,64
10503,5416.0,20251001.0,4.0,1,70
10504,5417.0,20251001.0,2.0,2,142
10505,5418.0,20251002.0,1.0,4,65
10506,5418.0,20251002.0,1.0,1,15
10507,5419.0,20251002.0,3.0,5,97
10508,5420.0,20251002.0,1.0,3,4
10509,5420.0,20251002.0,1.0,1,116
10510,5420.0,20251002.0,1.0,4,5
10511,5421.0,20251002.0,1.0,3,154
10512,5421.0,20251002.0,1.0,6,6
10513,5422.0,20251002.0,1.0,1,97
10514,5422.0,20251002.0,1.0,3,14
10515,5423.0,20251002.0,3.0,6,88
10516,5424.0,20251003.0,1.0,4,62
10517,5425.0,20251003.0,1.0,4,7
10518,5426.0,20251003.0,4.0,3,169
10519,5427.0,20251003.0,4.0,6,147
10520,5427.0,20251003.0,4.0,1,11
10521,5428.0,20251003.0,3.0,1,111
10522,5429.0,20251003.0,4.0,4,179
10523,5430.0,20251003.0,1.0,1,52
10524,5431.0,20251003.0,2.0,5,243
10525,5432.0,20251003.0,1.0,5,13
10526,5432.0,20251003.0,1.0,6,48
10527,5432.0,20251003.0,1.0,1,60
10528,5433.0,20251003.0,3.0,6,21
10529,5433.0,20251003.0,3.0,2,25
10530,5433.0,20251003.0,3.0,4,30
10531,5434.0,20251004.0,4.0,2,80
10532,5434.0,20251004.0,4.0,6,49
10533,5435.0,20251004.0,1.0,4,40
10534,5435.0,20251004.0,1.0,6,12
10535,5436.0,20251004.0,3.0,6,8
10536,5436.0,20251004.0,3.0,4,67
10537,5437.0,20251004.0,3.0,6,110
10538,5438.0,20251004.0,3.0,5,51
10539,5438.0,20251004.0,3.0,3,20
10540,5439.0,20251004.0,1.0,3,186
10541,5440.0,20251004.0,3.0,4,16
10542,5440.0,20251004.0,3.0,2,46
10543,5440.0,20251004.0,3.0,1,11
10544,5441.0,20251005.0,1.0,4,167
10545,5442.0,20251005.0,3.0,2,22
10546,5443.0,20251005.0,3.0,3,60
10547,5443.0,20251005.0,3.0,2,10
10548,5444.0,20251005.0,3.0,4,29
10549,5445.0,20251005.0,3.0,2,121
10550,5446.0,20251005.0,3.0,2,98
10551,5446.0,20251005.0,3.0,1,3
10552,5447.0,20251005.0,3.0,2,88
10553,5448.0,20251006.0,2.0,5,265
10554,5448.0,20251006.0,2.0,6,69
10555,5449.0,20251006.0,2.0,5,24
10556,5449.0,20251006.0,2.0,4,76
10557,5449.0,20251006.0,2.0,3,3
10558,5450.0,20251006.0,2.0,6,4
10559,5450.0,20251006.0,2.0,5,110
10560,5450.0,20251006.0,2.0,4,73
10561,5451.0,20251006.0,2.0,4,41
10562,5451.0,20251006.0,2.0,3,74
10563,5451.0,20251006.0,2.0,5,9
10564,5452.0,20251006.0,1.0,6,57
10565,5452.0,20251006.0,1.0,5,131
10566,5452.0,20251006.0,1.0,2,51
10567,5453.0,20251006.0,2.0,5,43
10568,5453.0,20251006.0,2.0,3,75
10569,5453.0,20251006.0,2.0,4,5
10570,5454.0,20251006.0,1.0,4,2
10571,5454.0,20251006.0,1.0,2,142
10572,5454.0,20251006.0,1.0,6,24
10573,5455.0,20251006.0,2.0,4,162
10574,5456.0,20251006.0,4.0,2,29
10575,5456.0,20251006.0,4.0,5,144
10576,5457.0,20251006.0,3.0,2,72
10577,5457.0,20251006.0,3.0,3,8
10578,5457.0,20251006.0,3.0,5,14
10579,5458.0,20251006.0,4.0,1,65
10580,5458.0,20251006.0,4.0,5,72
10581,5459.0,20251007.0,1.0,4,68
10582,5459.0,20251007.0,1.0,1,10
10583,5459.0,20251007.0,1.0,3,93
10584,5460.0,20251007.0,1.0,4,36
10585,5460.0,20251007.0,1.0,2,19
10586,5460.0,20251007.0,1.0,3,82
10587,5461.0,20251007.0,3.0,6,36
10588,5461.0,20251007.0,3.0,3,6
10589,5461.0,20251007.0,3.0,1,60
10590,5462.0,20251007.0,3.0,6,54
10591,5462.0,20251007.0,3.0,3,33
10592,5462.0,20251007.0,3.0,4,34
10593,5463.0,20251007.0,1.0,3,4
10594,5463.0,20251007.0,1.0,6,46
10595,5463.0,20251007.0,1.0,2,106
10596,5464.0,20251007.0,2.0,6,206
10597,5465.0,20251007.0,1.0,3,19
10598,5465.0,20251007.0,1.0,1,54
10599,5465.0,20251007.0,1.0,5,8
10600,5466.0,20251007.0,2.0,5,91
10601,5466.0,20251007.0,2.0,3,22
10602,5467.0,20251008.0,2.0,2,250
10603,5468.0,20251008.0,4.0,3,96
10604,5469.0,20251008.0,1.0,6,3
10605,5469.0,20251008.0,1.0,1,51
10606,5470.0,20251008.0,3.0,1,17
10607,5470.0,20251008.0,3.0,5,29
10608,5470.0,20251008.0,3.0,2,37
10609,5471.0,20251008.0,1.0,5,46
10610,5471.0,20251008.0,1.0,6,4
10611,5471.0,20251008.0,1.0,1,79
10612,5472.0,20251008.0,2.0,1,213
10613,5472.0,20251008.0,2.0,6,22
10614,5473.0,20251008.0,4.0,1,171
10615,5473.0,20251008.0,4.0,3,63
10616,5474.0,20251008.0,2.0,1,22
10617,5474.0,20251008.0,2.0,6,188
10618,5474.0,20251008.0,2.0,3,52
10619,5475.0,20251008.0,2.0,5,5
10620,5475.0,20251008.0,2.0,6,6
10621,5476.0,20251009.0,4.0,1,9
10622,5476.0,20251009.0,4.0,6,102
10623,5477.0,20251009.0,1.0,1,51
10624,5477.0,20251009.0,1.0,4,47
10625,5478.0,20251009.0,3.0,3,40
10626,5478.0,20251009.0,3.0,5,33
10627,5478.0,20251009.0,3.0,4,29
10628,5479.0,20251009.0,1.0,3,6
10629,5479.0,20251009.0,1.0,5,8
10630,5479.0,20251009.0,1.0,2,115
10631,5480.0,20251009.0,4.0,1,56
10632,5480.0,20251009.0,4.0,2,14
10633,5480.0,20251009.0,4.0,5,21
10634,5481.0,20251009.0,3.0,1,136
10635,5482.0,20251009.0,1.0,3,35
10636,5482.0,20251009.0,1.0,1,51
10637,5483.0,20251009.0,1.0,5,7
10638,5483.0,20251009.0,1.0,2,82
10639,5484.0,20251009.0,4.0,1,24
10640,5484.0,20251009.0,4.0,4,42
10641,5484.0,20251009.0,4.0,2,40
10642,5485.0,20251009.0,1.0,3,74
10643,5486.0,20251009.0,3.0,3,11
10644,5486.0,20251009.0,3.0,2,12
10645,5486.0,20251009.0,3.0,6,29
10646,5487.0,20251010.0,2.0,3,63
10647,5487.0,20251010.0,2.0,4,77
10648,5487.0,20251010.0,2.0,2,1
10649,5488.0,20251010.0,4.0,2,124
10650,5488.0,20251010.0,4.0,3,6
10651,5488.0,20251010.0,4.0,6,3
10652,5489.0,20251010.0,2.0,1,147
10653,5489.0,20251010.0,2.0,4,37
10654,5490.0,20251010.0,3.0,3,3
10655,5490.0,20251010.0,3.0,4,1
10656,5490.0,20251010.0,3.0,6,3
10657,5491.0,20251010.0,2.0,6,58
10658,5492.0,20251010.0,3.0,6,106
10659,5492.0,20251010.0,3.0,1,13
10660,5493.0,20251010.0,4.0,6,216
10661,5494.0,20251010.0,4.0,3,49
10662,5495.0,20251010.0,3.0,5,47
10663,5496.0,20251011.0,2.0,2,170
10664,5497.0,20251011.0,1.0,1,46
10665,5497.0,20251011.0,1.0,2,100
10666,5498.0,20251011.0,4.0,6,202
10667,5499.0,20251011.0,3.0,2,7
10668,5499.0,20251011.0,3.0,6,67
10669,5500.0,20251011.0,3.0,4,32
10670,5500.0,20251011.0,3.0,2,2
10671,5500.0,20251011.0,3.0,1,49
10672,5501.0,20251011.0,4.0,5,30
10673,5501.0,20251011.0,4.0,1,90
10674,5502.0,20251011.0,2.0,6,282
10675,5503.0,20251011.0,4.0,4,9
10676,5504.0,20251011.0,1.0,1,104
10677,5505.0,20251011.0,2.0,2,141
10678,5506.0,20251012.0,3.0,1,68
10679,5506.0,20251012.0,3.0,5,22
10680,5507.0,20251012.0,1.0,3,63
10681,5507.0,20251012.0,1.0,4,19
10682,5507.0,20251012.0,1.0,2,34
10683,5508.0,20251012.0,3.0,5,9
10684,5508.0,20251012.0,3.0,4,59
10685,5508.0,20251012.0,3.0,3,16
10686,5509.0,20251012.0,2.0,6,108
10687,5510.0,20251012.0,4.0,5,23
10688,5510.0,20251012.0,4.0,3,11
10689,5510.0,20251012.0,4.0,4,32
10690,5511.0,20251012.0,3.0,6,54
10691,5512.0,20251013.0,4.0,6,23
10692,5512.0,20251013.0,4.0,1,10
10693,5512.0,20251013.0,4.0,2,21
10694,5513.0,20251013.0,3.0,5,116
10695,5514.0,20251013.0,4.0,1,163
10696,5514.0,20251013.0,4.0,4,30
10697,5515.0,20251013.0,2.0,1,73
10698,5515.0,20251013.0,2.0,4,189
10699,5516.0,20251013.0,2.0,5,61
10700,5516.0,20251013.0,2.0,2,59
10701,5516.0,20251013.0,2.0,3,18
10702,5517.0,20251013.0,3.0,3,22
10703,5517.0,20251013.0,3.0,1,4
10704,5517.0,20251013.0,3.0,4,28
10705,5518.0,20251014.0,4.0,3,15
10706,5518.0,20251014.0,4.0,4,242
10707,5519.0,20251014.0,2.0,6,140
10708,5520.0,20251014.0,4.0,4,25
10709,5520.0,20251014.0,4.0,3,31
10710,5520.0,20251014.0,4.0,2,1
10711,5521.0,20251014.0,1.0,6,149
10712,5522.0,20251014.0,2.0,4,146
10713,5522.0,20251014.0,2.0,1,74
10714,5523.0,20251014.0,2.0,5,5
10715,5523.0,20251014.0,2.0,3,22
10716,5523.0,20251014.0,2.0,1,65
10717,5524.0,20251014.0,1.0,3,43
10718,5524.0,20251014.0,1.0,2,81
10719,5525.0,20251014.0,3.0,2,24
10720,5525.0,20251014.0,3.0,6,62
10721,5526.0,20251015.0,4.0,5,17
10722,5526.0,20251015.0,4.0,1,37
10723,5526.0,20251015.0,4.0,3,85
10724,5527.0,20251015.0,4.0,3,160
10725,5528.0,20251015.0,1.0,5,41
10726,5528.0,20251015.0,1.0,6,102
10727,5529.0,20251015.0,3.0,4,146
10728,5530.0,20251015.0,1.0,1,22
10729,5530.0,20251015.0,1.0,2,147
10730,5530.0,20251015.0,1.0,5,51
10731,5531.0,20251015.0,1.0,6,32
10732,5531.0,20251015.0,1.0,2,76
10733,5532.0,20251016.0,1.0,1,50
10734,5532.0,20251016.0,1.0,6,79
10735,5533.0,20251016.0,1.0,1,43
10736,5534.0,20251016.0,3.0,3,36
10737,5534.0,20251016.0,3.0,5,70
10738,5535.0,20251016.0,4.0,5,4
10739,5535.0,20251016.0,4.0,2,6
10740,5535.0,20251016.0,4.0,4,64
10741,5536.0,20251016.0,2.0,4,10
10742,5536.0,20251016.0,2.0,2,3
10743,5537.0,20251016.0,1.0,1,26
10744,5537.0,20251016.0,1.0,5,82
10745,5538.0,20251016.0,4.0,5,33
10746,5538.0,20251016.0,4.0,3,35
10747,5538.0,20251016.0,4.0,1,14
10748,5539.0,20251017.0,1.0,3,110
10749,5540.0,20251017.0,4.0,6,173
10750,5541.0,20251017.0,1.0,3,31
10751,5541.0,20251017.0,1.0,1,67
10752,5541.0,20251017.0,1.0,2,47
10753,5542.0,20251017.0,3.0,2,35
10754,5543.0,20251017.0,1.0,5,32
10755,5543.0,20251017.0,1.0,6,65
10756,5543.0,20251017.0,1.0,1,27
10757,5544.0,20251017.0,2.0,2,47
10758,5544.0,20251017.0,2.0,1,52
10759,5545.0,20251017.0,4.0,5,411
10760,5545.0,20251017.0,4.0,1,3
10761,5546.0,20251017.0,3.0,3,21
10762,5546.0,20251017.0,3.0,2,43
10763,5547.0,20251017.0,4.0,5,113
10764,5548.0,20251018.0,2.0,5,8
10765,5548.0,20251018.0,2.0,1,134
10766,5548.0,20251018.0,2.0,3,51
10767,5549.0,20251018.0,1.0,1,103
10768,5549.0,20251018.0,1.0,2,88
10769,5549.0,20251018.0,1.0,6,3
10770,5550.0,20251018.0,3.0,5,122
10771,5551.0,20251018.0,4.0,6,124
10772,5551.0,20251018.0,4.0,4,10
10773,5551.0,20251018.0,4.0,2,64
10774,5552.0,20251018.0,1.0,4,183
10775,5553.0,20251018.0,4.0,6,5
10776,5553.0,20251018.0,4.0,2,5
10777,5554.0,20251018.0,3.0,2,142
10778,5555.0,20251018.0,1.0,6,158
10779,5556.0,20251019.0,3.0,1,38
10780,5557.0,20251019.0,4.0,5,57
10781,5557.0,20251019.0,4.0,2,45
10782,5558.0,20251019.0,2.0,2,249
10783,5559.0,20251019.0,1.0,2,30
10784,5559.0,20251019.0,1.0,1,127
10785,5560.0,20251019.0,3.0,1,35
10786,5560.0,20251019.0,3.0,4,13
10787,5560.0,20251019.0,3.0,3,2
10788,5561.0,20251019.0,4.0,5,97
10789,5562.0,20251019.0,1.0,4,6
10790,5562.0,20251019.0,1.0,1,40
10791,5563.0,20251019.0,2.0,5,143
10792,5563.0,20251019.0,2.0,4,40
10793,5564.0,20251019.0,3.0,5,106
10794,5565.0,20251019.0,2.0,3,9
10795,5565.0,20251019.0,2.0,4,44
10796,5565.0,20251019.0,2.0,5,108
10797,5566.0,20251020.0,1.0,6,42
10798,5566.0,20251020.0,1.0,5,36
10799,5566.0,20251020.0,1.0,2,44
10800,5567.0,20251020.0,2.0,5,5
10801,5567.0,20251020.0,2.0,6,87
10802,5567.0,20251020.0,2.0,4,68
10803,5568.0,20251020.0,2.0,3,13
10804,5568.0,20251020.0,2.0,1,67
10805,5568.0,20251020.0,2.0,6,80
10806,5569.0,20251020.0,4.0,4,22
10807,5569.0,20251020.0,4.0,6,65
10808,5570.0,20251020.0,1.0,2,88
10809,5570.0,20251020.0,1.0,3,41
10810,5571.0,20251020.0,1.0,1,29
10811,5572.0,20251020.0,1.0,2,152
10812,5573.0,20251021.0,4.0,3,14
10813,5573.0,20251021.0,4.0,1,50
10814,5573.0,20251021.0,4.0,4,54
10815,5574.0,20251021.0,3.0,1,49
10816,5574.0,20251021.0,3.0,4,35
10817,5575.0,20251021.0,3.0,3,41
10818,5575.0,20251021.0,3.0,2,40
10819,5575.0,20251021.0,3.0,5,30
10820,5576.0,20251021.0,2.0,2,120
10821,5576.0,20251021.0,2.0,6,81
10822,5577.0,20251021.0,1.0,3,8
10823,5577.0,20251021.0,1.0,5,26
10824,5578.0,20251021.0,2.0,3,31
10825,5578.0,20251021.0,2.0,2,14
10826,5578.0,20251021.0,2.0,5,86
10827,5579.0,20251021.0,1.0,3,34
10828,5579.0,20251021.0,1.0,1,84
10829,5580.0,20251021.0,1.0,4,78
10830,5580.0,20251021.0,1.0,2,56
10831,5581.0,20251022.0,4.0,2,95
10832,5581.0,20251022.0,4.0,6,52
10833,5582.0,20251022.0,3.0,6,34
10834,5582.0,20251022.0,3.0,3,40
10835,5582.0,20251022.0,3.0,5,8
10836,5583.0,20251022.0,2.0,2,85
10837,5583.0,20251022.0,2.0,3,12
10838,5583.0,20251022.0,2.0,4,35
10839,5584.0,20251022.0,2.0,6,176
10840,5585.0,20251022.0,3.0,4,66
10841,5585.0,20251022.0,3.0,2,32
10842,5586.0,20251022.0,2.0,5,39
10843,5586.0,20251022.0,2.0,3,191
10844,5586.0,20251022.0,2.0,6,7
10845,5587.0,20251023.0,3.0,4,7
10846,5587.0,20251023.0,3.0,6,54
10847,5588.0,20251023.0,1.0,4,5
10848,5588.0,20251023.0,1.0,1,127
10849,5588.0,20251023.0,1.0,3,5
10850,5589.0,20251023.0,1.0,3,61
10851,5590.0,20251023.0,2.0,4,36
10852,5590.0,20251023.0,2.0,5,78
10853,5591.0,20251023.0,4.0,1,125
10854,5592.0,20251023.0,1.0,6,169
10855,5593.0,20251023.0,4.0,1,70
10856,5594.0,20251023.0,2.0,6,51
10857,5594.0,20251023.0,2.0,4,88
10858,5594.0,20251023.0,2.0,3,40
10859,5595.0,20251023.0,2.0,2,32
10860,5595.0,20251023.0,2.0,3,127
10861,5596.0,20251024.0,2.0,2,5
10862,5596.0,20251024.0,2.0,6,152
10863,5597.0,20251024.0,2.0,3,20
10864,5597.0,20251024.0,2.0,1,2
10865,5598.0,20251024.0,2.0,5,204
10866,5598.0,20251024.0,2.0,4,1
10867,5599.0,20251024.0,1.0,5,67
10868,5599.0,20251024.0,1.0,4,47
10869,5600.0,20251024.0,3.0,4,84
10870,5600.0,20251024.0,3.0,1,30
10871,5601.0,20251024.0,3.0,2,71
10872,5602.0,20251024.0,2.0,5,58
10873,5602.0,20251024.0,2.0,3,98
10874,5603.0,20251024.0,1.0,4,9
10875,5603.0,20251024.0,1.0,2,19
10876,5603.0,20251024.0,1.0,3,130
10877,5604.0,20251025.0,2.0,5,101
10878,5604.0,20251025.0,2.0,6,72
10879,5604.0,20251025.0,2.0,4,23
10880,5605.0,20251025.0,3.0,2,57
10881,5606.0,20251025.0,3.0,3,59
10882,5607.0,20251025.0,2.0,4,97
10883,5607.0,20251025.0,2.0,3,93
10884,5607.0,20251025.0,2.0,5,38
10885,5608.0,20251025.0,1.0,3,46
10886,5608.0,20251025.0,1.0,1,19
10887,5608.0,20251025.0,1.0,2,21
10888,5609.0,20251025.0,3.0,1,16
10889,5609.0,20251025.0,3.0,5,21
10890,5609.0,20251025.0,3.0,2,59
10891,5610.0,20251025.0,4.0,6,122
10892,5610.0,20251025.0,4.0,1,99
10893,5611.0,20251026.0,3.0,4,80
10894,5612.0,20251026.0,2.0,3,154
10895,5613.0,20251026.0,2.0,6,52
10896,5613.0,20251026.0,2.0,4,77
10897,5614.0,20251026.0,1.0,2,72
10898,5614.0,20251026.0,1.0,5,35
10899,5614.0,20251026.0,1.0,6,3
10900,5615.0,20251026.0,4.0,6,8
10901,5615.0,20251026.0,4.0,3,32
10902,5615.0,20251026.0,4.0,5,48
10903,5616.0,20251026.0,1.0,1,59
10904,5616.0,20251026.0,1.0,3,4
10905,5616.0,20251026.0,1.0,2,46
10906,5617.0,20251027.0,4.0,2,1
10907,5617.0,20251027.0,4.0,4,15
10908,5617.0,20251027.0,4.0,1,177
10909,5618.0,20251027.0,1.0,6,100
10910,5619.0,20251027.0,4.0,4,45
10911,5619.0,20251027.0,4.0,1,6
10912,5620.0,20251027.0,4.0,6,24
10913,5620.0,20251027.0,4.0,4,6
10914,5620.0,20251027.0,4.0,2,27
10915,5621.0,20251027.0,4.0,4,35
10916,5621.0,20251027.0,4.0,3,58
10917,5622.0,20251027.0,4.0,4,116
10918,5623.0,20251027.0,3.0,6,8
10919,5623.0,20251027.0,3.0,5,100
10920,5623.0,20251027.0,3.0,1,50
10921,5624.0,20251027.0,3.0,4,107
10922,5625.0,20251027.0,1.0,6,42
10923,5625.0,20251027.0,1.0,2,15
10924,5625.0,20251027.0,1.0,5,5
10925,5626.0,20251028.0,3.0,4,118
10926,5627.0,20251028.0,4.0,4,44
10927,5627.0,20251028.0,4.0,1,38
10928,5627.0,20251028.0,4.0,5,69
10929,5628.0,20251028.0,1.0,3,61
10930,5628.0,20251028.0,1.0,1,54
10931,5629.0,20251028.0,4.0,5,61
10932,5630.0,20251028.0,4.0,5,59
10933,5630.0,20251028.0,4.0,6,88
10934,5631.0,20251028.0,2.0,3,82
10935,5631.0,20251028.0,2.0,6,8
10936,5632.0,20251028.0,1.0,1,17
10937,5632.0,20251028.0,1.0,5,134
10938,5633.0,20251028.0,3.0,3,51
10939,5633.0,20251028.0,3.0,2,19
10940,5633.0,20251028.0,3.0,6,18
10941,5634.0,20251028.0,4.0,2,16
10942,5634.0,20251028.0,4.0,3,100
10943,5635.0,20251029.0,4.0,5,20
10944,5635.0,20251029.0,4.0,6,51
10945,5635.0,20251029.0,4.0,3,8
10946,5636.0,20251029.0,4.0,1,71
10947,5636.0,20251029.0,4.0,4,113
10948,5637.0,20251029.0,3.0,6,4
10949,5637.0,20251029.0,3.0,2,98
10950,5638.0,20251029.0,2.0,2,34
10951,5638.0,20251029.0,2.0,6,44
10952,5639.0,20251029.0,1.0,1,73
10953,5640.0,20251029.0,3.0,3,38
10954,5640.0,20251029.0,3.0,1,12
10955,5640.0,20251029.0,3.0,2,15
10956,5641.0,20251030.0,2.0,2,212
10957,5642.0,20251030.0,4.0,4,130
10958,5642.0,20251030.0,4.0,3,1
10959,5642.0,20251030.0,4.0,6,66
10960,5643.0,20251030.0,3.0,6,75
10961,5644.0,20251030.0,2.0,3,273
10962,5645.0,20251030.0,3.0,6,177
10963,5646.0,20251030.0,2.0,2,142
10964,5647.0,20251030.0,2.0,3,105
10965,5647.0,20251030.0,2.0,6,181
10966,5648.0,20251030.0,4.0,3,191
10967,5649.0,20251030.0,2.0,5,247
10968,5650.0,20251030.0,2.0,5,17
10969,5650.0,20251030.0,2.0,6,75
10970,5650.0,20251030.0,2.0,1,98
10971,5651.0,20251031.0,3.0,2,72
10972,5651.0,20251031.0,3.0,5,27
10973,5652.0,20251031.0,4.0,2,77
10974,5652.0,20251031.0,4.0,5,6
10975,5653.0,20251031.0,4.0,2,120
10976,5653.0,20251031.0,4.0,5,32
10977,5654.0,20251031.0,4.0,2,219
10978,5654.0,20251031.0,4.0,6,15
10979,5655.0,20251031.0,1.0,6,71
10980,5656.0,20251031.0,1.0,6,16
10981,5656.0,20251031.0,1.0,2,23
10982,5656.0,20251031.0,1.0,5,54
10983,5657.0,20251031.0,3.0,3,72
10984,5657.0,20251031.0,3.0,1,32
10985,5658.0,20251101.0,4.0,1,91
10986,5659.0,20251101.0,2.0,4,263
10987,5660.0,20251101.0,1.0,5,4
10988,5660.0,20251101.0,1.0,2,119
10989,5661.0,20251101.0,3.0,2,125
10990,5662.0,20251101.0,1.0,2,109
10991,5662.0,20251101.0,1.0,3,56
10992,5663.0,20251101.0,4.0,4,87
10993,5664.0,20251101.0,4.0,4,86
10994,5665.0,20251101.0,3.0,4,53
10995,5665.0,20251101.0,3.0,3,24
10996,5665.0,20251101.0,3.0,1,21
10997,5666.0,20251101.0,3.0,5,31
10998,5666.0,20251101.0,3.0,3,52
10999,5667.0,20251101.0,1.0,3,173
11000,5668.0,20251101.0,2.0,5,29
11001,5668.0,20251101.0,2.0,1,47
11002,5669.0,20251102.0,3.0,4,81
11003,5669.0,20251102.0,3.0,5,9
11004,5669.0,20251102.0,3.0,1,2
11005,5670.0,20251102.0,2.0,4,282
11006,5671.0,20251102.0,3.0,5,53
11007,5672.0,20251102.0,3.0,3,45
11008,5673.0,20251102.0,3.0,1,33
11009,5673.0,20251102.0,3.0,4,8
11010,5673.0,20251102.0,3.0,6,59
11011,5674.0,20251102.0,3.0,2,2
11012,5674.0,20251102.0,3.0,5,46
11013,5674.0,20251102.0,3.0,4,15
11014,5675.0,20251102.0,4.0,6,77
11015,5675.0,20251102.0,4.0,2,6
11016,5676.0,20251102.0,4.0,1,59
11017,5676.0,20251102.0,4.0,3,12
11018,5677.0,20251103.0,1.0,4,98
11019,5678.0,20251103.0,4.0,6,167
11020,5679.0,20251103.0,4.0,4,49
11021,5679.0,20251103.0,4.0,6,79
11022,5680.0,20251103.0,2.0,4,145
11023,5681.0,20251103.0,3.0,5,85
11024,5681.0,20251103.0,3.0,2,18
11025,5682.0,20251103.0,1.0,4,61
11026,5682.0,20251103.0,1.0,5,120
11027,5683.0,20251103.0,3.0,1,34
11028,5683.0,20251103.0,3.0,3,48
11029,5684.0,20251103.0,4.0,2,188
11030,5685.0,20251103.0,4.0,5,38
11031,5685.0,20251103.0,4.0,2,18
11032,5686.0,20251103.0,2.0,3,111
11033,5686.0,20251103.0,2.0,6,130
11034,5687.0,20251103.0,3.0,1,61
11035,5687.0,20251103.0,3.0,2,11
11036,5688.0,20251104.0,4.0,5,68
11037,5688.0,20251104.0,4.0,6,83
11038,5689.0,20251104.0,1.0,5,149
11039,5690.0,20251104.0,2.0,4,33
11040,5690.0,20251104.0,2.0,3,161
11041,5690.0,20251104.0,2.0,6,42
11042,5691.0,20251104.0,4.0,2,59
11043,5691.0,20251104.0,4.0,4,6
11044,5692.0,20251104.0,2.0,6,232
11045,5693.0,20251104.0,2.0,1,12
11046,5694.0,20251104.0,4.0,6,101
11047,5694.0,20251104.0,4.0,4,1
11048,5694.0,20251104.0,4.0,5,50
11049,5695.0,20251105.0,2.0,2,173
11050,5695.0,20251105.0,2.0,4,42
11051,5696.0,20251105.0,2.0,2,67
11052,5696.0,20251105.0,2.0,6,103
11053,5696.0,20251105.0,2.0,3,125
11054,5697.0,20251105.0,3.0,2,152
11055,5698.0,20251105.0,2.0,4,122
11056,5699.0,20251105.0,3.0,1,28
11057,5699.0,20251105.0,3.0,3,15
11058,5700.0,20251105.0,1.0,1,64
11059,5700.0,20251105.0,1.0,6,10
11060,5701.0,20251105.0,3.0,5,47
11061,5701.0,20251105.0,3.0,4,104
11062,5702.0,20251105.0,1.0,4,67
11063,5702.0,20251105.0,1.0,6,4
11064,5703.0,20251105.0,4.0,5,60
11065,5703.0,20251105.0,4.0,1,26
11066,5704.0,20251105.0,2.0,5,305
11067,5705.0,20251106.0,1.0,1,149
11068,5706.0,20251106.0,3.0,3,66
11069,5707.0,20251106.0,3.0,4,91
11070,5708.0,20251106.0,4.0,6,131
11071,5709.0,20251106.0,3.0,4,36
11072,5709.0,20251106.0,3.0,6,51
11073,5710.0,20251106.0,4.0,2,81
11074,5711.0,20251106.0,1.0,2,136
11075,5712.0,20251106.0,2.0,2,225
11076,5713.0,20251106.0,2.0,6,81
11077,5713.0,20251106.0,2.0,1,16
11078,5713.0,20251106.0,2.0,2,45
11079,5714.0,20251106.0,4.0,1,55
11080,5714.0,20251106.0,4.0,4,147
11081,5715.0,20251106.0,1.0,1,98
11082,5716.0,20251107.0,3.0,3,57
11083,5717.0,20251107.0,1.0,3,95
11084,5717.0,20251107.0,1.0,6,22
11085,5718.0,20251107.0,4.0,2,152
11086,5719.0,20251107.0,1.0,6,70
11087,5720.0,20251107.0,2.0,5,5
11088,5720.0,20251107.0,2.0,4,193
11089,5721.0,20251107.0,4.0,4,26
11090,5721.0,20251107.0,4.0,3,23
11091,5722.0,20251107.0,4.0,2,51
11092,5723.0,20251107.0,4.0,2,146
11093,5723.0,20251107.0,4.0,6,13
11094,5723.0,20251107.0,4.0,5,13
11095,5724.0,20251107.0,2.0,4,39
11096,5725.0,20251107.0,2.0,5,139
11097,5725.0,20251107.0,2.0,2,61
11098,5726.0,20251107.0,3.0,4,86
11099,5727.0,20251108.0,3.0,4,81
11100,5728.0,20251108.0,1.0,6,36
11101,5728.0,20251108.0,1.0,5,146
11102,5729.0,20251108.0,4.0,4,49
11103,5729.0,20251108.0,4.0,3,90
11104,5730.0,20251108.0,4.0,6,4
11105,5730.0,20251108.0,4.0,5,121
11106,5730.0,20251108.0,4.0,1,54
11107,5731.0,20251108.0,1.0,3,83
11108,5732.0,20251108.0,3.0,3,18
11109,5732.0,20251108.0,3.0,1,59
11110,5732.0,20251108.0,3.0,2,18
11111,5733.0,20251108.0,3.0,1,18
11112,5733.0,20251108.0,3.0,4,40
11113,5733.0,20251108.0,3.0,3,2
11114,5734.0,20251108.0,1.0,4,27
11115,5734.0,20251108.0,1.0,1,80
11116,5735.0,20251108.0,2.0,2,173
11117,5736.0,20251109.0,4.0,1,16
11118,5736.0,20251109.0,4.0,3,163
11119,5736.0,20251109.0,4.0,2,6
11120,5737.0,20251109.0,3.0,4,99
11121,5738.0,20251109.0,3.0,4,39
11122,5738.0,20251109.0,3.0,5,65
11123,5739.0,20251109.0,4.0,5,114
11124,5739.0,20251109.0,4.0,6,16
11125,5739.0,20251109.0,4.0,1,122
11126,5740.0,20251109.0,3.0,1,65
11127,5741.0,20251109.0,1.0,6,39
11128,5741.0,20251109.0,1.0,5,7
11129,5741.0,20251109.0,1.0,4,102
11130,5742.0,20251109.0,3.0,6,15
11131,5742.0,20251109.0,3.0,3,81
11132,5743.0,20251109.0,1.0,4,204
11133,5744.0,20251109.0,2.0,2,161
11134,5745.0,20251109.0,1.0,5,80
11135,5746.0,20251110.0,3.0,2,80
11136,5746.0,20251110.0,3.0,5,13
11137,5747.0,20251110.0,3.0,1,39
11138,5747.0,20251110.0,3.0,3,2
11139,5747.0,20251110.0,3.0,6,31
11140,5748.0,20251110.0,3.0,3,18
11141,5748.0,20251110.0,3.0,2,21
11142,5748.0,20251110.0,3.0,1,16
11143,5749.0,20251110.0,4.0,1,68
11144,5749.0,20251110.0,4.0,2,98
11145,5750.0,20251110.0,4.0,3,77
11146,5750.0,20251110.0,4.0,1,56
11147,5751.0,20251110.0,1.0,5,29
11148,5751.0,20251110.0,1.0,3,128
11149,5752.0,20251110.0,4.0,3,14
11150,5752.0,20251110.0,4.0,1,82
11151,5753.0,20251110.0,4.0,1,90
11152,5754.0,20251110.0,2.0,5,182
11153,5754.0,20251110.0,2.0,4,77
11154,5755.0,20251110.0,1.0,4,64
11155,5755.0,20251110.0,1.0,3,56
11156,5756.0,20251110.0,1.0,4,88
11157,5757.0,20251111.0,2.0,2,44
11158,5757.0,20251111.0,2.0,1,4
11159,5757.0,20251111.0,2.0,4,22
11160,5758.0,20251111.0,2.0,4,250
11161,5759.0,20251111.0,4.0,3,138
11162,5760.0,20251111.0,1.0,4,10
11163,5760.0,20251111.0,1.0,1,121
11164,5761.0,20251111.0,3.0,3,12
11165,5761.0,20251111.0,3.0,1,82
11166,5762.0,20251111.0,4.0,5,199
11167,5763.0,20251111.0,3.0,4,29
11168,5763.0,20251111.0,3.0,5,39
11169,5764.0,20251111.0,3.0,1,80
11170,5765.0,20251111.0,3.0,4,44
11171,5766.0,20251111.0,4.0,3,18
11172,5766.0,20251111.0,4.0,4,66
11173,5767.0,20251112.0,2.0,1,156
11174,5768.0,20251112.0,1.0,5,42
11175,5768.0,20251112.0,1.0,3,47
11176,5769.0,20251112.0,4.0,3,85
11177,5769.0,20251112.0,4.0,1,15
11178,5770.0,20251112.0,2.0,6,132
11179,5771.0,20251112.0,1.0,3,177
11180,5772.0,20251112.0,3.0,5,38
11181,5772.0,20251112.0,3.0,4,51
11182,5773.0,20251112.0,1.0,1,26
11183,5773.0,20251112.0,1.0,3,74
11184,5774.0,20251112.0,1.0,2,72
11185,5774.0,20251112.0,1.0,3,8
11186,5774.0,20251112.0,1.0,5,24
11187,5775.0,20251112.0,2.0,2,131
11188,5776.0,20251112.0,1.0,1,120
11189,5776.0,20251112.0,1.0,3,35
11190,5777.0,20251112.0,4.0,2,139
11191,5778.0,20251113.0,3.0,4,89
11192,5779.0,20251113.0,1.0,4,20
11193,5779.0,20251113.0,1.0,3,54
11194,5780.0,20251113.0,3.0,6,43
11195,5780.0,20251113.0,3.0,5,55
11196,5780.0,20251113.0,3.0,1,4
11197,5781.0,20251113.0,2.0,1,40
11198,5782.0,20251113.0,4.0,1,194
11199,5783.0,20251113.0,3.0,4,44
11200,5783.0,20251113.0,3.0,5,44
11201,5784.0,20251113.0,2.0,4,16
11202,5784.0,20251113.0,2.0,3,77
11203,5785.0,20251113.0,1.0,4,23
11204,5785.0,20251113.0,1.0,3,71
11205,5786.0,20251113.0,4.0,5,126
11206,5787.0,20251113.0,1.0,2,47
11207,5788.0,20251113.0,4.0,3,12
11208,5788.0,20251113.0,4.0,2,15
11209,5788.0,20251113.0,4.0,6,52
11210,5789.0,20251114.0,3.0,4,46
11211,5789.0,20251114.0,3.0,2,8
11212,5790.0,20251114.0,2.0,3,201
11213,5791.0,20251114.0,3.0,4,1
11214,5791.0,20251114.0,3.0,2,22
11215,5791.0,20251114.0,3.0,1,85
11216,5792.0,20251114.0,2.0,2,68
11217,5792.0,20251114.0,2.0,6,163
11218,5793.0,20251114.0,1.0,3,104
11219,5794.0,20251114.0,1.0,6,73
11220,5795.0,20251114.0,1.0,6,5
11221,5795.0,20251114.0,1.0,4,116
11222,5796.0,20251114.0,2.0,4,190
11223,5796.0,20251114.0,2.0,2,41
11224,5797.0,20251115.0,2.0,4,40
11225,5797.0,20251115.0,2.0,2,145
11226,5797.0,20251115.0,2.0,5,26
11227,5798.0,20251115.0,4.0,4,33
11228,5798.0,20251115.0,4.0,6,96
11229,5799.0,20251115.0,1.0,2,164
11230,5800.0,20251115.0,3.0,6,29
11231,5800.0,20251115.0,3.0,5,24
11232,5801.0,20251115.0,4.0,2,45
11233,5801.0,20251115.0,4.0,1,87
11234,5801.0,20251115.0,4.0,4,19
11235,5802.0,20251115.0,4.0,4,224
11236,5803.0,20251115.0,3.0,5,109
11237,5804.0,20251115.0,4.0,1,117
11238,5805.0,20251115.0,1.0,5,78
11239,5805.0,20251115.0,1.0,2,21
11240,5806.0,20251116.0,3.0,2,10
11241,5806.0,20251116.0,3.0,1,81
11242,5807.0,20251116.0,1.0,1,15
11243,5807.0,20251116.0,1.0,5,93
11244,5808.0,20251116.0,3.0,4,16
11245,5808.0,20251116.0,3.0,6,73
11246,5808.0,20251116.0,3.0,3,13
11247,5809.0,20251116.0,4.0,3,14
11248,5809.0,20251116.0,4.0,5,64
11249,5809.0,20251116.0,4.0,2,154
11250,5810.0,20251116.0,3.0,6,29
11251,5810.0,20251116.0,3.0,4,126
11252,5810.0,20251116.0,3.0,3,1
11253,5811.0,20251116.0,3.0,2,52
11254,5811.0,20251116.0,3.0,4,19
11255,5811.0,20251116.0,3.0,3,34
11256,5812.0,20251116.0,3.0,3,24
11257,5813.0,20251116.0,3.0,6,70
11258,5814.0,20251116.0,1.0,5,51
11259,5814.0,20251116.0,1.0,2,19
11260,5814.0,20251116.0,1.0,6,10
11261,5815.0,20251116.0,4.0,6,41
11262,5815.0,20251116.0,4.0,5,56
11263,5816.0,20251117.0,4.0,1,40
11264,5816.0,20251117.0,4.0,3,63
11265,5816.0,20251117.0,4.0,2,58
11266,5817.0,20251117.0,2.0,5,27
11267,5817.0,20251117.0,2.0,4,200
11268,5818.0,20251117.0,3.0,3,17
11269,5818.0,20251117.0,3.0,4,30
11270,5819.0,20251117.0,1.0,1,110
11271,5820.0,20251117.0,1.0,1,16
11272,5820.0,20251117.0,1.0,6,11
11273,5820.0,20251117.0,1.0,4,130
11274,5821.0,20251117.0,2.0,5,182
11275,5821.0,20251117.0,2.0,2,92
11276,5822.0,20251117.0,3.0,2,51
11277,5822.0,20251117.0,3.0,3,48
11278,5823.0,20251118.0,1.0,4,39
11279,5823.0,20251118.0,1.0,6,2
11280,5824.0,20251118.0,2.0,3,122
11281,5824.0,20251118.0,2.0,4,66
11282,5825.0,20251118.0,3.0,4,94
11283,5826.0,20251118.0,3.0,2,60
11284,5826.0,20251118.0,3.0,1,46
11285,5827.0,20251118.0,4.0,3,66
11286,5827.0,20251118.0,4.0,1,54
11287,5827.0,20251118.0,4.0,4,36
11288,5828.0,20251118.0,1.0,1,158
11289,5829.0,20251118.0,3.0,6,52
11290,5829.0,20251118.0,3.0,3,40
11291,5830.0,20251118.0,1.0,3,125
11292,5831.0,20251118.0,1.0,4,38
11293,5831.0,20251118.0,1.0,6,36
11294,5832.0,20251118.0,2.0,3,69
11295,5832.0,20251118.0,2.0,4,75
11296,5833.0,20251118.0,2.0,1,23
11297,5833.0,20251118.0,2.0,6,34
11298,5834.0,20251119.0,2.0,3,143
11299,5835.0,20251119.0,4.0,1,60
11300,5835.0,20251119.0,4.0,3,69
11301,5836.0,20251119.0,4.0,5,38
11302,5836.0,20251119.0,4.0,3,87
11303,5836.0,20251119.0,4.0,4,22
11304,5837.0,20251119.0,3.0,4,16
11305,5837.0,20251119.0,3.0,5,17
11306,5837.0,20251119.0,3.0,3,26
11307,5838.0,20251119.0,3.0,5,15
11308,5838.0,20251119.0,3.0,1,24
11309,5838.0,20251119.0,3.0,6,3
11310,5839.0,20251119.0,2.0,1,101
11311,5840.0,20251119.0,1.0,3,64
11312,5841.0,20251119.0,1.0,2,70
11313,5841.0,20251119.0,1.0,5,36
11314,5841.0,20251119.0,1.0,4,19
11315,5842.0,20251120.0,1.0,5,105
11316,5842.0,20251120.0,1.0,6,2
11317,5843.0,20251120.0,1.0,4,150
11318,5844.0,20251120.0,4.0,5,50
11319,5844.0,20251120.0,4.0,1,47
11320,5844.0,20251120.0,4.0,2,205
11321,5845.0,20251120.0,4.0,3,79
11322,5845.0,20251120.0,4.0,5,24
11323,5845.0,20251120.0,4.0,4,48
11324,5846.0,20251120.0,3.0,1,121
11325,5846.0,20251120.0,3.0,2,20
11326,5847.0,20251120.0,3.0,6,108
11327,5848.0,20251120.0,4.0,2,81
11328,5848.0,20251120.0,4.0,5,50
11329,5848.0,20251120.0,4.0,1,156
11330,5849.0,20251120.0,1.0,6,141
11331,5849.0,20251120.0,1.0,3,12
11332,5850.0,20251120.0,1.0,1,151
11333,5851.0,20251121.0,2.0,5,70
11334,5851.0,20251121.0,2.0,2,150
11335,5852.0,20251121.0,2.0,5,33
11336,5852.0,20251121.0,2.0,1,97
11337,5852.0,20251121.0,2.0,4,73
11338,5853.0,20251121.0,4.0,2,100
11339,5854.0,20251121.0,1.0,3,138
11340,5855.0,20251121.0,4.0,1,57
11341,5855.0,20251121.0,4.0,6,38
11342,5855.0,20251121.0,4.0,3,21
11343,5856.0,20251121.0,3.0,6,69
11344,5856.0,20251121.0,3.0,5,11
11345,5857.0,20251122.0,2.0,6,269
11346,5858.0,20251122.0,2.0,2,80
11347,5858.0,20251122.0,2.0,6,32
11348,5858.0,20251122.0,2.0,3,59
11349,5859.0,20251122.0,3.0,3,7
11350,5859.0,20251122.0,3.0,5,42
11351,5859.0,20251122.0,3.0,1,61
11352,5860.0,20251122.0,3.0,2,41
11353,5861.0,20251122.0,1.0,1,113
11354,5862.0,20251122.0,3.0,1,63
11355,5862.0,20251122.0,3.0,2,44
11356,5863.0,20251122.0,4.0,6,121
11357,5863.0,20251122.0,4.0,3,5
11358,5863.0,20251122.0,4.0,5,24
11359,5864.0,20251123.0,3.0,4,12
11360,5864.0,20251123.0,3.0,1,11
11361,5864.0,20251123.0,3.0,5,91
11362,5865.0,20251123.0,3.0,2,3
11363,5865.0,20251123.0,3.0,1,33
11364,5865.0,20251123.0,3.0,5,16
11365,5866.0,20251123.0,4.0,1,17
11366,5866.0,20251123.0,4.0,3,185
11367,5867.0,20251123.0,2.0,4,139
11368,5867.0,20251123.0,2.0,2,55
11369,5868.0,20251123.0,4.0,2,94
11370,5869.0,20251123.0,4.0,4,169
11371,5870.0,20251123.0,2.0,4,18
11372,5870.0,20251123.0,2.0,3,85
11373,5871.0,20251124.0,2.0,5,276
11374,5872.0,20251124.0,1.0,4,71
11375,5872.0,20251124.0,1.0,5,70
11376,5873.0,20251124.0,1.0,1,12
11377,5873.0,20251124.0,1.0,6,35
11378,5873.0,20251124.0,1.0,3,12
11379,5874.0,20251124.0,1.0,3,25
11380,5874.0,20251124.0,1.0,1,85
11381,5875.0,20251124.0,4.0,4,113
11382,5875.0,20251124.0,4.0,3,32
11383,5876.0,20251124.0,3.0,5,25
11384,5876.0,20251124.0,3.0,1,81
11385,5876.0,20251124.0,3.0,4,2
11386,5877.0,20251124.0,1.0,1,105
11387,5877.0,20251124.0,1.0,4,28
11388,5878.0,20251124.0,3.0,5,82
11389,5878.0,20251124.0,3.0,2,39
11390,5879.0,20251124.0,4.0,6,149
11391,5879.0,20251124.0,4.0,4,40
11392,5880.0,20251124.0,1.0,3,102
11393,5881.0,20251125.0,3.0,2,51
11394,5881.0,20251125.0,3.0,4,41
11395,5881.0,20251125.0,3.0,3,22
11396,5882.0,20251125.0,2.0,1,150
11397,5882.0,20251125.0,2.0,3,118
11398,5883.0,20251125.0,3.0,2,26
11399,5883.0,20251125.0,3.0,1,60
11400,5884.0,20251125.0,4.0,4,89
11401,5885.0,20251125.0,3.0,4,86
11402,5885.0,20251125.0,3.0,3,25
11403,5886.0,20251125.0,3.0,6,55
11404,5887.0,20251125.0,1.0,5,45
11405,5887.0,20251125.0,1.0,2,89
11406,5888.0,20251125.0,3.0,5,108
11407,5888.0,20251125.0,3.0,4,20
11408,5889.0,20251125.0,3.0,4,23
11409,5889.0,20251125.0,3.0,2,36
11410,5890.0,20251125.0,3.0,4,91
11411,5891.0,20251126.0,3.0,5,178
11412,5892.0,20251126.0,2.0,1,12
11413,5892.0,20251126.0,2.0,6,149
11414,5892.0,20251126.0,2.0,5,62
11415,5893.0,20251126.0,4.0,6,194
11416,5894.0,20251126.0,2.0,2,24
11417,5894.0,20251126.0,2.0,6,78
11418,5894.0,20251126.0,2.0,5,165
11419,5895.0,20251126.0,3.0,4,101
11420,5896.0,20251126.0,1.0,6,79
11421,5896.0,20251126.0,1.0,3,15
11422,5897.0,20251126.0,1.0,4,31
11423,5897.0,20251126.0,1.0,5,36
11424,5897.0,20251126.0,1.0,3,7
11425,5898.0,20251126.0,2.0,3,158
11426,5899.0,20251126.0,3.0,5,109
11427,5900.0,20251126.0,2.0,5,121
11428,5901.0,20251127.0,4.0,1,79
11429,5902.0,20251127.0,1.0,1,102
11430,5903.0,20251127.0,3.0,1,9
11431,5903.0,20251127.0,3.0,5,104
11432,5904.0,20251127.0,3.0,4,126
11433,5904.0,20251127.0,3.0,6,2
11434,5904.0,20251127.0,3.0,5,41
11435,5905.0,20251127.0,3.0,5,13
11436,5905.0,20251127.0,3.0,3,30
11437,5906.0,20251127.0,2.0,3,36
11438,5906.0,20251127.0,2.0,6,121
11439,5906.0,20251127.0,2.0,4,52
11440,5907.0,20251127.0,1.0,4,93
11441,5908.0,20251127.0,2.0,3,131
11442,5908.0,20251127.0,2.0,1,10
11443,5908.0,20251127.0,2.0,5,133
11444,5909.0,20251127.0,3.0,4,1
11445,5909.0,20251127.0,3.0,5,23
11446,5909.0,20251127.0,3.0,1,3
11447,5910.0,20251128.0,3.0,3,60
11448,5911.0,20251128.0,4.0,6,94
11449,5911.0,20251128.0,4.0,3,2
11450,5911.0,20251128.0,4.0,4,10
11451,5912.0,20251128.0,2.0,1,42
11452,5912.0,20251128.0,2.0,3,159
11453,5912.0,20251128.0,2.0,2,40
11454,5913.0,20251128.0,1.0,3,27
11455,5913.0,20251128.0,1.0,5,37
11456,5913.0,20251128.0,1.0,6,54
11457,5914.0,20251128.0,1.0,5,89
11458,5914.0,20251128.0,1.0,2,20
11459,5915.0,20251128.0,4.0,3,32
11460,5915.0,20251128.0,4.0,4,25
11461,5915.0,20251128.0,4.0,2,51
11462,5916.0,20251128.0,4.0,2,126
11463,5917.0,20251128.0,2.0,6,222
11464,5917.0,20251128.0,2.0,5,96
11465,5918.0,20251128.0,2.0,2,303
11466,5918.0,20251128.0,2.0,5,38
11467,5919.0,20251128.0,4.0,4,195
11468,5920.0,20251128.0,3.0,2,12
11469,5920.0,20251128.0,3.0,5,53
11470,5921.0,20251129.0,4.0,4,6
11471,5921.0,20251129.0,4.0,6,130
11472,5922.0,20251129.0,4.0,4,42
11473,5922.0,20251129.0,4.0,5,149
11474,5923.0,20251129.0,1.0,4,135
11475,5924.0,20251129.0,3.0,6,71
11476,5924.0,20251129.0,3.0,3,75
11477,5925.0,20251129.0,1.0,6,5
11478,5925.0,20251129.0,1.0,3,24
11479,5925.0,20251129.0,1.0,2,120
11480,5926.0,20251129.0,4.0,5,25
11481,5927.0,20251129.0,1.0,2,3
11482,5927.0,20251129.0,1.0,5,21
11483,5927.0,20251129.0,1.0,3,38
11484,5928.0,20251129.0,4.0,5,76
11485,5929.0,20251130.0,1.0,1,3
11486,5929.0,20251130.0,1.0,5,71
11487,5929.0,20251130.0,1.0,6,56
11488,5930.0,20251130.0,2.0,3,28
11489,5930.0,20251130.0,2.0,6,22
11490,5930.0,20251130.0,2.0,5,109
11491,5931.0,20251130.0,2.0,4,128
11492,5931.0,20251130.0,2.0,2,105
11493,5932.0,20251130.0,3.0,4,59
11494,5933.0,20251130.0,3.0,6,55
11495,5933.0,20251130.0,3.0,1,28
11496,5933.0,20251130.0,3.0,4,9
11497,5934.0,20251130.0,2.0,2,140
11498,5934.0,20251130.0,2.0,1,79
11499,5935.0,20251130.0,1.0,1,54
11500,5936.0,20251130.0,4.0,6,86
11501,5937.0,20251130.0,4.0,4,183
11502,5938.0,20251130.0,2.0,6,189
11503,5939.0,20251130.0,1.0,2,14
11504,5939.0,20251130.0,1.0,6,121
11505,5939.0,20251130.0,1.0,5,17
11506,5940.0,20251201.0,3.0,2,46
11507,5940.0,20251201.0,3.0,5,42
11508,5941.0,20251201.0,2.0,6,112
11509,5942.0,20251201.0,1.0,2,88
11510,5942.0,20251201.0,1.0,3,45
11511,5943.0,20251201.0,3.0,1,123
11512,5944.0,20251201.0,3.0,5,49
11513,5945.0,20251201.0,3.0,1,2
11514,5945.0,20251201.0,3.0,6,64
11515,5946.0,20251201.0,4.0,2,158
11516,5947.0,20251201.0,2.0,2,19
11517,5948.0,20251201.0,3.0,4,7
11518,5948.0,20251201.0,3.0,5,44
11519,5948.0,20251201.0,3.0,1,4
11520,5949.0,20251202.0,3.0,1,92
11521,5950.0,20251202.0,2.0,6,3
11522,5950.0,20251202.0,2.0,5,8
11523,5951.0,20251202.0,3.0,1,9
11524,5951.0,20251202.0,3.0,6,9
11525,5951.0,20251202.0,3.0,5,6
11526,5952.0,20251202.0,4.0,2,42
11527,5953.0,20251202.0,1.0,5,14
11528,5953.0,20251202.0,1.0,4,44
11529,5953.0,20251202.0,1.0,2,8
11530,5954.0,20251202.0,2.0,1,118
11531,5955.0,20251202.0,2.0,3,351
11532,5956.0,20251202.0,2.0,2,102
11533,5957.0,20251203.0,1.0,6,153
11534,5958.0,20251203.0,1.0,2,193
11535,5959.0,20251203.0,2.0,6,175
11536,5960.0,20251203.0,4.0,4,11
11537,5960.0,20251203.0,4.0,5,15
11538,5960.0,20251203.0,4.0,6,33
11539,5961.0,20251203.0,2.0,1,81
11540,5961.0,20251203.0,2.0,6,6
11541,5961.0,20251203.0,2.0,4,43
11542,5962.0,20251203.0,4.0,3,95
11543,5963.0,20251203.0,3.0,6,28
11544,5963.0,20251203.0,3.0,1,15
11545,5964.0,20251203.0,1.0,6,42
11546,5964.0,20251203.0,1.0,1,50
11547,5964.0,20251203.0,1.0,3,86
11548,5965.0,20251203.0,3.0,5,5
11549,5965.0,20251203.0,3.0,3,39
11550,5966.0,20251203.0,3.0,2,151
11551,5967.0,20251203.0,2.0,2,250
11552,5967.0,20251203.0,2.0,1,42
11553,5968.0,20251204.0,1.0,3,123
11554,5969.0,20251204.0,4.0,3,161
11555,5970.0,20251204.0,3.0,3,51
11556,5971.0,20251204.0,2.0,4,280
11557,5972.0,20251204.0,2.0,5,148
11558,5972.0,20251204.0,2.0,4,30
11559,5972.0,20251204.0,2.0,2,123
11560,5973.0,20251204.0,1.0,2,22
11561,5973.0,20251204.0,1.0,4,13
11562,5973.0,20251204.0,1.0,3,18
11563,5974.0,20251204.0,1.0,3,7
11564,5974.0,20251204.0,1.0,6,27
11565,5974.0,20251204.0,1.0,2,63
11566,5975.0,20251204.0,4.0,6,16
11567,5975.0,20251204.0,4.0,5,6
11568,5975.0,20251204.0,4.0,2,9
11569,5976.0,20251205.0,3.0,1,77
11570,5977.0,20251205.0,3.0,2,121
11571,5978.0,20251205.0,3.0,5,59
11572,5978.0,20251205.0,3.0,2,37
11573,5978.0,20251205.0,3.0,6,24
11574,5979.0,20251205.0,3.0,6,39
11575,5979.0,20251205.0,3.0,2,53
11576,5979.0,20251205.0,3.0,4,11
11577,5980.0,20251205.0,4.0,2,12
11578,5980.0,20251205.0,4.0,3,78
11579,5980.0,20251205.0,4.0,6,89
11580,5981.0,20251205.0,4.0,3,2
11581,5981.0,20251205.0,4.0,6,53
11582,5981.0,20251205.0,4.0,5,34
11583,5982.0,20251205.0,1.0,3,72
11584,5982.0,20251205.0,1.0,6,6
11585,5982.0,20251205.0,1.0,2,27
11586,5983.0,20251205.0,3.0,1,61
11587,5984.0,20251205.0,3.0,3,98
11588,5985.0,20251205.0,1.0,4,139
11589,5986.0,20251205.0,2.0,1,125
11590,5986.0,20251205.0,2.0,6,117
11591,5986.0,20251205.0,2.0,3,16
11592,5987.0,20251206.0,2.0,6,305
11593,5988.0,20251206.0,2.0,4,67
11594,5988.0,20251206.0,2.0,2,156
11595,5989.0,20251206.0,3.0,2,21
11596,5989.0,20251206.0,3.0,4,59
11597,5990.0,20251206.0,3.0,3,128
11598,5991.0,20251206.0,4.0,4,66
11599,5991.0,20251206.0,4.0,5,68
11600,5991.0,20251206.0,4.0,6,3
11601,5992.0,20251206.0,4.0,2,236
11602,5993.0,20251206.0,2.0,5,166
11603,5993.0,20251206.0,2.0,3,16
11604,5994.0,20251207.0,2.0,2,45
11605,5994.0,20251207.0,2.0,1,123
11606,5995.0,20251207.0,1.0,2,26
11607,5995.0,20251207.0,1.0,6,60
11608,5995.0,20251207.0,1.0,5,78
11609,5996.0,20251207.0,4.0,2,95
11610,5996.0,20251207.0,4.0,5,86
11611,5996.0,20251207.0,4.0,6,63
11612,5997.0,20251207.0,1.0,3,43
11613,5997.0,20251207.0,1.0,6,65
11614,5998.0,20251207.0,4.0,4,70
11615,5998.0,20251207.0,4.0,5,38
11616,5999.0,20251207.0,1.0,1,56
11617,5999.0,20251207.0,1.0,3,18
11618,6000.0,20251207.0,2.0,3,41
11619,6000.0,20251207.0,2.0,1,79
11620,6001.0,20251207.0,2.0,3,11
11621,6001.0,20251207.0,2.0,2,280
11622,6002.0,20251207.0,4.0,1,10
11623,6002.0,20251207.0,4.0,6,81
11624,6003.0,20251207.0,2.0,1,157
11625,6003.0,20251207.0,2.0,3,30
11626,6004.0,20251208.0,2.0,2,126
11627,6004.0,20251208.0,2.0,1,69
11628,6005.0,20251208.0,3.0,2,109
11629,6006.0,20251208.0,2.0,3,109
11630,6007.0,20251208.0,3.0,1,85
11631,6007.0,20251208.0,3.0,5,25
11632,6008.0,20251208.0,1.0,6,27
11633,6008.0,20251208.0,1.0,2,78
11634,6008.0,20251208.0,1.0,3,1
11635,6009.0,20251208.0,2.0,2,46
11636,6010.0,20251208.0,2.0,3,6
11637,6010.0,20251208.0,2.0,2,36
11638,6010.0,20251208.0,2.0,5,32
11639,6011.0,20251208.0,4.0,6,33
11640,6011.0,20251208.0,4.0,3,115
11641,6012.0,20251208.0,2.0,2,123
11642,6013.0,20251208.0,3.0,2,55
11643,6013.0,20251208.0,3.0,5,11
11644,6014.0,20251208.0,3.0,4,58
11645,6014.0,20251208.0,3.0,5,15
11646,6015.0,20251209.0,4.0,2,14
11647,6016.0,20251209.0,1.0,5,32
11648,6016.0,20251209.0,1.0,4,60
11649,6017.0,20251209.0,1.0,2,40
11650,6018.0,20251209.0,1.0,4,90
11651,6019.0,20251209.0,2.0,2,146
11652,6020.0,20251209.0,4.0,6,50
11653,6020.0,20251209.0,4.0,1,15
11654,6020.0,20251209.0,4.0,4,21
11655,6021.0,20251209.0,1.0,5,115
11656,6021.0,20251209.0,1.0,1,39
11657,6022.0,20251209.0,2.0,1,15
11658,6022.0,20251209.0,2.0,5,99
11659,6022.0,20251209.0,2.0,4,139
11660,6023.0,20251210.0,3.0,6,67
11661,6023.0,20251210.0,3.0,3,29
11662,6024.0,20251210.0,2.0,3,36
11663,6024.0,20251210.0,2.0,5,19
11664,6024.0,20251210.0,2.0,6,177
11665,6025.0,20251210.0,4.0,5,20
11666,6025.0,20251210.0,4.0,2,44
11667,6025.0,20251210.0,4.0,1,42
11668,6026.0,20251210.0,2.0,5,19
11669,6026.0,20251210.0,2.0,2,95
11670,6027.0,20251210.0,2.0,6,127
11671,6027.0,20251210.0,2.0,4,38
11672,6028.0,20251210.0,1.0,1,162
11673,6029.0,20251210.0,3.0,3,36
11674,6029.0,20251210.0,3.0,5,25
11675,6030.0,20251210.0,3.0,2,89
11676,6031.0,20251211.0,1.0,2,166
11677,6032.0,20251211.0,1.0,2,21
11678,6032.0,20251211.0,1.0,5,49
11679,6032.0,20251211.0,1.0,4,6
11680,6033.0,20251211.0,2.0,3,156
11681,6034.0,20251211.0,2.0,2,73
11682,6034.0,20251211.0,2.0,1,95
11683,6034.0,20251211.0,2.0,6,23
11684,6035.0,20251211.0,4.0,2,95
11685,6035.0,20251211.0,4.0,4,27
11686,6036.0,20251211.0,1.0,6,23
11687,6036.0,20251211.0,1.0,5,19
11688,6036.0,20251211.0,1.0,2,34
11689,6037.0,20251211.0,3.0,1,124
11690,6037.0,20251211.0,3.0,6,8
11691,6038.0,20251211.0,2.0,3,142
11692,6038.0,20251211.0,2.0,4,62
11693,6039.0,20251211.0,3.0,2,75
11694,6040.0,20251212.0,3.0,4,1
11695,6040.0,20251212.0,3.0,3,68
11696,6040.0,20251212.0,3.0,2,11
11697,6041.0,20251212.0,4.0,5,86
11698,6042.0,20251212.0,4.0,1,81
11699,6042.0,20251212.0,4.0,2,14
11700,6042.0,20251212.0,4.0,6,21
11701,6043.0,20251212.0,2.0,5,218
11702,6044.0,20251212.0,1.0,4,96
11703,6045.0,20251212.0,1.0,5,2
11704,6045.0,20251212.0,1.0,3,42
11705,6045.0,20251212.0,1.0,1,32
11706,6046.0,20251212.0,4.0,2,14
11707,6046.0,20251212.0,4.0,6,12
11708,6046.0,20251212.0,4.0,5,15
11709,6047.0,20251212.0,1.0,2,8
11710,6047.0,20251212.0,1.0,4,166
11711,6048.0,20251213.0,1.0,3,144
11712,6048.0,20251213.0,1.0,6,9
11713,6049.0,20251213.0,1.0,2,68
11714,6049.0,20251213.0,1.0,3,2
11715,6050.0,20251213.0,4.0,3,95
11716,6050.0,20251213.0,4.0,5,168
11717,6051.0,20251213.0,2.0,2,90
11718,6051.0,20251213.0,2.0,5,34
11719,6052.0,20251213.0,3.0,6,7
11720,6052.0,20251213.0,3.0,3,79
11721,6052.0,20251213.0,3.0,5,15
11722,6053.0,20251213.0,3.0,2,23
11723,6053.0,20251213.0,3.0,1,87
11724,6054.0,20251213.0,2.0,3,43
11725,6054.0,20251213.0,2.0,4,281
11726,6055.0,20251213.0,1.0,1,20
11727,6055.0,20251213.0,1.0,2,30
11728,6056.0,20251213.0,3.0,5,10
11729,6056.0,20251213.0,3.0,3,67
11730,6056.0,20251213.0,3.0,1,10
11731,6057.0,20251213.0,1.0,2,150
11732,6058.0,20251214.0,3.0,4,28
11733,6058.0,20251214.0,3.0,1,40
11734,6058.0,20251214.0,3.0,5,24
11735,6059.0,20251214.0,1.0,5,129
11736,6060.0,20251214.0,4.0,5,114
11737,6060.0,20251214.0,4.0,3,10
11738,6060.0,20251214.0,4.0,2,33
11739,6061.0,20251214.0,2.0,6,164
11740,6062.0,20251214.0,4.0,2,72
11741,6062.0,20251214.0,4.0,5,7
11742,6062.0,20251214.0,4.0,3,57
11743,6063.0,20251214.0,1.0,6,200
11744,6064.0,20251215.0,3.0,1,26
11745,6064.0,20251215.0,3.0,5,42
11746,6064.0,20251215.0,3.0,4,49
11747,6065.0,20251215.0,2.0,2,43
11748,6065.0,20251215.0,2.0,4,3
11749,6065.0,20251215.0,2.0,5,156
11750,6066.0,20251215.0,1.0,5,131
11751,6067.0,20251215.0,1.0,3,7
11752,6067.0,20251215.0,1.0,6,103
11753,6067.0,20251215.0,1.0,4,1
11754,6068.0,20251215.0,1.0,4,37
11755,6068.0,20251215.0,1.0,5,63
11756,6069.0,20251215.0,4.0,3,100
11757,6070.0,20251215.0,4.0,6,38
11758,6070.0,20251215.0,4.0,2,103
11759,6070.0,20251215.0,4.0,3,16
11760,6071.0,20251215.0,2.0,2,36
11761,6071.0,20251215.0,2.0,1,213
11762,6071.0,20251215.0,2.0,4,12
11763,6072.0,20251216.0,4.0,2,181
11764,6073.0,20251216.0,4.0,1,55
11765,6073.0,20251216.0,4.0,3,1
11766,6073.0,20251216.0,4.0,6,121
11767,6074.0,20251216.0,1.0,5,8
11768,6074.0,20251216.0,1.0,4,8
11769,6074.0,20251216.0,1.0,1,59
11770,6075.0,20251216.0,3.0,5,39
11771,6075.0,20251216.0,3.0,6,65
11772,6076.0,20251216.0,4.0,6,9
11773,6076.0,20251216.0,4.0,3,66
11774,6076.0,20251216.0,4.0,1,128
11775,6077.0,20251216.0,2.0,2,192
11776,6078.0,20251216.0,3.0,4,54
11777,6078.0,20251216.0,3.0,1,4
11778,6078.0,20251216.0,3.0,2,6
11779,6079.0,20251216.0,1.0,6,74
11780,6080.0,20251217.0,4.0,3,66
11781,6080.0,20251217.0,4.0,1,13
11782,6081.0,20251217.0,3.0,1,44
11783,6082.0,20251217.0,2.0,3,134
11784,6082.0,20251217.0,2.0,6,81
11785,6083.0,20251217.0,1.0,1,90
11786,6084.0,20251217.0,3.0,5,109
11787,6085.0,20251217.0,4.0,1,101
11788,6086.0,20251217.0,4.0,2,69
11789,6086.0,20251217.0,4.0,1,86
11790,6087.0,20251217.0,3.0,4,77
11791,6087.0,20251217.0,3.0,1,10
11792,6088.0,20251217.0,2.0,6,207
11793,6089.0,20251217.0,2.0,2,120
11794,6089.0,20251217.0,2.0,5,65
11795,6089.0,20251217.0,2.0,1,11
11796,6090.0,20251217.0,2.0,1,43
11797,6090.0,20251217.0,2.0,6,42
11798,6090.0,20251217.0,2.0,5,32
11799,6091.0,20251218.0,3.0,6,94
11800,6092.0,20251218.0,1.0,3,104
11801,6093.0,20251218.0,3.0,3,59
11802,6093.0,20251218.0,3.0,4,19
11803,6093.0,20251218.0,3.0,1,20
11804,6094.0,20251218.0,3.0,3,4
11805,6094.0,20251218.0,3.0,6,13
11806,6094.0,20251218.0,3.0,4,4
11807,6095.0,20251218.0,4.0,3,2
11808,6095.0,20251218.0,4.0,1,17
11809,6095.0,20251218.0,4.0,2,72
11810,6096.0,20251218.0,1.0,1,37
11811,6096.0,20251218.0,1.0,6,67
11812,6097.0,20251218.0,3.0,2,71
11813,6097.0,20251218.0,3.0,3,27
11814,6098.0,20251218.0,2.0,1,181
11815,6099.0,20251218.0,1.0,6,23
11816,6099.0,20251218.0,1.0,2,99
11817,6100.0,20251218.0,1.0,5,24
11818,6100.0,20251218.0,1.0,2,10
11819,6101.0,20251218.0,3.0,1,26
11820,6102.0,20251219.0,2.0,1,223
11821,6102.0,20251219.0,2.0,6,25
11822,6103.0,20251219.0,3.0,1,79
11823,6103.0,20251219.0,3.0,4,107
11824,6104.0,20251219.0,2.0,3,146
11825,6105.0,20251219.0,1.0,4,68
11826,6105.0,20251219.0,1.0,2,38
11827,6106.0,20251219.0,4.0,5,36
11828,6106.0,20251219.0,4.0,1,26
11829,6106.0,20251219.0,4.0,3,6
11830,6107.0,20251219.0,3.0,3,89
11831,6108.0,20251220.0,2.0,6,116
11832,6108.0,20251220.0,2.0,1,41
11833,6108.0,20251220.0,2.0,3,8
11834,6109.0,20251220.0,1.0,1,166
11835,6109.0,20251220.0,1.0,6,15
11836,6110.0,20251220.0,2.0,5,137
11837,6111.0,20251220.0,4.0,2,210
11838,6111.0,20251220.0,4.0,1,30
11839,6111.0,20251220.0,4.0,6,22
11840,6112.0,20251220.0,2.0,3,294
11841,6113.0,20251220.0,4.0,4,4
11842,6113.0,20251220.0,4.0,1,47
11843,6114.0,20251221.0,1.0,5,6
11844,6114.0,20251221.0,1.0,6,3
11845,6114.0,20251221.0,1.0,2,117
11846,6115.0,20251221.0,1.0,5,47
11847,6115.0,20251221.0,1.0,3,10
11848,6115.0,20251221.0,1.0,4,18
11849,6116.0,20251221.0,2.0,5,42
11850,6116.0,20251221.0,2.0,4,44
11851,6116.0,20251221.0,2.0,1,94
11852,6117.0,20251221.0,4.0,4,2
11853,6117.0,20251221.0,4.0,2,58
11854,6117.0,20251221.0,4.0,1,79
11855,6118.0,20251221.0,1.0,6,1
11856,6118.0,20251221.0,1.0,2,124
11857,6118.0,20251221.0,1.0,3,35
11858,6119.0,20251221.0,3.0,3,93
11859,6119.0,20251221.0,3.0,6,61
11860,6120.0,20251221.0,1.0,1,59
11861,6120.0,20251221.0,1.0,5,14
11862,6120.0,20251221.0,1.0,4,14
11863,6121.0,20251221.0,3.0,4,98
11864,6122.0,20251222.0,1.0,6,86
11865,6122.0,20251222.0,1.0,4,28
11866,6123.0,20251222.0,2.0,4,109
11867,6124.0,20251222.0,1.0,2,68
11868,6124.0,20251222.0,1.0,1,9
11869,6124.0,20251222.0,1.0,6,13
11870,6125.0,20251222.0,4.0,6,6
11871,6125.0,20251222.0,4.0,4,153
11872,6126.0,20251222.0,2.0,4,37
11873,6126.0,20251222.0,2.0,5,127
11874,6127.0,20251222.0,1.0,1,133
11875,6127.0,20251222.0,1.0,6,18
11876,6128.0,20251222.0,2.0,3,249
11877,6129.0,20251223.0,2.0,6,156
11878,6129.0,20251223.0,2.0,4,77
11879,6130.0,20251223.0,4.0,4,87
11880,6131.0,20251223.0,2.0,2,100
11881,6131.0,20251223.0,2.0,5,39
11882,6132.0,20251223.0,2.0,5,178
11883,6133.0,20251223.0,3.0,5,108
11884,6134.0,20251223.0,3.0,3,30
11885,6135.0,20251223.0,1.0,5,5
11886,6135.0,20251223.0,1.0,3,54
11887,6135.0,20251223.0,1.0,2,62
11888,6136.0,20251223.0,1.0,1,72
11889,6136.0,20251223.0,1.0,3,51
11890,6136.0,20251223.0,1.0,5,13
11891,6137.0,20251224.0,1.0,1,55
11892,6137.0,20251224.0,1.0,5,38
11893,6138.0,20251224.0,3.0,3,71
11894,6139.0,20251224.0,2.0,4,210
11895,6140.0,20251224.0,2.0,2,55
11896,6140.0,20251224.0,2.0,1,57
11897,6140.0,20251224.0,2.0,3,61
11898,6141.0,20251224.0,1.0,3,10
11899,6141.0,20251224.0,1.0,5,8
11900,6141.0,20251224.0,1.0,4,83
11901,6142.0,20251224.0,3.0,3,69
11902,6143.0,20251224.0,2.0,2,15
11903,6143.0,20251224.0,2.0,5,30
11904,6143.0,20251224.0,2.0,6,129
11905,6144.0,20251225.0,4.0,4,9
11906,6144.0,20251225.0,4.0,1,2
11907,6144.0,20251225.0,4.0,3,118
11908,6145.0,20251225.0,4.0,1,91
11909,6145.0,20251225.0,4.0,5,36
11910,6146.0,20251225.0,3.0,3,52
11911,6146.0,20251225.0,3.0,6,10
11912,6147.0,20251225.0,2.0,3,17
11913,6147.0,20251225.0,2.0,2,77
11914,6147.0,20251225.0,2.0,1,117
11915,6148.0,20251225.0,1.0,5,134
11916,6149.0,20251225.0,3.0,5,105
11917,6150.0,20251225.0,2.0,5,119
11918,6150.0,20251225.0,2.0,1,5
11919,6151.0,20251225.0,3.0,3,103
11920,6152.0,20251226.0,2.0,1,96
11921,6152.0,20251226.0,2.0,6,21
11922,6152.0,20251226.0,2.0,5,68
11923,6153.0,20251226.0,1.0,1,35
11924,6153.0,20251226.0,1.0,5,146
11925,6153.0,20251226.0,1.0,6,34
11926,6154.0,20251226.0,3.0,6,20
11927,6154.0,20251226.0,3.0,4,41
11928,6155.0,20251226.0,3.0,6,61
11929,6155.0,20251226.0,3.0,3,105
11930,6155.0,20251226.0,3.0,1,10
11931,6156.0,20251226.0,4.0,2,105
11932,6157.0,20251226.0,3.0,6,155
11933,6158.0,20251226.0,2.0,2,133
11934,6158.0,20251226.0,2.0,6,10
11935,6159.0,20251226.0,1.0,2,54
11936,6159.0,20251226.0,1.0,5,98
11937,6160.0,20251226.0,4.0,1,141
11938,6160.0,20251226.0,4.0,5,40
11939,6161.0,20251226.0,4.0,6,200
11940,6162.0,20251226.0,3.0,4,111
11941,6163.0,20251227.0,2.0,3,105
11942,6163.0,20251227.0,2.0,4,5
11943,6163.0,20251227.0,2.0,5,14
11944,6164.0,20251227.0,4.0,5,53
11945,6164.0,20251227.0,4.0,1,56
11946,6164.0,20251227.0,4.0,6,57
11947,6165.0,20251227.0,4.0,6,46
11948,6165.0,20251227.0,4.0,2,53
11949,6166.0,20251227.0,1.0,5,30
11950,6166.0,20251227.0,1.0,4,25
11951,6167.0,20251227.0,2.0,2,115
11952,6168.0,20251227.0,4.0,5,90
11953,6169.0,20251227.0,4.0,6,20
11954,6169.0,20251227.0,4.0,4,14
11955,6169.0,20251227.0,4.0,3,75
11956,6170.0,20251227.0,1.0,6,38
11957,6170.0,20251227.0,1.0,4,27
11958,6171.0,20251228.0,3.0,1,37
11959,6171.0,20251228.0,3.0,5,2
11960,6171.0,20251228.0,3.0,4,22
11961,6172.0,20251228.0,3.0,4,59
11962,6173.0,20251228.0,2.0,3,5
11963,6173.0,20251228.0,2.0,4,9
11964,6174.0,20251228.0,3.0,3,64
11965,6174.0,20251228.0,3.0,4,72
11966,6175.0,20251228.0,2.0,4,55
11967,6175.0,20251228.0,2.0,6,129
11968,6176.0,20251228.0,2.0,5,30
11969,6176.0,20251228.0,2.0,1,129
11970,6176.0,20251228.0,2.0,4,104
11971,6177.0,20251228.0,2.0,3,81
11972,6177.0,20251228.0,2.0,5,33
11973,6178.0,20251228.0,2.0,4,28
11974,6178.0,20251228.0,2.0,1,12
11975,6178.0,20251228.0,2.0,5,6
11976,6179.0,20251229.0,1.0,1,16
11977,6179.0,20251229.0,1.0,5,104
11978,6180.0,20251229.0,4.0,1,150
11979,6181.0,20251229.0,3.0,6,6
11980,6181.0,20251229.0,3.0,5,13
11981,6181.0,20251229.0,3.0,2,45
11982,6182.0,20251229.0,3.0,2,3
11983,6182.0,20251229.0,3.0,5,2
11984,6183.0,20251229.0,2.0,2,135
11985,6184.0,20251229.0,3.0,3,10
11986,6184.0,20251229.0,3.0,5,51
11987,6185.0,20251229.0,1.0,3,160
11988,6186.0,20251230.0,2.0,4,201
11989,6186.0,20251230.0,2.0,5,57
11990,6186.0,20251230.0,2.0,1,21
11991,6187.0,20251230.0,1.0,6,99
11992,6188.0,20251230.0,2.0,2,55
11993,6188.0,20251230.0,2.0,3,121
11994,6188.0,20251230.0,2.0,4,63
11995,6189.0,20251230.0,1.0,5,9
11996,6189.0,20251230.0,1.0,1,89
11997,6190.0,20251230.0,3.0,4,73
11998,6191.0,20251230.0,3.0,2,122
11999,6192.0,20251230.0,1.0,3,29
12000,6192.0,20251230.0,1.0,6,34
12001,6193.0,20251230.0,3.0,4,55
12002,6193.0,20251230.0,3.0,2,36
12003,6194.0,20251230.0,1.0,3,132
12004,6195.0,20251230.0,3.0,2,61
12005,6195.0,20251230.0,3.0,6,37
12006,6196.0,20251231.0,2.0,5,27
12007,6196.0,20251231.0,2.0,2,40
12008,6197.0,20251231.0,1.0,4,94
12009,6197.0,20251231.0,1.0,1,26
12010,6197.0,20251231.0,1.0,2,6
12011,6198.0,20251231.0,3.0,5,60
12012,6198.0,20251231.0,3.0,3,25
12013,6198.0,20251231.0,3.0,4,2
12014,6199.0,20251231.0,1.0,4,17
12015,6199.0,20251231.0,1.0,1,25
12016,6199.0,20251231.0,1.0,3,65
12017,6200.0,20251231.0,2.0,5,10
12018,6200.0,20251231.0,2.0,3,193
12019,6201.0,20251231.0,2.0,5,170
12020,6201.0,20251231.0,2.0,6,3
12021,6202.0,20251231.0,3.0,5,53
12022,6202.0,20251231.0,3.0,6,24
12023,6202.0,20251231.0,3.0,4,34
12024,6203.0,20251231.0,1.0,1,23
12025,6203.0,20251231.0,1.0,5,112
12026,6204.0,20251231.0,1.0,1,119
12027,6205.0,20251231.0,4.0,1,82
12028,6205.0,20251231.0,4.0,6,10
12029,6206.0,20251231.0,1.0,5,17
12030,6206.0,20251231.0,1.0,2,71
