ProductionID,DateKey,LineID,ShiftID,ProductID,UnitsProduced,UnitsDefective,DowntimeMinutes,ScrapCost
1,20240101,2,2,4,6282,117,1.0,2936.7
2,20240101,1,1,3,2973,73,17.0,1664.4
3,20240101,1,3,2,3937,163,10.8,2314.6
4,20240101,3,1,7,2620,54,0.6,1701.0
5,20240101,3,1,3,2857,101,1.7,2302.8
6,20240101,4,3,6,4044,90,0.0,639.0
7,20240101,3,2,2,2691,109,44.4,1547.8
8,20240101,3,2,8,1981,91,64.2,3084.9
9,20240101,2,3,5,6062,158,6.8,1011.2
10,20240102,4,2,2,4880,160,12.6,2272.0
11,20240102,4,1,3,4082,99,2.9,2257.2
12,20240102,4,2,2,4568,62,6.9,880.4
13,20240102,4,2,3,3463,97,1.0,2211.6
14,20240102,2,1,8,5975,94,76.4,3186.6
15,20240102,1,2,6,4298,115,28.8,816.5
16,20240102,4,2,5,4210,175,0.0,1120.0
17,20240102,3,1,6,2881,53,30.6,376.3
18,20240102,3,3,2,2235,39,23.3,553.8
19,20240103,1,3,7,4005,118,65.5,3717.0
20,20240103,1,1,8,4271,92,18.9,3118.8
21,20240103,2,3,1,6870,249,12.6,3112.5
22,20240103,1,2,7,3694,149,61.2,4693.5
23,20240103,4,2,8,5092,125,42.9,4237.5
24,20240103,1,1,6,3952,209,6.3,1483.9
25,20240103,1,3,3,4348,188,28.6,4286.4
26,20240103,2,1,5,5702,210,0.7,1344.0
27,20240104,2,3,3,7720,400,18.3,9120.0
28,20240104,3,1,7,2784,121,9.5,3811.5
29,20240104,3,1,2,2710,163,19.3,2314.6
30,20240104,3,2,8,2550,142,1.9,4813.8
31,20240104,2,3,3,5907,143,17.7,3260.4
32,20240104,3,2,5,2027,98,18.6,627.2
33,20240104,2,2,7,6202,138,1.3,4347.0
34,20240104,3,1,4,2791,87,0.7,2183.7
35,20240104,2,3,4,5735,133,15.6,3338.3
36,20240104,1,3,4,3755,160,31.5,4016.0
37,20240104,4,2,2,4555,144,6.9,2044.8
38,20240105,2,1,2,5753,188,48.1,2669.6
39,20240105,1,1,4,3935,97,17.3,2434.7
40,20240105,3,3,6,2988,82,53.0,582.2
41,20240105,3,1,6,2375,45,10.3,319.5
42,20240105,3,1,2,2780,95,8.5,1349.0
43,20240105,3,3,7,2540,81,46.5,2551.5
44,20240105,3,2,3,3303,79,15.8,1801.2
45,20240106,1,1,1,4214,41,1.5,512.5
46,20240106,4,2,2,3787,191,43.6,2712.2
47,20240106,4,2,4,5241,107,4.0,2685.7
48,20240106,2,2,4,6246,329,24.9,8257.9
49,20240106,2,2,8,5527,113,5.8,3830.7
50,20240106,3,3,1,2661,138,34.4,1725.0
51,20240107,3,3,3,2488,72,0.3,1641.6
52,20240107,1,1,6,4139,125,6.4,887.5
53,20240107,4,2,3,3677,158,0.0,3602.4
54,20240107,2,2,2,6031,257,65.1,3649.4
55,20240107,3,2,3,3155,195,7.9,4446.0
56,20240107,3,1,8,2663,152,3.1,5152.8
57,20240107,2,1,2,5801,12,17.3,170.4
58,20240107,1,3,8,3962,156,0.6,5288.4
59,20240107,1,2,6,3047,103,7.6,731.3
60,20240107,3,2,6,2502,63,8.1,447.3
61,20240107,3,2,3,2480,64,3.2,1459.2
62,20240108,1,1,4,4108,136,0.1,3413.6
63,20240108,3,3,5,2489,97,62.0,620.8
64,20240108,1,3,3,4093,129,7.0,2941.2
65,20240108,4,1,3,4174,157,15.6,3579.6
66,20240108,2,1,4,6122,189,3.6,4743.9
67,20240108,4,1,4,4328,107,25.3,2685.7
68,20240108,1,1,7,3445,16,6.5,504.0
69,20240108,2,2,6,4935,214,2.7,1519.4
70,20240109,3,1,2,3100,118,37.7,1675.6
71,20240109,4,2,2,3949,253,4.5,3592.6
72,20240109,3,2,5,2253,56,9.9,358.4
73,20240109,3,3,4,3186,128,46.0,3212.8
74,20240109,1,3,4,3601,93,3.3,2334.3
75,20240109,3,2,2,2962,78,0.1,1107.6
76,20240109,2,3,4,4918,131,10.8,3288.1
77,20240109,1,2,2,3341,76,4.3,1079.2
78,20240109,2,2,5,7852,239,1.2,1529.6
79,20240109,2,1,3,6218,272,6.3,6201.6
80,20240110,1,1,4,3116,69,18.6,1731.9
81,20240110,2,1,7,6519,105,0.4,3307.5
82,20240110,4,2,7,4626,146,4.1,4599.0
83,20240110,3,3,6,3055,137,43.5,972.7
84,20240110,4,1,8,4161,181,30.5,6135.9
85,20240110,1,3,4,3888,43,18.1,1079.3
86,20240110,4,3,3,3620,127,9.5,2895.6
87,20240110,4,2,4,4010,155,13.0,3890.5
88,20240111,4,3,1,4579,118,0.0,1475.0
89,20240111,1,2,1,3792,127,4.4,1587.5
90,20240111,1,2,8,3533,209,7.6,7085.1
91,20240111,2,2,4,6709,152,58.9,3815.2
92,20240111,3,2,2,2878,128,18.3,1817.6
93,20240111,3,3,8,2657,71,132.2,2406.9
94,20240111,3,3,4,2612,108,35.7,2710.8
95,20240111,1,1,5,3785,165,10.5,1056.0
96,20240111,2,3,3,6727,184,9.7,4195.2
97,20240111,1,3,6,3517,170,11.8,1207.0
98,20240112,2,1,3,5783,116,6.1,2644.8
99,20240112,1,2,2,3268,130,53.9,1846.0
100,20240112,2,3,5,6840,336,12.9,2150.4
101,20240112,1,3,5,4389,108,21.4,691.2
102,20240112,1,1,3,3474,93,39.5,2120.4
103,20240112,4,3,8,4372,130,8.7,4407.0
104,20240113,3,2,4,3042,60,15.0,1506.0
105,20240113,3,1,2,2783,121,20.5,1718.2
106,20240113,1,2,6,3853,114,0.0,809.4
107,20240113,3,3,8,2535,57,0.2,1932.3
108,20240113,4,3,3,3859,91,20.2,2074.8
109,20240113,1,1,3,3486,190,18.8,4332.0
110,20240113,3,2,4,2089,59,105.3,1480.9
111,20240113,2,2,4,6807,309,5.7,7755.9
112,20240113,4,2,8,3502,76,2.0,2576.4
113,20240113,1,2,6,3977,124,3.7,880.4
114,20240114,3,2,5,2686,112,28.7,716.8
115,20240114,4,2,5,4099,116,10.7,742.4
116,20240114,4,1,7,5156,193,49.9,6079.5
117,20240114,4,1,5,3704,101,2.6,646.4
118,20240114,1,3,4,3669,83,2.6,2083.3
119,20240114,1,1,6,4565,163,36.9,1157.3
120,20240115,1,3,1,3704,183,0.7,2287.5
121,20240115,1,1,2,3285,82,28.1,1164.4
122,20240115,1,1,8,3242,124,20.5,4203.6
123,20240115,3,2,8,2745,125,23.9,4237.5
124,20240115,3,1,3,2570,113,5.8,2576.4
125,20240115,1,3,6,3535,170,16.6,1207.0
126,20240115,1,3,4,3679,163,13.0,4091.3
127,20240116,3,3,5,2630,84,16.4,537.6
128,20240116,2,2,4,5813,259,5.1,6500.9
129,20240116,2,1,8,6874,197,29.5,6678.3
130,20240116,2,1,8,6523,198,0.7,6712.2
131,20240116,1,2,7,3812,141,36.4,4441.5
132,20240116,2,3,1,5472,196,3.8,2450.0
133,20240117,3,1,6,3382,110,36.6,781.0
134,20240117,3,1,2,2281,120,19.0,1704.0
135,20240117,1,1,3,3599,122,6.1,2781.6
136,20240117,4,1,8,4926,117,3.5,3966.3
137,20240117,3,2,5,2900,21,16.3,134.4
138,20240117,2,1,7,6706,173,13.2,5449.5
139,20240117,4,3,6,4867,172,17.8,1221.2
140,20240117,2,2,6,5863,213,1.9,1512.3
141,20240117,3,3,1,2399,124,67.7,1550.0
142,20240117,3,2,6,2675,59,5.3,418.9
143,20240118,3,3,8,2640,89,4.7,3017.1
144,20240118,4,3,4,4933,107,4.9,2685.7
145,20240118,3,1,6,2599,120,13.8,852.0
146,20240118,4,1,4,4860,48,15.3,1204.8
147,20240118,3,2,8,2113,84,1.5,2847.6
148,20240118,2,2,2,6355,263,1.3,3734.6
149,20240118,3,1,7,2152,37,97.2,1165.5
150,20240118,1,1,8,3826,55,1.8,1864.5
151,20240118,4,3,1,4093,155,15.0,1937.5
152,20240119,1,1,3,3619,96,7.5,2188.8
153,20240119,3,2,5,2766,74,15.4,473.6
154,20240119,3,1,4,2804,113,6.5,2836.3
155,20240119,2,1,1,6088,233,11.7,2912.5
156,20240119,4,3,2,3924,97,3.2,1377.4
157,20240119,3,2,2,1715,63,2.0,894.6
158,20240119,4,1,8,4128,114,89.9,3864.6
159,20240119,4,2,5,4168,104,16.2,665.6
160,20240119,3,1,3,2901,120,9.3,2736.0
161,20240120,2,1,1,5832,100,28.1,1250.0
162,20240120,3,1,4,2248,88,1.2,2208.8
163,20240120,2,3,2,5140,150,7.1,2130.0
164,20240120,1,2,3,3959,133,29.8,3032.4
165,20240120,2,1,1,5316,20,4.6,250.0
166,20240120,4,2,3,4627,107,0.0,2439.6
167,20240120,1,2,6,3278,124,3.4,880.4
168,20240120,3,1,5,2816,138,8.7,883.2
169,20240120,4,1,5,4333,159,0.0,1017.6
170,20240120,1,2,6,3853,79,1.8,560.9
171,20240121,3,1,1,2243,105,38.1,1312.5
172,20240121,2,3,1,6234,188,49.9,2350.0
173,20240121,3,3,6,3015,101,23.8,717.1
174,20240121,2,3,4,6236,253,25.8,6350.3
175,20240121,1,3,6,3902,161,6.7,1143.1
176,20240121,3,2,6,2377,97,57.1,688.7
177,20240121,4,2,4,5153,185,0.0,4643.5
178,20240121,3,3,1,2493,47,9.3,587.5
179,20240122,3,3,1,2947,119,5.7,1487.5
180,20240122,2,1,1,6398,152,13.2,1900.0
181,20240122,3,2,7,2302,128,18.2,4032.0
182,20240122,2,1,8,5097,173,8.1,5864.7
183,20240122,4,2,4,4674,125,0.4,3137.5
184,20240122,3,2,6,2274,74,1.5,525.4
185,20240122,1,2,5,3626,71,46.1,454.4
186,20240122,3,1,1,2288,23,33.5,287.5
187,20240122,4,1,6,4408,131,0.0,930.1
188,20240123,1,2,3,4107,67,4.0,1527.6
189,20240123,2,2,3,5562,274,1.7,6247.2
190,20240123,4,3,7,4629,211,12.1,6646.5
191,20240123,1,3,7,3694,166,24.9,5229.0
192,20240123,1,1,4,4129,112,14.2,2811.2
193,20240123,1,3,3,3788,148,25.0,3374.4
194,20240123,4,3,5,4066,12,4.1,76.8
195,20240123,2,2,3,5320,86,18.5,1960.8
196,20240124,1,1,1,3762,60,16.4,750.0
197,20240124,4,2,5,4035,170,75.2,1088.0
198,20240124,2,3,3,5379,183,20.9,4172.4
199,20240124,4,3,4,4646,149,9.0,3739.9
200,20240124,2,3,6,5641,235,3.4,1668.5
201,20240124,4,2,5,4912,214,12.5,1369.6
202,20240124,4,1,6,4328,88,0.0,624.8
203,20240124,1,3,5,3299,77,0.6,492.8
204,20240124,3,1,2,2754,84,20.0,1192.8
205,20240124,2,1,3,6941,175,11.7,3990.0
206,20240124,3,1,4,2795,123,32.9,3087.3
207,20240125,4,2,6,4683,97,9.0,688.7
208,20240125,3,3,2,2955,68,0.9,965.6
209,20240125,3,3,8,2647,125,1.2,4237.5
210,20240125,2,2,2,5193,147,7.5,2087.4
211,20240125,3,2,2,2510,68,27.8,965.6
212,20240125,1,1,5,3702,108,8.1,691.2
213,20240125,1,1,6,3117,95,17.0,674.5
214,20240125,2,3,5,4283,53,4.4,339.2
215,20240125,1,3,2,3837,166,0.5,2357.2
216,20240125,1,2,4,3904,159,5.4,3990.9
217,20240126,2,3,8,6583,238,0.7,8068.2
218,20240126,1,1,5,4434,113,1.3,723.2
219,20240126,4,2,3,4446,128,13.2,2918.4
220,20240126,4,1,5,4531,89,0.0,569.6
221,20240126,3,2,3,2007,84,23.5,1915.2
222,20240126,4,3,7,5040,103,5.6,3244.5
223,20240126,4,2,4,5057,213,3.4,5346.3
224,20240126,2,3,6,6917,164,16.3,1164.4
225,20240126,4,3,8,4515,151,0.0,5118.9
226,20240126,1,3,5,3731,65,2.5,416.0
227,20240127,3,2,5,2688,64,3.0,409.6
228,20240127,3,1,3,2825,111,10.5,2530.8
229,20240127,1,2,8,3191,107,15.7,3627.3
230,20240127,2,1,7,5245,80,28.3,2520.0
231,20240127,2,3,3,6185,108,16.5,2462.4
232,20240127,4,3,7,4510,164,0.0,5166.0
233,20240127,3,1,8,2858,101,8.1,3423.9
234,20240128,4,1,2,3752,150,0.0,2130.0
235,20240128,4,2,1,5709,194,13.6,2425.0
236,20240128,3,1,7,3005,48,1.3,1512.0
237,20240128,3,2,5,2322,104,20.9,665.6
238,20240128,4,1,8,4516,162,1.4,5491.8
239,20240128,2,1,3,5206,194,35.8,4423.2
240,20240129,1,3,2,3785,120,16.7,1704.0
241,20240129,2,3,8,6306,355,11.2,12034.5
242,20240129,3,1,1,2616,31,6.0,387.5
243,20240129,3,2,3,2843,149,40.7,3397.2
244,20240129,1,3,2,3144,68,33.3,965.6
245,20240129,3,2,2,2604,148,8.8,2101.6
246,20240129,4,1,2,4547,140,1.4,1988.0
247,20240129,2,3,2,4962,135,8.3,1917.0
248,20240130,2,3,7,6282,234,18.8,7371.0
249,20240130,2,2,7,6099,156,11.4,4914.0
250,20240130,3,2,8,2284,97,43.6,3288.3
251,20240130,3,1,5,2618,79,59.6,505.6
252,20240130,1,3,6,3643,123,5.6,873.3
253,20240130,2,2,6,6118,186,33.8,1320.6
254,20240130,4,2,2,4098,78,6.9,1107.6
255,20240130,1,1,6,4411,156,4.1,1107.6
256,20240130,1,3,7,3974,179,8.8,5638.5
257,20240131,2,2,2,5769,182,2.9,2584.4
258,20240131,2,3,4,5618,182,5.8,4568.2
259,20240131,1,1,7,4179,129,20.2,4063.5
260,20240131,2,3,5,6034,203,5.4,1299.2
261,20240131,3,2,4,2633,106,68.1,2660.6
262,20240131,4,1,2,4625,65,21.6,923.0
263,20240131,4,1,8,4124,64,28.9,2169.6
264,20240131,1,2,6,5323,74,11.8,525.4
265,20240131,4,2,6,3506,168,28.8,1192.8
266,20240201,3,1,7,2692,83,6.0,2614.5
267,20240201,3,1,7,2556,51,42.1,1606.5
268,20240201,4,1,5,4035,65,11.2,416.0
269,20240201,3,1,8,2762,105,7.3,3559.5
270,20240201,3,1,4,2741,85,9.0,2133.5
271,20240201,3,2,7,2394,50,6.5,1575.0
272,20240202,1,1,2,3636,164,6.5,2328.8
273,20240202,4,2,7,5288,42,14.5,1323.0
274,20240202,2,1,4,4856,190,22.6,4769.0
275,20240202,3,2,2,2793,123,22.6,1746.6
276,20240202,4,2,3,4846,73,0.0,1664.4
277,20240202,2,2,6,6500,259,8.7,1838.9
278,20240202,1,1,4,3774,251,22.0,6300.1
279,20240202,3,2,6,2683,97,20.4,688.7
280,20240203,1,3,4,3144,125,3.2,3137.5
281,20240203,3,3,6,2942,91,16.7,646.1
282,20240203,2,1,7,6389,178,18.5,5607.0
283,20240203,4,1,8,4226,36,65.8,1220.4
284,20240203,3,3,3,2905,133,9.9,3032.4
285,20240203,4,2,5,5510,189,0.0,1209.6
286,20240203,2,2,5,6082,117,18.5,748.8
287,20240203,1,2,5,3689,71,17.1,454.4
288,20240203,4,2,7,4376,122,10.7,3843.0
289,20240204,2,1,8,5981,329,24.4,11153.1
290,20240204,1,2,2,3868,51,20.0,724.2
291,20240204,3,2,3,2318,25,4.4,570.0
292,20240204,4,1,4,3513,98,22.8,2459.8
293,20240204,1,2,5,3819,155,13.9,992.0
294,20240204,3,2,7,2957,114,12.5,3591.0
295,20240205,2,1,4,6018,40,1.0,1004.0
296,20240205,4,2,4,4522,74,22.8,1857.4
297,20240205,3,2,2,2283,53,13.0,752.6
298,20240205,2,2,6,6404,237,18.0,1682.7
299,20240205,4,1,3,4243,173,8.3,3944.4
300,20240205,3,3,4,2774,61,3.6,1531.1
301,20240205,1,2,4,3189,102,1.6,2560.2
302,20240206,1,3,5,3448,66,3.3,422.4
303,20240206,4,1,2,4789,158,15.5,2243.6
304,20240206,1,2,6,3731,204,48.7,1448.4
305,20240206,4,2,4,5054,163,15.1,4091.3
306,20240206,2,2,3,5838,287,37.3,6543.6
307,20240206,4,1,8,4275,8,0.0,271.2
308,20240207,3,3,5,2433,87,8.5,556.8
309,20240207,3,2,1,2428,75,8.3,937.5
310,20240207,1,2,1,3659,115,29.4,1437.5
311,20240207,4,3,3,4545,206,0.0,4696.8
312,20240207,4,2,3,4606,148,11.4,3374.4
313,20240207,1,3,3,3305,141,4.1,3214.8
314,20240207,4,2,5,5621,256,0.0,1638.4
315,20240207,4,1,5,4060,151,8.5,966.4
316,20240207,3,3,5,2575,126,73.7,806.4
317,20240207,3,3,2,2455,83,19.8,1178.6
318,20240207,3,3,1,2859,115,22.1,1437.5
319,20240208,1,2,6,3292,94,0.4,667.4
320,20240208,2,3,1,5257,226,2.6,2825.0
321,20240208,1,2,4,3837,93,23.8,2334.3
322,20240208,3,2,5,2822,124,16.2,793.6
323,20240208,2,3,8,6801,290,18.8,9831.0
324,20240208,3,3,6,2925,114,3.3,809.4
325,20240208,1,2,7,3947,131,38.4,4126.5
326,20240208,4,1,1,4294,131,0.0,1637.5
327,20240208,4,1,2,4633,143,0.0,2030.6
328,20240208,4,2,6,4057,21,4.1,149.1
329,20240208,4,2,1,4133,116,46.4,1450.0
330,20240209,4,2,5,3735,48,1.5,307.2
331,20240209,3,1,5,3050,112,2.7,716.8
332,20240209,1,1,2,4161,104,1.1,1476.8
333,20240209,3,3,7,2679,56,26.1,1764.0
334,20240209,3,3,7,2924,84,9.4,2646.0
335,20240209,1,2,2,4528,147,12.9,2087.4
336,20240209,1,1,6,3476,87,31.4,617.7
337,20240209,3,1,7,2661,61,33.6,1921.5
338,20240209,4,2,4,4659,154,12.8,3865.4
339,20240210,4,2,3,4145,82,38.0,1869.6
340,20240210,2,2,4,6843,173,3.4,4342.3
341,20240210,3,2,5,2419,80,0.6,512.0
342,20240210,3,3,8,2445,91,16.9,3084.9
343,20240210,1,2,7,3229,125,14.6,3937.5
344,20240210,3,1,4,2547,70,9.8,1757.0
345,20240210,2,1,5,5561,104,17.4,665.6
346,20240210,4,1,6,3387,120,5.3,852.0
347,20240210,1,1,5,3539,62,47.5,396.8
348,20240210,2,1,7,5054,202,3.5,6363.0
349,20240211,4,2,8,5003,128,35.7,4339.2
350,20240211,1,1,7,4208,147,31.1,4630.5
351,20240211,3,3,1,2987,165,8.9,2062.5
352,20240211,4,2,1,5524,172,4.5,2150.0
353,20240211,3,3,4,2301,74,70.9,1857.4
354,20240211,2,1,7,6313,163,28.0,5134.5
355,20240211,1,2,5,2891,61,0.9,390.4
356,20240211,3,2,4,2966,82,30.9,2058.2
357,20240211,4,3,3,3679,7,28.1,159.6
358,20240211,3,2,2,2457,88,9.8,1249.6
359,20240212,4,1,4,4315,132,4.7,3313.2
360,20240212,2,2,5,4426,192,32.3,1228.8
361,20240212,2,2,5,6833,309,1.3,1977.6
362,20240212,1,1,3,3068,108,12.6,2462.4
363,20240212,2,2,6,5086,255,25.1,1810.5
364,20240212,3,2,8,2672,129,33.5,4373.1
365,20240212,4,1,4,4682,119,9.8,2986.9
366,20240213,2,1,7,6969,168,5.6,5292.0
367,20240213,4,3,8,3801,134,1.6,4542.6
368,20240213,1,3,3,3266,153,29.4,3488.4
369,20240213,3,1,6,2285,51,5.9,362.1
370,20240213,3,1,4,2407,110,5.1,2761.0
371,20240213,3,1,7,2448,92,13.0,2898.0
372,20240213,4,2,3,4440,79,2.4,1801.2
373,20240214,3,1,2,2297,31,13.6,440.2
374,20240214,4,3,7,3935,30,0.0,945.0
375,20240214,3,3,1,2789,82,40.7,1025.0
376,20240214,2,2,3,5729,252,3.1,5745.6
377,20240214,4,1,3,4982,251,31.2,5722.8
378,20240214,2,3,3,5731,200,49.0,4560.0
379,20240214,2,2,5,5314,115,26.1,736.0
380,20240214,1,1,4,3297,90,0.3,2259.0
381,20240214,1,2,4,3877,76,34.1,1907.6
382,20240215,4,1,3,4542,113,24.6,2576.4
383,20240215,1,3,6,3833,164,14.9,1164.4
384,20240215,3,1,1,2666,84,85.7,1050.0
385,20240215,3,3,6,2347,58,19.5,411.8
386,20240215,1,2,7,3712,7,6.9,220.5
387,20240215,1,1,2,3231,109,1.7,1547.8
388,20240215,2,2,7,4875,233,4.9,7339.5
389,20240215,4,1,4,3440,82,6.6,2058.2
390,20240216,3,1,2,3170,132,21.7,1874.4
391,20240216,4,1,2,5626,92,29.1,1306.4
392,20240216,1,1,6,3838,79,14.1,560.9
393,20240216,1,3,1,4510,201,3.0,2512.5
394,20240216,1,3,6,3976,211,8.0,1498.1
395,20240216,3,3,4,3010,58,9.1,1455.8
396,20240217,1,1,8,4230,107,11.3,3627.3
397,20240217,4,1,2,4666,131,0.0,1860.2
398,20240217,2,1,4,7760,180,15.7,4518.0
399,20240217,1,2,3,4724,216,37.0,4924.8
400,20240217,4,1,7,3648,69,0.0,2173.5
401,20240217,2,1,8,7635,190,31.8,6441.0
402,20240218,4,2,4,5332,51,24.1,1280.1
403,20240218,4,1,3,4785,210,2.5,4788.0
404,20240218,3,2,8,2555,77,11.1,2610.3
405,20240218,3,3,1,2633,33,1.3,412.5
406,20240218,1,3,8,3615,63,0.3,2135.7
407,20240218,3,3,4,1939,82,17.7,2058.2
408,20240218,2,1,7,5403,120,11.6,3780.0
409,20240219,2,1,8,7514,277,0.8,9390.3
410,20240219,1,2,5,3013,99,8.0,633.6
411,20240219,4,2,8,5122,231,4.5,7830.9
412,20240219,4,3,7,3805,107,0.0,3370.5
413,20240219,1,1,8,4409,206,33.4,6983.4
414,20240219,4,1,2,4177,173,18.6,2456.6
415,20240219,2,1,8,5819,98,14.3,3322.2
416,20240219,3,1,5,3055,59,11.9,377.6
417,20240220,4,2,4,5150,108,9.9,2710.8
418,20240220,4,2,6,3495,74,38.7,525.4
419,20240220,3,3,4,2525,78,6.9,1957.8
420,20240220,4,2,7,5017,146,0.0,4599.0
421,20240220,3,3,6,2141,93,5.3,660.3
422,20240220,4,1,5,3659,186,12.2,1190.4
423,20240220,2,1,5,4855,230,35.8,1472.0
424,20240220,3,3,2,3224,136,20.5,1931.2
425,20240220,3,3,4,2475,71,35.3,1782.1
426,20240220,3,3,6,2635,91,49.1,646.1
427,20240220,3,2,6,3231,67,23.3,475.7
428,20240221,1,1,1,4018,96,43.2,1200.0
429,20240221,2,2,8,5642,155,12.0,5254.5
430,20240221,1,1,5,3495,128,21.1,819.2
431,20240221,4,3,4,4288,113,0.0,2836.3
432,20240221,3,1,1,2923,72,29.3,900.0
433,20240221,2,1,1,6571,162,57.7,2025.0
434,20240221,3,2,7,2653,146,16.7,4599.0
435,20240221,4,1,1,3971,180,33.1,2250.0
436,20240222,1,1,1,4091,78,17.9,975.0
437,20240222,3,3,3,2172,38,7.6,866.4
438,20240222,1,2,6,3476,9,10.8,63.9
439,20240222,3,2,1,2359,90,5.8,1125.0
440,20240222,1,2,8,4251,35,11.7,1186.5
441,20240222,3,2,8,2812,106,23.1,3593.4
442,20240222,2,3,6,6203,197,2.1,1398.7
443,20240222,1,1,4,4606,112,12.8,2811.2
444,20240222,4,3,5,4673,133,20.3,851.2
445,20240223,3,3,8,2494,108,55.4,3661.2
446,20240223,1,1,2,3855,60,6.2,852.0
447,20240223,1,3,7,3682,101,6.4,3181.5
448,20240223,4,1,5,4450,58,19.1,371.2
449,20240223,2,1,5,5539,105,6.1,672.0
450,20240223,3,1,6,3020,93,19.1,660.3
451,20240223,3,2,4,2504,79,3.6,1982.9
452,20240223,2,2,5,6946,159,7.6,1017.6
453,20240223,2,3,6,7360,279,46.9,1980.9
454,20240223,1,1,3,3782,129,15.0,2941.2
455,20240223,3,1,6,2729,14,9.6,99.4
456,20240224,1,1,6,3424,100,2.9,710.0
457,20240224,2,2,8,6477,130,14.2,4407.0
458,20240224,4,3,3,4612,123,0.0,2804.4
459,20240224,3,2,2,2720,96,9.9,1363.2
460,20240224,1,3,6,4431,161,30.1,1143.1
461,20240224,2,2,7,6403,35,0.8,1102.5
462,20240225,4,3,8,4315,110,11.3,3729.0
463,20240225,3,3,8,3011,116,6.4,3932.4
464,20240225,4,1,8,5018,171,9.4,5796.9
465,20240225,1,2,5,3592,80,30.4,512.0
466,20240225,4,1,2,4373,89,15.5,1263.8
467,20240225,1,2,7,4500,148,32.6,4662.0
468,20240225,1,2,1,3781,78,31.0,975.0
469,20240225,2,3,8,7049,83,63.0,2813.7
470,20240225,4,3,8,4365,255,8.5,8644.5
471,20240225,4,3,3,4731,169,24.4,3853.2
472,20240225,1,1,5,3736,93,7.4,595.2
473,20240226,3,1,7,2517,30,11.6,945.0
474,20240226,3,3,7,3081,96,9.3,3024.0
475,20240226,3,2,3,2461,79,10.7,1801.2
476,20240226,3,1,3,3128,134,6.0,3055.2
477,20240226,4,3,6,3832,117,0.0,830.7
478,20240226,2,1,1,5924,204,16.6,2550.0
479,20240226,4,1,8,3759,115,17.9,3898.5
480,20240226,3,3,1,2504,52,4.2,650.0
481,20240226,3,2,2,2502,74,4.1,1050.8
482,20240226,4,2,3,4964,146,3.8,3328.8
483,20240226,2,1,1,5885,112,17.8,1400.0
484,20240227,3,1,4,2316,47,73.3,1179.7
485,20240227,4,1,7,5118,98,4.0,3087.0
486,20240227,2,3,5,7049,111,2.3,710.4
487,20240227,1,1,3,4513,105,9.5,2394.0
488,20240227,1,3,4,3865,144,15.7,3614.4
489,20240227,2,1,5,5448,160,14.4,1024.0
490,20240228,1,1,2,4265,129,6.5,1831.8
491,20240228,1,2,5,2858,73,1.0,467.2
492,20240228,1,3,2,4325,170,1.5,2414.0
493,20240228,3,3,1,2319,81,16.9,1012.5
494,20240228,4,3,7,4866,138,0.0,4347.0
495,20240228,1,1,8,4059,208,30.9,7051.2
496,20240228,4,2,4,4413,148,10.2,3714.8
497,20240228,2,3,1,7388,251,24.9,3137.5
498,20240228,4,3,8,5856,164,0.0,5559.6
499,20240229,3,1,6,2680,21,28.7,149.1
500,20240229,2,2,5,3908,144,61.4,921.6
501,20240229,4,2,1,3278,58,31.3,725.0
502,20240229,4,1,8,4657,21,16.0,711.9
503,20240229,4,1,4,4545,216,22.2,5421.6
504,20240229,1,3,5,3714,10,0.1,64.0
505,20240229,3,3,8,2485,72,55.2,2440.8
506,20240229,4,3,3,3964,157,20.7,3579.6
507,20240301,2,2,1,5181,98,12.7,1225.0
508,20240301,3,1,2,2404,100,3.5,1420.0
509,20240301,1,2,6,3822,78,13.6,553.8
510,20240301,4,1,7,5008,154,10.2,4851.0
511,20240301,3,2,4,1983,67,5.4,1681.7
512,20240301,2,2,1,6425,243,2.2,3037.5
513,20240301,2,2,5,5998,259,6.3,1657.6
514,20240302,4,3,1,3845,150,38.5,1875.0
515,20240302,2,3,4,5562,138,5.4,3463.8
516,20240302,4,3,6,3745,162,104.1,1150.2
517,20240302,4,2,7,5218,231,0.0,7276.5
518,20240302,2,2,1,5731,297,1.0,3712.5
519,20240302,1,3,3,3592,17,7.9,387.6
520,20240302,2,1,8,6308,133,64.9,4508.7
521,20240303,4,1,5,4316,149,9.4,953.6
522,20240303,3,1,1,2812,25,1.7,312.5
523,20240303,3,1,7,2320,70,13.4,2205.0
524,20240303,3,3,5,2605,102,5.4,652.8
525,20240303,2,3,5,6759,137,17.4,876.8
526,20240303,1,3,7,4068,176,32.4,5544.0
527,20240303,3,1,2,2823,72,26.8,1022.4
528,20240303,1,3,6,3953,111,15.4,788.1
529,20240304,2,3,6,5257,90,7.9,639.0
530,20240304,2,2,3,6497,214,3.3,4879.2
531,20240304,3,2,2,3380,221,2.0,3138.2
532,20240304,1,2,3,4355,71,13.9,1618.8
533,20240304,2,2,7,6360,122,20.2,3843.0
534,20240304,2,3,5,6091,187,8.7,1196.8
535,20240304,2,3,6,6266,230,5.2,1633.0
536,20240305,3,2,8,2828,129,6.4,4373.1
537,20240305,4,1,1,4368,147,25.8,1837.5
538,20240305,3,3,3,3082,103,2.6,2348.4
539,20240305,2,1,5,5527,110,1.7,704.0
540,20240305,3,1,2,2518,78,1.0,1107.6
541,20240305,1,1,1,3825,122,8.1,1525.0
542,20240305,3,2,4,2537,124,28.6,3112.4
543,20240305,3,3,7,2516,98,4.3,3087.0
544,20240305,4,1,8,5278,118,0.0,4000.2
545,20240306,3,3,6,3150,89,4.8,631.9
546,20240306,1,3,3,3456,111,21.7,2530.8
547,20240306,4,2,3,4928,227,0.0,5175.6
548,20240306,3,1,1,2286,79,8.5,987.5
549,20240306,4,2,4,4606,153,4.8,3840.3
550,20240306,4,1,4,4752,134,0.0,3363.4
551,20240306,4,2,4,4741,157,13.2,3940.7
552,20240306,1,2,6,4178,158,2.9,1121.8
553,20240307,1,3,6,4049,156,9.2,1107.6
554,20240307,1,1,2,3970,151,4.0,2144.2
555,20240307,1,2,4,4824,220,18.6,5522.0
556,20240307,4,2,5,5043,175,0.0,1120.0
557,20240307,2,2,3,5533,94,30.8,2143.2
558,20240307,2,2,8,4869,178,0.6,6034.2
559,20240307,1,3,8,3359,110,9.7,3729.0
560,20240307,3,3,3,2703,63,7.9,1436.4
561,20240308,2,3,3,5606,160,6.1,3648.0
562,20240308,1,2,2,2753,73,8.0,1036.6
563,20240308,3,2,4,2593,21,15.3,527.1
564,20240308,4,3,6,4022,89,6.1,631.9
565,20240308,4,1,7,4446,147,0.4,4630.5
566,20240308,4,1,3,5270,124,2.4,2827.2
567,20240308,3,3,4,2517,110,23.1,2761.0
568,20240309,4,3,7,4867,127,9.2,4000.5
569,20240309,3,3,1,2640,135,6.4,1687.5
570,20240309,2,2,1,6493,182,18.3,2275.0
571,20240309,4,3,1,3082,182,12.7,2275.0
572,20240309,2,2,2,5940,326,46.2,4629.2
573,20240309,3,2,2,2671,72,1.0,1022.4
574,20240309,1,1,7,4140,47,4.2,1480.5
575,20240309,1,1,5,3950,86,18.5,550.4
576,20240310,2,1,8,6144,151,9.3,5118.9
577,20240310,1,3,1,3493,105,12.4,1312.5
578,20240310,3,1,4,2301,66,28.8,1656.6
579,20240310,1,1,1,3771,18,12.2,225.0
580,20240310,4,2,1,5398,174,20.5,2175.0
581,20240310,3,3,2,2466,52,0.3,738.4
582,20240310,2,1,7,5867,188,66.2,5922.0
583,20240311,1,1,1,4742,218,19.0,2725.0
584,20240311,4,2,2,4004,146,10.1,2073.2
585,20240311,3,3,5,2943,55,21.8,352.0
586,20240311,1,1,4,3826,251,0.2,6300.1
587,20240311,1,2,5,3260,81,14.9,518.4
588,20240311,4,1,2,4438,157,6.3,2229.4
589,20240311,2,2,3,5835,103,25.9,2348.4
590,20240311,4,2,1,5408,107,0.6,1337.5
591,20240312,1,2,5,3643,138,4.2,883.2
592,20240312,3,2,7,2399,80,44.6,2520.0
593,20240312,2,3,4,6384,120,18.7,3012.0
594,20240312,2,1,1,5877,117,25.0,1462.5
595,20240312,3,1,8,2555,94,37.2,3186.6
596,20240312,4,1,6,4191,92,0.0,653.2
597,20240312,1,2,1,3219,93,53.1,1162.5
598,20240312,3,1,7,2684,67,19.7,2110.5
599,20240313,4,1,8,4765,138,6.9,4678.2
600,20240313,1,1,8,3698,101,5.5,3423.9
601,20240313,3,1,6,2344,98,10.7,695.8
602,20240313,4,3,6,4633,77,6.9,546.7
603,20240313,2,1,7,4860,192,9.5,6048.0
604,20240313,3,2,3,2685,91,33.1,2074.8
605,20240314,2,2,4,6263,261,24.8,6551.1
606,20240314,2,1,6,6454,213,23.6,1512.3
607,20240314,2,1,7,5209,112,46.7,3528.0
608,20240314,4,2,6,3455,127,8.2,901.7
609,20240314,2,2,5,5871,34,6.3,217.6
610,20240314,4,3,8,4086,61,0.0,2067.9
611,20240315,4,2,8,3820,100,13.2,3390.0
612,20240315,1,3,5,3752,167,10.4,1068.8
613,20240315,2,2,7,6654,320,11.9,10080.0
614,20240315,1,2,2,3288,106,2.5,1505.2
615,20240315,4,2,3,5615,186,11.1,4240.8
616,20240315,1,1,7,3657,90,24.5,2835.0
617,20240315,1,2,3,3101,122,9.4,2781.6
618,20240315,3,2,4,2361,95,40.1,2384.5
619,20240315,4,1,7,4735,230,3.0,7245.0
620,20240315,4,2,3,4975,62,32.2,1413.6
621,20240315,2,3,1,6253,225,0.3,2812.5
622,20240316,3,3,7,2509,123,6.0,3874.5
623,20240316,1,3,3,3533,52,34.3,1185.6
624,20240316,3,2,3,2895,115,35.0,2622.0
625,20240316,3,3,2,3065,115,0.3,1633.0
626,20240316,3,3,7,2765,61,22.2,1921.5
627,20240316,3,1,6,2765,114,38.5,809.4
628,20240316,2,2,8,6184,272,128.5,9220.8
629,20240316,2,2,3,6660,416,17.0,9484.8
630,20240316,1,3,1,4109,46,2.7,575.0
631,20240316,2,2,6,4561,214,7.3,1519.4
632,20240317,2,3,2,6125,117,17.8,1661.4
633,20240317,2,1,5,6771,143,1.0,915.2
634,20240317,4,3,3,5177,172,24.0,3921.6
635,20240317,1,1,1,3341,173,48.3,2162.5
636,20240317,2,1,7,5744,81,10.7,2551.5
637,20240317,4,3,2,4511,75,18.9,1065.0
638,20240317,4,1,7,3477,112,4.0,3528.0
639,20240317,1,3,4,4158,111,10.3,2786.1
640,20240317,1,1,3,3577,28,51.6,638.4
641,20240318,1,2,6,4316,131,25.4,930.1
642,20240318,3,1,6,2735,123,25.9,873.3
643,20240318,1,3,7,3843,149,8.6,4693.5
644,20240318,1,3,2,3225,161,6.0,2286.2
645,20240318,1,3,6,2859,81,26.2,575.1
646,20240318,1,3,7,4042,110,2.9,3465.0
647,20240318,4,3,6,3607,73,3.5,518.3
648,20240318,4,3,1,3993,104,0.0,1300.0
649,20240319,3,2,5,2677,45,49.2,288.0
650,20240319,3,2,6,2733,104,7.7,738.4
651,20240319,1,1,4,3503,138,19.5,3463.8
652,20240319,2,2,8,6262,101,22.2,3423.9
653,20240319,4,2,5,4749,209,7.2,1337.6
654,20240319,1,3,7,4248,127,44.8,4000.5
655,20240319,4,3,8,4624,103,22.7,3491.7
656,20240319,4,2,2,4349,33,34.4,468.6
657,20240319,1,3,3,3872,75,0.6,1710.0
658,20240319,3,3,5,2200,73,15.4,467.2
659,20240319,2,3,1,6060,148,13.4,1850.0
660,20240320,4,1,6,3903,56,27.8,397.6
661,20240320,4,3,1,4398,120,0.0,1500.0
662,20240320,1,2,8,3944,100,6.7,3390.0
663,20240320,2,3,1,5434,172,26.1,2150.0
664,20240320,4,1,1,4472,60,19.1,750.0
665,20240320,2,2,6,5466,219,48.8,1554.9
666,20240320,1,1,7,4103,102,13.1,3213.0
667,20240320,1,2,8,4671,84,17.6,2847.6
668,20240320,1,1,2,3574,123,11.6,1746.6
669,20240320,1,1,7,3680,28,11.7,882.0
670,20240320,1,2,4,3156,100,30.2,2510.0
671,20240321,2,1,1,5584,116,9.4,1450.0
672,20240321,4,3,2,4514,114,60.3,1618.8
673,20240321,4,3,3,4911,26,0.0,592.8
674,20240321,4,2,6,4082,209,25.8,1483.9
675,20240321,1,1,2,3927,104,34.6,1476.8
676,20240321,4,1,5,4265,210,0.3,1344.0
677,20240321,3,3,1,1998,21,40.7,262.5
678,20240321,1,1,3,3565,118,2.0,2690.4
679,20240321,2,2,4,5723,184,2.0,4618.4
680,20240322,4,2,6,4394,70,0.8,497.0
681,20240322,3,3,8,2634,104,6.5,3525.6
682,20240322,1,3,3,3999,60,9.3,1368.0
683,20240322,4,1,7,4744,115,46.3,3622.5
684,20240322,3,3,2,2838,96,9.1,1363.2
685,20240322,4,2,7,4660,141,2.2,4441.5
686,20240323,4,3,8,4704,173,5.9,5864.7
687,20240323,2,3,2,6794,320,1.9,4544.0
688,20240323,4,2,2,4423,81,0.0,1150.2
689,20240323,4,1,4,4283,133,0.0,3338.3
690,20240323,1,2,5,4052,214,9.3,1369.6
691,20240323,4,1,5,3625,88,26.4,563.2
692,20240324,3,2,8,2341,9,8.3,305.1
693,20240324,4,1,4,4414,137,0.0,3438.7
694,20240324,2,1,8,6412,226,25.7,7661.4
695,20240324,2,2,6,5342,158,6.2,1121.8
696,20240324,4,3,4,4569,180,31.5,4518.0
697,20240324,2,3,7,6039,156,21.6,4914.0
698,20240324,1,3,8,3670,7,9.3,237.3
699,20240324,3,3,6,2350,58,16.7,411.8
700,20240324,2,3,5,6117,104,52.7,665.6
701,20240324,1,3,8,4281,155,6.0,5254.5
702,20240325,3,1,6,2840,125,5.8,887.5
703,20240325,3,1,4,2456,4,0.7,100.4
704,20240325,3,2,5,2399,103,31.9,659.2
705,20240325,2,1,2,4884,160,15.3,2272.0
706,20240325,3,3,6,2484,90,54.4,639.0
707,20240325,3,1,2,2700,105,20.1,1491.0
708,20240325,3,2,8,2373,80,3.8,2712.0
709,20240325,2,3,7,5281,190,15.6,5985.0
710,20240325,4,2,4,4845,118,28.1,2961.8
711,20240326,4,2,7,4758,86,8.0,2709.0
712,20240326,4,1,6,4328,129,2.1,915.9
713,20240326,2,1,6,6490,133,18.4,944.3
714,20240326,4,1,4,4775,166,0.0,4166.6
715,20240326,2,2,8,5935,179,23.3,6068.1
716,20240326,4,2,1,4526,168,12.2,2100.0
717,20240326,2,3,5,5754,208,16.2,1331.2
718,20240326,2,2,7,7302,266,28.6,8379.0
719,20240326,1,3,3,3610,47,1.4,1071.6
720,20240326,2,1,1,6286,205,2.7,2562.5
721,20240326,2,2,5,6602,168,14.9,1075.2
722,20240327,1,1,1,3326,21,0.9,262.5
723,20240327,4,3,5,5962,228,14.9,1459.2
724,20240327,3,1,2,2631,99,27.9,1405.8
725,20240327,2,2,3,6541,131,17.9,2986.8
726,20240327,4,3,5,4083,39,29.4,249.6
727,20240327,2,2,8,5290,193,5.6,6542.7
728,20240327,2,3,1,5885,110,4.7,1375.0
729,20240328,4,2,4,4303,211,30.0,5296.1
730,20240328,2,3,3,5886,89,16.8,2029.2
731,20240328,3,3,1,2907,113,4.7,1412.5
732,20240328,3,3,5,2612,27,9.8,172.8
733,20240328,2,2,8,5171,125,10.1,4237.5
734,20240328,2,1,5,7479,275,8.8,1760.0
735,20240328,3,1,6,3176,104,8.7,738.4
736,20240328,4,1,5,5018,141,68.0,902.4
737,20240328,2,1,2,5196,91,30.0,1292.2
738,20240328,1,1,2,4106,74,2.3,1050.8
739,20240329,3,1,2,2709,63,1.8,894.6
740,20240329,1,2,2,4631,192,4.2,2726.4
741,20240329,3,3,8,2943,122,31.5,4135.8
742,20240329,3,1,5,2827,99,4.8,633.6
743,20240329,4,3,7,4937,194,17.2,6111.0
744,20240329,2,2,6,6726,97,2.7,688.7
745,20240329,3,1,7,2949,61,23.9,1921.5
746,20240329,3,2,5,2496,88,20.1,563.2
747,20240330,4,1,3,5166,147,24.1,3351.6
748,20240330,3,1,6,2672,69,8.6,489.9
749,20240330,2,2,5,6492,188,39.4,1203.2
750,20240330,4,2,5,4683,97,38.7,620.8
751,20240330,4,2,7,4403,72,4.1,2268.0
752,20240330,3,3,8,2000,30,23.8,1017.0
753,20240331,2,1,5,6889,154,24.2,985.6
754,20240331,2,2,3,6021,210,42.4,4788.0
755,20240331,3,3,6,2225,86,12.3,610.6
756,20240331,3,1,4,3000,69,6.8,1731.9
757,20240331,4,3,2,4898,98,11.9,1391.6
758,20240331,3,3,8,2419,70,21.9,2373.0
759,20240331,1,3,7,3162,74,20.1,2331.0
760,20240331,1,1,1,3652,70,11.8,875.0
761,20240331,4,3,2,4772,166,7.0,2357.2
762,20240331,1,3,2,3405,88,5.0,1249.6
763,20240401,4,3,8,4135,57,20.5,1932.3
764,20240401,3,1,4,3068,84,10.3,2108.4
765,20240401,2,3,3,8060,269,6.8,6133.2
766,20240401,3,3,7,2717,51,66.7,1606.5
767,20240401,4,1,4,5483,185,23.3,4643.5
768,20240401,1,2,3,3252,128,16.1,2918.4
769,20240401,1,1,3,3562,138,71.4,3146.4
770,20240401,3,3,1,2239,113,17.0,1412.5
771,20240401,1,3,3,3218,117,4.6,2667.6
772,20240401,2,1,6,6014,121,62.8,859.1
773,20240402,2,3,1,7383,14,4.9,175.0
774,20240402,3,1,4,2135,111,6.4,2786.1
775,20240402,2,1,8,5329,202,20.1,6847.8
776,20240402,3,2,4,1997,97,6.0,2434.7
777,20240402,2,3,5,6362,186,25.2,1190.4
778,20240402,1,1,7,3128,107,6.9,3370.5
779,20240402,2,3,8,7147,221,10.7,7491.9
780,20240403,3,3,6,2042,61,5.8,433.1
781,20240403,2,1,6,6322,187,7.3,1327.7
782,20240403,4,2,5,4890,236,5.8,1510.4
783,20240403,2,3,3,6192,203,9.9,4628.4
784,20240403,1,3,2,3599,144,3.3,2044.8
785,20240403,4,3,7,4350,106,10.9,3339.0
786,20240403,3,3,1,2099,77,15.9,962.5
787,20240403,4,3,7,4619,153,0.0,4819.5
788,20240403,3,2,8,2897,5,6.3,169.5
789,20240404,4,1,7,5312,159,0.0,5008.5
790,20240404,3,3,2,2653,90,51.0,1278.0
791,20240404,4,1,4,5650,233,42.1,5848.3
792,20240404,4,1,6,4781,74,17.4,525.4
793,20240404,4,2,7,3301,38,0.0,1197.0
794,20240404,1,1,2,4078,140,0.3,1988.0
795,20240404,2,2,3,6614,295,30.6,6726.0
796,20240404,1,1,5,3386,97,44.3,620.8
797,20240404,4,2,1,5259,180,26.7,2250.0
798,20240404,2,2,7,4570,129,4.1,4063.5
799,20240404,3,1,5,2324,92,7.6,588.8
800,20240405,1,2,2,4051,158,13.9,2243.6
801,20240405,1,1,2,2794,102,13.2,1448.4
802,20240405,1,2,3,3443,117,12.1,2667.6
803,20240405,4,2,7,4505,56,29.0,1764.0
804,20240405,1,2,8,3929,125,29.9,4237.5
805,20240405,2,3,5,5316,100,13.8,640.0
806,20240405,3,2,1,2764,44,8.4,550.0
807,20240405,4,3,4,4450,128,0.0,3212.8
808,20240405,3,1,5,2885,89,122.6,569.6
809,20240406,2,1,6,7347,143,5.5,1015.3
810,20240406,1,3,2,3245,73,5.5,1036.6
811,20240406,2,1,1,6373,244,33.7,3050.0
812,20240406,4,3,3,4215,53,31.1,1208.4
813,20240406,2,3,6,6033,280,68.2,1988.0
814,20240406,4,3,1,4158,114,8.1,1425.0
815,20240406,3,2,6,2402,64,57.0,454.4
816,20240406,1,1,4,3991,54,1.3,1355.4
817,20240407,3,2,1,2856,70,7.5,875.0
818,20240407,1,3,4,3865,92,40.7,2309.2
819,20240407,4,1,5,3352,91,0.0,582.4
820,20240407,1,1,6,4247,118,7.7,837.8
821,20240407,3,2,1,2509,104,18.9,1300.0
822,20240407,3,2,1,3465,119,45.5,1487.5
823,20240407,3,3,3,2686,107,10.4,2439.6
824,20240407,3,3,8,2353,85,10.9,2881.5
825,20240407,1,1,1,3158,149,44.8,1862.5
826,20240407,4,2,1,3375,123,0.0,1537.5
827,20240408,2,1,2,4550,152,3.1,2158.4
828,20240408,1,3,7,3947,140,4.4,4410.0
829,20240408,3,2,2,2765,125,12.6,1775.0
830,20240408,4,1,5,4208,136,0.0,870.4
831,20240408,1,3,6,4189,102,5.6,724.2
832,20240408,4,2,3,4778,99,21.7,2257.2
833,20240408,4,3,6,4354,123,9.6,873.3
834,20240408,2,2,4,4881,184,1.5,4618.4
835,20240408,2,3,6,6576,358,0.2,2541.8
836,20240408,1,1,7,3481,63,11.7,1984.5
837,20240408,1,2,3,4546,154,10.3,3511.2
838,20240409,3,2,8,2601,111,19.4,3762.9
839,20240409,3,1,4,2542,90,13.7,2259.0
840,20240409,4,3,1,4011,181,27.2,2262.5
841,20240409,3,1,3,2487,57,67.2,1299.6
842,20240409,4,1,1,4604,204,0.0,2550.0
843,20240409,4,2,8,4822,182,19.0,6169.8
844,20240409,1,1,7,3538,176,13.1,5544.0
845,20240410,2,2,4,7193,178,17.7,4467.8
846,20240410,3,2,1,2897,93,30.3,1162.5
847,20240410,1,1,5,3494,137,22.7,876.8
848,20240410,4,2,7,3630,118,4.1,3717.0
849,20240410,4,3,8,4575,134,0.0,4542.6
850,20240410,4,1,7,5778,139,4.3,4378.5
851,20240410,3,1,7,3263,189,12.4,5953.5
852,20240411,3,3,8,2879,89,18.3,3017.1
853,20240411,1,3,7,3330,65,5.7,2047.5
854,20240411,3,2,1,2587,86,10.1,1075.0
855,20240411,4,3,7,4888,246,47.4,7749.0
856,20240411,1,3,8,3923,187,43.1,6339.3
857,20240411,2,2,1,6405,284,13.7,3550.0
858,20240411,2,3,6,5442,209,1.0,1483.9
859,20240412,1,1,7,3771,175,2.7,5512.5
860,20240412,3,3,2,2533,96,29.6,1363.2
861,20240412,3,2,2,2309,62,26.1,880.4
862,20240412,1,2,4,3246,162,22.9,4066.2
863,20240412,2,1,3,6879,337,11.3,7683.6
864,20240412,4,3,6,4353,100,7.3,710.0
865,20240412,1,3,5,3167,68,7.8,435.2
866,20240412,2,1,2,5368,203,38.9,2882.6
867,20240413,3,1,8,2257,34,42.6,1152.6
868,20240413,4,2,1,5570,129,9.0,1612.5
869,20240413,3,1,2,2918,111,2.1,1576.2
870,20240413,4,3,7,4806,92,0.0,2898.0
871,20240413,2,3,1,6408,236,15.7,2950.0
872,20240413,1,3,7,4192,120,6.4,3780.0
873,20240413,2,2,6,7647,66,53.6,468.6
874,20240414,2,1,5,5691,168,20.9,1075.2
875,20240414,1,2,8,3197,102,20.0,3457.8
876,20240414,3,2,1,2788,50,8.5,625.0
877,20240414,3,3,8,2480,96,21.7,3254.4
878,20240414,4,3,1,4248,8,0.0,100.0
879,20240414,4,3,5,5026,175,1.5,1120.0
880,20240414,4,1,6,4974,83,18.0,589.3
881,20240414,2,1,4,5740,213,2.0,5346.3
882,20240414,1,3,8,3631,81,12.5,2745.9
883,20240414,2,3,8,6401,183,4.4,6203.7
884,20240415,1,1,3,3821,64,13.7,1459.2
885,20240415,4,2,7,4118,77,7.1,2425.5
886,20240415,1,1,3,4349,94,59.8,2143.2
887,20240415,2,2,5,5502,174,1.3,1113.6
888,20240415,2,1,8,5276,237,6.7,8034.3
889,20240415,3,2,3,2146,84,19.5,1915.2
890,20240415,4,1,5,3672,55,17.8,352.0
891,20240415,4,1,2,4360,65,0.0,923.0
892,20240415,1,1,1,4173,183,3.0,2287.5
893,20240415,3,1,6,2999,124,30.3,880.4
894,20240416,3,1,2,2749,97,23.1,1377.4
895,20240416,4,2,2,5036,159,0.0,2257.8
896,20240416,4,3,4,5182,174,23.2,4367.4
897,20240416,3,1,8,2733,26,12.9,881.4
898,20240416,1,3,1,3684,128,9.2,1600.0
899,20240416,2,3,5,6695,256,10.9,1638.4
900,20240416,2,1,8,4510,139,12.8,4712.1
901,20240416,3,2,4,2605,102,9.0,2560.2
902,20240417,3,2,6,2436,64,12.7,454.4
903,20240417,2,3,5,5041,164,35.3,1049.6
904,20240417,3,3,2,2502,92,13.2,1306.4
905,20240417,3,3,7,2474,108,32.8,3402.0
906,20240417,1,2,2,3965,172,7.7,2442.4
907,20240417,4,2,3,4707,215,70.9,4902.0
908,20240417,1,2,2,4147,194,23.7,2754.8
909,20240418,1,3,8,3615,60,28.4,2034.0
910,20240418,1,3,2,4459,94,50.0,1334.8
911,20240418,1,3,7,3594,114,5.5,3591.0
912,20240418,1,3,6,3594,101,20.3,717.1
913,20240418,3,2,6,2880,71,56.7,504.1
914,20240418,1,2,5,3715,167,93.5,1068.8
915,20240418,4,1,3,4725,106,3.0,2416.8
916,20240418,2,1,7,5721,240,16.1,7560.0
917,20240419,2,1,1,5326,130,9.2,1625.0
918,20240419,3,3,3,2451,57,13.1,1299.6
919,20240419,1,1,7,3979,202,31.1,6363.0
920,20240419,1,3,6,3095,107,4.0,759.7
921,20240419,3,1,8,2754,112,9.6,3796.8
922,20240419,1,3,4,4038,114,1.8,2861.4
923,20240419,4,1,2,3592,81,31.7,1150.2
924,20240420,3,2,7,2420,71,11.5,2236.5
925,20240420,4,3,6,3848,69,7.9,489.9
926,20240420,4,1,1,4965,179,23.2,2237.5
927,20240420,4,2,8,3853,127,1.5,4305.3
928,20240420,1,2,4,3068,39,17.2,978.9
929,20240420,1,3,8,3216,147,1.5,4983.3
930,20240421,3,2,3,2128,60,20.9,1368.0
931,20240421,3,3,4,2868,122,39.1,3062.2
932,20240421,3,3,4,3081,125,49.6,3137.5
933,20240421,1,2,7,3766,39,66.8,1228.5
934,20240421,3,3,6,2503,68,14.7,482.8
935,20240421,2,1,8,6250,236,11.3,8000.4
936,20240421,1,3,7,3478,125,16.9,3937.5
937,20240421,2,3,8,5395,136,13.3,4610.4
938,20240422,2,2,7,6065,153,22.7,4819.5
939,20240422,1,3,2,3567,161,16.0,2286.2
940,20240422,2,3,8,5288,203,5.4,6881.7
941,20240422,2,3,4,5342,158,3.4,3965.8
942,20240422,3,3,5,2510,89,31.0,569.6
943,20240422,1,3,8,4800,137,31.6,4644.3
944,20240422,1,1,3,4055,160,13.2,3648.0
945,20240423,3,2,8,2291,71,10.9,2406.9
946,20240423,4,1,5,2805,75,8.2,480.0
947,20240423,2,3,4,7386,122,23.4,3062.2
948,20240423,1,2,1,3732,107,3.7,1337.5
949,20240423,3,1,2,2254,96,22.7,1363.2
950,20240423,1,1,7,3851,124,7.2,3906.0
951,20240424,3,2,3,2301,49,4.9,1117.2
952,20240424,3,3,4,2053,37,8.7,928.7
953,20240424,2,2,8,5796,169,8.2,5729.1
954,20240424,4,1,8,4391,151,41.9,5118.9
955,20240424,1,3,2,4269,194,19.9,2754.8
956,20240424,4,1,6,3874,18,64.8,127.8
957,20240424,2,3,8,7171,188,19.8,6373.2
958,20240425,3,1,4,2984,57,11.9,1430.7
959,20240425,1,3,2,3449,100,22.5,1420.0
960,20240425,3,2,8,2713,150,11.7,5085.0
961,20240425,2,2,7,5644,67,4.8,2110.5
962,20240425,4,1,1,4128,157,4.7,1962.5
963,20240425,1,1,3,3601,133,0.1,3032.4
964,20240426,2,1,6,6866,260,3.1,1846.0
965,20240426,1,2,4,4470,223,8.2,5597.3
966,20240426,3,2,5,2859,73,0.9,467.2
967,20240426,1,3,6,3054,111,12.4,788.1
968,20240426,3,1,8,3153,61,9.1,2067.9
969,20240426,1,3,8,3885,116,31.4,3932.4
970,20240426,3,1,1,2417,53,7.6,662.5
971,20240427,1,3,8,3639,147,6.1,4983.3
972,20240427,4,2,1,4243,85,0.3,1062.5
973,20240427,3,2,7,2245,48,5.7,1512.0
974,20240427,3,2,4,2629,76,21.4,1907.6
975,20240427,1,3,1,3604,125,22.5,1562.5
976,20240427,4,1,2,4217,43,0.0,610.6
977,20240427,4,1,1,5351,201,1.5,2512.5
978,20240427,3,1,5,2352,110,28.6,704.0
979,20240428,3,3,5,3255,78,12.3,499.2
980,20240428,3,1,6,3082,85,15.7,603.5
981,20240428,2,3,3,5562,238,0.1,5426.4
982,20240428,4,3,2,5114,67,12.6,951.4
983,20240428,3,2,8,2436,87,8.6,2949.3
984,20240428,3,1,1,2642,84,34.2,1050.0
985,20240428,4,1,1,4100,73,5.7,912.5
986,20240428,1,1,3,2854,101,1.4,2302.8
987,20240428,1,2,7,4025,106,21.7,3339.0
988,20240428,1,1,3,3665,150,4.2,3420.0
989,20240429,1,1,2,4333,157,9.1,2229.4
990,20240429,3,1,1,2966,63,1.0,787.5
991,20240429,1,3,4,3823,135,26.0,3388.5
992,20240429,4,2,7,4626,196,3.7,6174.0
993,20240429,1,3,4,4581,150,9.9,3765.0
994,20240429,1,3,2,3951,140,17.1,1988.0
995,20240429,1,2,4,3405,104,28.9,2610.4
996,20240429,1,1,4,3671,111,8.3,2786.1
997,20240429,1,3,5,3636,131,7.8,838.4
998,20240429,2,1,7,5377,262,8.4,8253.0
999,20240430,4,2,1,3847,83,21.9,1037.5
1000,20240430,2,2,7,6718,217,36.4,6835.5
1001,20240430,2,1,6,5217,186,25.0,1320.6
1002,20240430,2,1,4,6861,351,7.9,8810.1
1003,20240430,3,3,1,2870,118,4.1,1475.0
1004,20240430,1,2,5,3332,156,27.8,998.4
1005,20240501,3,2,3,2281,124,13.4,2827.2
1006,20240501,4,2,5,5425,229,20.5,1465.6
1007,20240501,1,3,4,3633,69,2.0,1731.9
1008,20240501,4,3,4,4265,106,3.1,2660.6
1009,20240501,4,3,1,5091,140,1.2,1750.0
1010,20240501,1,2,3,4303,163,5.9,3716.4
1011,20240501,2,1,6,6011,107,1.6,759.7
1012,20240501,3,3,4,2349,101,32.3,2535.1
1013,20240501,1,2,1,4072,190,4.8,2375.0
1014,20240501,4,2,4,4292,83,8.0,2083.3
1015,20240502,1,1,2,3630,59,29.6,837.8
1016,20240502,4,3,1,5013,83,11.3,1037.5
1017,20240502,1,3,6,3196,80,26.9,568.0
1018,20240502,2,3,3,5440,88,60.9,2006.4
1019,20240502,4,2,5,3808,72,9.3,460.8
1020,20240502,2,1,8,5681,226,13.3,7661.4
1021,20240503,4,1,3,3742,28,0.0,638.4
1022,20240503,1,1,1,4108,211,38.0,2637.5
1023,20240503,4,1,5,4001,140,11.3,896.0
1024,20240503,2,2,4,6281,417,4.5,10466.7
1025,20240503,1,2,4,3970,109,9.1,2735.9
1026,20240503,4,1,1,4577,109,0.0,1362.5
1027,20240503,2,1,4,5002,146,0.3,3664.6
1028,20240503,3,1,5,2523,99,2.3,633.6
1029,20240503,3,2,8,2971,103,2.6,3491.7
1030,20240504,1,2,6,4172,83,0.9,589.3
1031,20240504,1,2,4,3887,118,59.6,2961.8
1032,20240504,3,1,7,2562,49,12.7,1543.5
1033,20240504,4,3,7,4972,196,6.4,6174.0
1034,20240504,2,1,1,6240,221,8.1,2762.5
1035,20240504,4,2,7,3858,137,0.0,4315.5
1036,20240504,3,3,2,3076,55,0.6,781.0
1037,20240505,3,2,5,2575,104,10.7,665.6
1038,20240505,1,3,3,3287,117,3.1,2667.6
1039,20240505,4,2,8,4222,166,46.6,5627.4
1040,20240505,3,3,1,2933,33,4.6,412.5
1041,20240505,1,3,8,4711,214,67.9,7254.6
1042,20240505,2,3,8,6190,136,6.0,4610.4
1043,20240505,4,1,3,4237,169,7.1,3853.2
1044,20240505,1,2,4,3027,80,2.3,2008.0
1045,20240506,3,1,6,2379,132,10.5,937.2
1046,20240506,3,1,8,2490,33,28.6,1118.7
1047,20240506,2,2,1,4726,123,4.7,1537.5
1048,20240506,3,1,2,2934,84,14.5,1192.8
1049,20240506,2,3,3,5743,251,0.6,5722.8
1050,20240506,2,2,5,6621,221,13.7,1414.4
1051,20240506,4,1,2,5152,171,20.8,2428.2
1052,20240506,3,1,1,2392,23,22.1,287.5
1053,20240506,4,1,6,4225,165,4.5,1171.5
1054,20240507,1,1,7,3946,89,1.3,2803.5
1055,20240507,2,3,6,6343,177,16.6,1256.7
1056,20240507,4,2,6,4206,157,16.0,1114.7
1057,20240507,2,3,4,4822,53,3.4,1330.3
1058,20240507,1,2,7,3378,130,60.0,4095.0
1059,20240507,2,2,1,6085,119,5.3,1487.5
1060,20240507,4,1,3,4378,212,0.0,4833.6
1061,20240508,3,3,7,2897,39,10.3,1228.5
1062,20240508,1,2,3,4126,91,21.0,2074.8
1063,20240508,2,2,7,5854,336,39.7,10584.0
1064,20240508,4,1,3,4916,243,11.2,5540.4
1065,20240508,2,2,7,6121,127,16.0,4000.5
1066,20240508,2,1,7,6606,220,10.0,6930.0
1067,20240508,3,1,4,2535,83,35.6,2083.3
1068,20240508,4,2,8,4400,119,12.8,4034.1
1069,20240508,3,2,1,2342,94,16.9,1175.0
1070,20240509,3,2,1,2090,43,9.2,537.5
1071,20240509,3,2,8,2712,87,12.1,2949.3
1072,20240509,1,2,8,3389,95,53.5,3220.5
1073,20240509,4,2,4,3864,93,3.6,2334.3
1074,20240509,2,2,3,5682,189,32.8,4309.2
1075,20240509,2,1,1,6950,95,14.2,1187.5
1076,20240509,1,3,3,4056,128,14.3,2918.4
1077,20240509,4,2,6,4432,14,1.9,99.4
1078,20240509,2,2,5,5998,165,1.9,1056.0
1079,20240510,3,2,1,2832,102,20.5,1275.0
1080,20240510,1,1,4,3506,106,27.6,2660.6
1081,20240510,2,3,6,6334,127,5.4,901.7
1082,20240510,4,2,7,3945,91,0.0,2866.5
1083,20240510,4,3,5,3577,119,0.0,761.6
1084,20240510,4,3,5,4637,159,33.9,1017.6
1085,20240510,3,3,7,3149,87,5.7,2740.5
1086,20240510,2,1,5,5465,172,3.5,1100.8
1087,20240510,3,2,4,3007,119,27.4,2986.9
1088,20240510,3,2,2,2715,84,0.7,1192.8
1089,20240511,4,2,3,3545,102,48.1,2325.6
1090,20240511,4,2,3,4880,115,33.9,2622.0
1091,20240511,2,2,5,6246,184,14.7,1177.6
1092,20240511,1,3,5,3761,103,14.8,659.2
1093,20240511,2,2,3,6360,138,25.7,3146.4
1094,20240511,1,3,1,3475,93,12.4,1162.5
1095,20240511,2,3,6,5279,222,7.0,1576.2
1096,20240511,2,3,6,7108,175,15.7,1242.5
1097,20240511,3,1,5,2676,58,5.1,371.2
1098,20240511,4,2,8,4355,141,0.0,4779.9
1099,20240511,4,1,2,3605,183,13.5,2598.6
1100,20240512,3,3,2,2277,74,9.0,1050.8
1101,20240512,4,1,2,5036,207,56.4,2939.4
1102,20240512,1,1,6,3919,192,1.7,1363.2
1103,20240512,3,2,1,3063,94,26.6,1175.0
1104,20240512,3,1,3,2917,105,20.0,2394.0
1105,20240512,1,1,5,3921,196,2.3,1254.4
1106,20240512,1,1,4,4906,118,80.7,2961.8
1107,20240512,2,3,5,6807,237,49.7,1516.8
1108,20240512,2,3,3,5788,141,6.4,3214.8
1109,20240512,1,2,2,3641,45,11.8,639.0
1110,20240513,1,1,8,3351,136,1.9,4610.4
1111,20240513,4,1,8,4547,97,0.0,3288.3
1112,20240513,3,2,7,2894,81,16.2,2551.5
1113,20240513,4,3,6,5515,168,34.8,1192.8
1114,20240513,1,2,2,3199,66,14.3,937.2
1115,20240513,4,2,1,4162,106,17.0,1325.0
1116,20240513,1,2,8,2740,130,17.4,4407.0
1117,20240513,3,3,8,2573,120,44.8,4068.0
1118,20240514,3,2,5,2771,90,23.2,576.0
1119,20240514,4,2,1,4090,121,9.0,1512.5
1120,20240514,2,2,4,5893,251,69.8,6300.1
1121,20240514,4,3,4,4720,121,39.5,3037.1
1122,20240514,1,2,1,4418,90,5.2,1125.0
1123,20240514,4,3,1,3739,119,12.6,1487.5
1124,20240514,4,2,5,3904,146,0.0,934.4
1125,20240514,3,1,5,2680,56,54.8,358.4
1126,20240514,4,2,6,5580,219,59.7,1554.9
1127,20240514,4,2,7,5529,114,0.0,3591.0
1128,20240515,2,1,7,7438,326,14.3,10269.0
1129,20240515,4,2,5,4594,123,19.4,787.2
1130,20240515,4,3,8,4755,132,50.5,4474.8
1131,20240515,1,1,4,3544,177,32.7,4442.7
1132,20240515,3,3,4,3343,82,5.7,2058.2
1133,20240515,1,2,5,3378,116,15.9,742.4
1134,20240516,3,2,8,2506,66,10.1,2237.4
1135,20240516,2,2,5,6391,225,15.8,1440.0
1136,20240516,4,1,3,3573,84,0.0,1915.2
1137,20240516,1,3,6,3312,103,5.9,731.3
1138,20240516,3,3,2,2693,168,10.2,2385.6
1139,20240516,4,3,7,4256,142,1.2,4473.0
1140,20240516,1,2,2,3851,136,22.8,1931.2
1141,20240516,1,2,7,3452,121,7.2,3811.5
1142,20240516,4,1,4,3581,118,12.2,2961.8
1143,20240517,4,2,6,4651,96,0.0,681.6
1144,20240517,4,3,2,3870,139,3.5,1973.8
1145,20240517,3,1,2,2505,37,24.3,525.4
1146,20240517,2,1,4,6316,277,52.2,6952.7
1147,20240517,1,2,1,3540,102,0.2,1275.0
1148,20240517,1,2,5,4888,141,1.8,902.4
1149,20240518,1,3,1,3386,33,19.9,412.5
1150,20240518,1,1,2,3171,87,0.2,1235.4
1151,20240518,4,2,1,4276,129,0.0,1612.5
1152,20240518,1,2,5,3727,124,33.7,793.6
1153,20240518,2,1,6,6401,106,34.7,752.6
1154,20240518,3,3,5,3097,98,10.2,627.2
1155,20240518,2,1,4,6064,224,3.3,5622.4
1156,20240518,4,1,2,4303,134,0.4,1902.8
1157,20240518,3,2,6,2735,72,2.5,511.2
1158,20240518,3,1,7,1846,78,5.6,2457.0
1159,20240519,2,3,2,5497,65,9.2,923.0
1160,20240519,4,1,5,4699,143,14.7,915.2
1161,20240519,1,3,6,3820,165,5.2,1171.5
1162,20240519,2,1,7,5679,147,0.1,4630.5
1163,20240519,4,2,1,4064,93,0.0,1162.5
1164,20240519,1,3,1,3593,175,16.3,2187.5
1165,20240519,2,2,4,5203,238,4.3,5973.8
1166,20240519,1,2,1,3553,110,15.2,1375.0
1167,20240519,1,2,1,4450,153,33.0,1912.5
1168,20240520,1,2,5,3672,82,8.4,524.8
1169,20240520,2,2,8,7365,99,1.0,3356.1
1170,20240520,4,2,6,4222,94,14.1,667.4
1171,20240520,1,3,2,3586,104,1.5,1476.8
1172,20240520,4,1,8,5004,165,7.0,5593.5
1173,20240520,2,2,5,5499,227,25.4,1452.8
1174,20240520,4,2,1,4565,94,0.0,1175.0
1175,20240520,2,1,2,5370,170,3.1,2414.0
1176,20240521,4,1,4,3175,81,0.0,2033.1
1177,20240521,1,2,5,2896,134,2.4,857.6
1178,20240521,2,2,2,6339,169,18.9,2399.8
1179,20240521,3,2,3,2287,54,8.0,1231.2
1180,20240521,2,3,1,5740,145,33.3,1812.5
1181,20240521,2,2,3,5270,45,3.3,1026.0
1182,20240522,4,2,7,3608,104,4.2,3276.0
1183,20240522,4,3,7,4081,171,0.0,5386.5
1184,20240522,4,1,8,4238,91,0.0,3084.9
1185,20240522,2,3,8,6500,122,4.6,4135.8
1186,20240522,1,2,6,3733,67,5.4,475.7
1187,20240522,3,1,5,2170,116,6.9,742.4
1188,20240522,4,2,8,4041,118,27.7,4000.2
1189,20240523,3,2,6,2066,84,4.4,596.4
1190,20240523,1,1,5,4085,136,24.8,870.4
1191,20240523,1,3,5,3847,105,3.5,672.0
1192,20240523,2,2,2,6660,173,4.3,2456.6
1193,20240523,2,2,1,5377,89,3.2,1112.5
1194,20240523,2,2,4,5918,289,20.5,7253.9
1195,20240523,4,1,7,5461,113,8.3,3559.5
1196,20240523,3,3,4,2383,37,8.5,928.7
1197,20240523,4,2,7,4463,74,20.0,2331.0
1198,20240523,3,1,2,2615,91,4.0,1292.2
1199,20240524,1,3,6,3722,106,2.1,752.6
1200,20240524,2,3,1,5095,127,5.7,1587.5
1201,20240524,4,2,2,3667,108,4.5,1533.6
1202,20240524,2,2,4,5526,90,57.9,2259.0
1203,20240524,3,1,2,2537,122,1.1,1732.4
1204,20240524,2,1,2,5220,89,12.5,1263.8
1205,20240524,4,3,5,3402,155,17.6,992.0
1206,20240525,1,3,5,4404,238,30.2,1523.2
1207,20240525,1,3,8,2650,83,17.1,2813.7
1208,20240525,3,2,3,2169,115,0.2,2622.0
1209,20240525,1,2,1,3451,112,3.4,1400.0
1210,20240525,4,2,2,3695,112,33.8,1590.4
1211,20240525,4,1,2,4336,163,108.7,2314.6
1212,20240525,3,3,8,2631,37,46.9,1254.3
1213,20240525,4,1,7,4449,88,29.2,2772.0
1214,20240525,4,3,8,4066,117,0.0,3966.3
1215,20240526,3,1,8,2578,101,0.2,3423.9
1216,20240526,1,2,4,3725,111,26.0,2786.1
1217,20240526,4,3,1,4449,127,0.0,1587.5
1218,20240526,1,2,3,3941,218,10.6,4970.4
1219,20240526,2,2,2,6171,89,71.7,1263.8
1220,20240526,3,2,1,2898,73,6.1,912.5
1221,20240526,3,3,2,2951,88,3.6,1249.6
1222,20240526,1,2,1,3732,121,3.3,1512.5
1223,20240526,3,1,8,2366,125,3.9,4237.5
1224,20240527,2,2,7,5339,37,31.3,1165.5
1225,20240527,2,3,2,5632,127,13.4,1803.4
1226,20240527,1,3,7,3954,134,2.9,4221.0
1227,20240527,4,2,8,3989,144,14.9,4881.6
1228,20240527,1,3,5,3483,139,11.1,889.6
1229,20240527,3,1,7,3090,62,46.5,1953.0
1230,20240527,2,1,1,6574,91,21.9,1137.5
1231,20240527,4,3,1,5266,278,14.4,3475.0
1232,20240527,2,3,2,6665,47,36.4,667.4
1233,20240527,2,3,8,4722,105,8.2,3559.5
1234,20240527,4,2,6,5062,33,0.0,234.3
1235,20240528,4,2,8,4712,193,0.0,6542.7
1236,20240528,3,2,5,2155,52,15.2,332.8
1237,20240528,3,3,5,2957,132,20.2,844.8
1238,20240528,3,3,1,2215,64,3.7,800.0
1239,20240528,1,2,1,4624,94,62.7,1175.0
1240,20240528,1,2,8,3934,149,1.2,5051.1
1241,20240529,3,3,7,2448,86,19.0,2709.0
1242,20240529,2,1,3,6537,222,4.8,5061.6
1243,20240529,1,1,7,3145,92,18.2,2898.0
1244,20240529,1,1,3,4122,37,10.7,843.6
1245,20240529,3,3,7,2447,53,12.8,1669.5
1246,20240529,2,3,3,6790,106,15.0,2416.8
1247,20240529,2,1,5,6279,125,4.7,800.0
1248,20240530,1,3,1,4204,56,3.2,700.0
1249,20240530,1,2,6,3567,135,29.5,958.5
1250,20240530,1,2,7,3014,20,6.6,630.0
1251,20240530,3,3,3,2686,48,11.8,1094.4
1252,20240530,4,2,5,5466,195,21.3,1248.0
1253,20240530,4,3,3,4589,114,7.9,2599.2
1254,20240530,3,2,1,2371,121,26.5,1512.5
1255,20240531,3,3,8,2770,88,7.3,2983.2
1256,20240531,1,3,8,3394,137,39.5,4644.3
1257,20240531,4,1,8,4340,60,27.2,2034.0
1258,20240531,1,3,4,4092,189,15.7,4743.9
1259,20240531,3,3,8,2189,73,37.6,2474.7
1260,20240531,1,1,6,4633,165,4.9,1171.5
1261,20240531,2,3,4,6470,178,1.8,4467.8
1262,20240531,4,1,6,4548,171,23.6,1214.1
1263,20240531,1,1,2,3779,92,11.3,1306.4
1264,20240601,4,1,5,4602,143,1.0,915.2
1265,20240601,1,3,5,3012,85,8.5,544.0
1266,20240601,4,1,3,4371,142,15.4,3237.6
1267,20240601,2,1,8,6453,146,9.2,4949.4
1268,20240601,2,1,4,4946,124,11.0,3112.4
1269,20240601,3,1,1,2406,110,11.8,1375.0
1270,20240601,1,2,1,3404,76,9.9,950.0
1271,20240601,4,2,2,4588,102,10.2,1448.4
1272,20240602,4,2,6,5328,20,34.5,142.0
1273,20240602,4,3,3,3476,92,28.6,2097.6
1274,20240602,3,1,8,3348,163,22.0,5525.7
1275,20240602,4,2,1,5307,200,13.5,2500.0
1276,20240602,3,3,3,2223,62,1.3,1413.6
1277,20240602,2,3,1,4745,115,40.7,1437.5
1278,20240603,4,2,7,4960,125,5.9,3937.5
1279,20240603,3,3,7,2242,4,35.8,126.0
1280,20240603,3,1,1,2318,56,2.5,700.0
1281,20240603,2,2,5,5194,84,4.7,537.6
1282,20240603,2,3,3,6029,86,9.7,1960.8
1283,20240603,4,1,4,4052,144,38.2,3614.4
1284,20240603,1,3,8,3623,87,88.8,2949.3
1285,20240603,3,1,5,2052,87,30.9,556.8
1286,20240603,3,2,4,2609,133,1.6,3338.3
1287,20240603,3,2,7,2373,54,7.4,1701.0
1288,20240604,4,2,1,5185,130,22.7,1625.0
1289,20240604,2,2,3,6206,114,4.0,2599.2
1290,20240604,1,1,7,4392,132,2.4,4158.0
1291,20240604,4,1,1,4254,164,25.6,2050.0
1292,20240604,3,3,3,3114,43,5.0,980.4
1293,20240604,1,1,2,3417,183,2.2,2598.6
1294,20240604,4,1,2,4350,120,18.4,1704.0
1295,20240604,4,3,6,5431,56,0.0,397.6
1296,20240604,3,1,2,2369,45,12.5,639.0
1297,20240605,1,2,3,3448,102,13.1,2325.6
1298,20240605,1,3,1,3880,114,20.0,1425.0
1299,20240605,3,1,4,2877,152,2.4,3815.2
1300,20240605,3,3,6,1887,69,45.9,489.9
1301,20240605,1,3,2,4475,149,7.3,2115.8
1302,20240605,2,1,4,5055,165,0.7,4141.5
1303,20240605,4,1,4,5107,52,1.1,1305.2
1304,20240606,4,2,7,5096,10,36.2,315.0
1305,20240606,2,1,4,7221,116,7.8,2911.6
1306,20240606,2,3,6,6817,296,0.5,2101.6
1307,20240606,1,3,6,3541,116,25.8,823.6
1308,20240606,4,3,6,4157,100,0.0,710.0
1309,20240606,4,3,6,3135,87,20.0,617.7
1310,20240607,4,1,4,4946,97,0.6,2434.7
1311,20240607,4,2,3,4686,65,9.0,1482.0
1312,20240607,3,1,7,2366,78,3.8,2457.0
1313,20240607,3,3,4,2418,86,3.8,2158.6
1314,20240607,4,2,2,3741,127,28.8,1803.4
1315,20240607,4,2,4,5376,142,33.2,3564.2
1316,20240607,2,1,7,6878,348,2.3,10962.0
1317,20240607,1,1,6,3327,112,3.5,795.2
1318,20240607,3,1,7,2605,101,9.4,3181.5
1319,20240607,4,3,8,4185,73,7.0,2474.7
1320,20240607,4,3,7,4355,111,0.0,3496.5
1321,20240608,2,1,6,7177,210,13.3,1491.0
1322,20240608,3,1,1,2730,151,11.4,1887.5
1323,20240608,1,2,6,3640,158,3.3,1121.8
1324,20240608,3,2,5,2511,89,12.3,569.6
1325,20240608,2,3,1,5735,223,15.9,2787.5
1326,20240608,2,1,5,6553,247,4.8,1580.8
1327,20240608,3,3,6,2766,72,23.2,511.2
1328,20240608,2,3,1,7167,147,0.7,1837.5
1329,20240609,4,1,2,5527,150,72.4,2130.0
1330,20240609,2,3,5,6218,141,4.1,902.4
1331,20240609,3,2,5,2167,67,53.1,428.8
1332,20240609,4,1,6,4464,189,26.6,1341.9
1333,20240609,1,1,6,4327,131,23.5,930.1
1334,20240609,2,2,7,5669,96,3.9,3024.0
1335,20240609,4,1,7,5091,221,5.7,6961.5
1336,20240610,4,2,7,4884,173,0.0,5449.5
1337,20240610,4,2,8,5030,143,24.4,4847.7
1338,20240610,3,2,6,2757,98,22.5,695.8
1339,20240610,4,3,7,3543,49,1.3,1543.5
1340,20240610,4,3,5,4384,202,0.0,1292.8
1341,20240610,3,1,5,2220,65,8.1,416.0
1342,20240610,4,1,4,4928,119,28.4,2986.9
1343,20240610,2,3,6,5654,262,54.3,1860.2
1344,20240611,1,2,4,3520,7,3.7,175.7
1345,20240611,1,2,5,3108,61,0.2,390.4
1346,20240611,1,1,6,3714,94,1.2,667.4
1347,20240611,3,2,8,2412,78,14.2,2644.2
1348,20240611,3,3,4,3347,106,3.6,2660.6
1349,20240611,2,1,1,5836,219,22.9,2737.5
1350,20240611,1,2,1,3539,155,9.2,1937.5
1351,20240611,1,2,3,3713,130,8.4,2964.0
1352,20240611,4,1,4,3807,59,37.6,1480.9
1353,20240611,1,3,7,4136,133,65.3,4189.5
1354,20240612,3,3,7,2423,49,36.7,1543.5
1355,20240612,1,3,8,2853,65,10.8,2203.5
1356,20240612,1,2,7,3594,129,1.2,4063.5
1357,20240612,1,1,6,3332,149,8.5,1057.9
1358,20240612,2,1,6,5662,285,2.8,2023.5
1359,20240612,1,2,3,3212,54,16.4,1231.2
1360,20240612,1,1,1,3862,63,43.8,787.5
1361,20240612,4,1,1,4371,76,6.0,950.0
1362,20240612,3,1,5,2469,35,8.8,224.0
1363,20240613,3,1,7,2438,80,11.2,2520.0
1364,20240613,3,2,4,2718,126,48.2,3162.6
1365,20240613,2,1,6,5745,156,5.7,1107.6
1366,20240613,1,1,4,3449,51,27.1,1280.1
1367,20240613,4,1,6,3377,104,0.8,738.4
1368,20240613,2,3,7,5705,224,5.1,7056.0
1369,20240613,3,1,4,2278,125,6.4,3137.5
1370,20240613,2,1,1,4253,256,10.5,3200.0
1371,20240613,2,2,5,5976,11,37.5,70.4
1372,20240614,2,1,7,5636,160,20.7,5040.0
1373,20240614,1,3,1,4243,112,3.8,1400.0
1374,20240614,2,2,1,7334,359,8.3,4487.5
1375,20240614,4,2,8,4181,113,9.4,3830.7
1376,20240614,4,3,5,4065,127,2.9,812.8
1377,20240614,2,3,7,6343,119,14.0,3748.5
1378,20240614,3,1,5,2810,101,5.1,646.4
1379,20240614,2,3,6,4287,203,26.6,1441.3
1380,20240614,3,3,4,2004,98,68.6,2459.8
1381,20240615,4,2,3,5421,99,63.7,2257.2
1382,20240615,3,2,6,2690,121,10.6,859.1
1383,20240615,3,3,2,2398,125,3.7,1775.0
1384,20240615,2,2,3,6073,126,6.2,2872.8
1385,20240615,3,1,6,2537,101,25.2,717.1
1386,20240615,3,3,8,2997,118,10.8,4000.2
1387,20240615,4,2,6,4228,69,0.0,489.9
1388,20240615,4,3,2,3602,170,27.5,2414.0
1389,20240616,3,3,7,2959,90,4.3,2835.0
1390,20240616,3,2,6,2311,70,9.8,497.0
1391,20240616,2,3,8,5639,204,15.6,6915.6
1392,20240616,4,3,1,4316,224,0.0,2800.0
1393,20240616,4,1,3,4971,178,5.8,4058.4
1394,20240616,1,3,7,3433,140,19.9,4410.0
1395,20240616,2,3,3,5413,112,5.2,2553.6
1396,20240616,4,3,1,4812,164,3.2,2050.0
1397,20240617,2,1,2,7666,247,9.8,3507.4
1398,20240617,3,2,1,2136,109,12.6,1362.5
1399,20240617,2,2,4,4942,145,3.2,3639.5
1400,20240617,1,3,4,4547,14,12.9,351.4
1401,20240617,2,3,4,5003,162,14.2,4066.2
1402,20240617,4,1,1,4333,143,40.6,1787.5
1403,20240617,4,1,2,4487,146,31.4,2073.2
1404,20240617,2,2,4,5788,186,38.3,4668.6
1405,20240617,1,3,2,3836,155,29.6,2201.0
1406,20240618,2,2,5,6420,117,1.2,748.8
1407,20240618,4,2,2,4461,180,19.5,2556.0
1408,20240618,2,3,8,6390,148,25.2,5017.2
1409,20240618,3,2,5,2279,112,4.6,716.8
1410,20240618,1,1,7,3872,55,2.4,1732.5
1411,20240618,4,1,4,4714,110,0.0,2761.0
1412,20240619,1,3,4,3979,172,40.5,4317.2
1413,20240619,3,2,1,2432,56,18.4,700.0
1414,20240619,2,3,6,6950,309,9.3,2193.9
1415,20240619,1,1,3,4193,172,50.2,3921.6
1416,20240619,4,2,6,3456,38,5.2,269.8
1417,20240619,3,1,3,2736,48,27.8,1094.4
1418,20240619,4,2,1,4690,218,9.8,2725.0
1419,20240619,3,2,8,2154,73,14.4,2474.7
1420,20240619,4,3,4,3441,132,11.8,3313.2
1421,20240619,1,3,2,4039,162,2.6,2300.4
1422,20240620,2,2,1,6526,154,18.3,1925.0
1423,20240620,2,1,1,6020,157,9.9,1962.5
1424,20240620,2,1,6,5763,168,92.1,1192.8
1425,20240620,3,2,8,2421,105,0.6,3559.5
1426,20240620,4,2,4,4768,106,13.5,2660.6
1427,20240620,4,3,5,3771,134,0.0,857.6
1428,20240621,1,2,3,3264,84,6.3,1915.2
1429,20240621,4,2,4,4675,166,105.9,4166.6
1430,20240621,3,1,7,2803,50,9.0,1575.0
1431,20240621,2,2,6,6249,160,0.4,1136.0
1432,20240621,4,2,3,4369,143,9.5,3260.4
1433,20240621,4,3,6,4461,173,2.1,1228.3
1434,20240621,4,3,6,4470,124,75.6,880.4
1435,20240622,1,2,1,3085,103,17.7,1287.5
1436,20240622,3,1,5,2910,64,4.3,409.6
1437,20240622,4,2,3,4931,172,0.0,3921.6
1438,20240622,3,2,2,2555,34,41.1,482.8
1439,20240622,3,2,5,3045,84,12.0,537.6
1440,20240622,2,3,8,5802,193,13.7,6542.7
1441,20240622,4,3,2,4267,8,2.9,113.6
1442,20240623,4,1,1,4621,100,38.8,1250.0
1443,20240623,4,1,3,4459,131,8.0,2986.8
1444,20240623,3,2,1,2913,28,4.9,350.0
1445,20240623,4,3,6,4777,246,0.0,1746.6
1446,20240623,4,2,3,4795,213,0.0,4856.4
1447,20240623,3,1,5,2212,86,17.1,550.4
1448,20240623,4,3,6,4623,57,4.4,404.7
1449,20240624,2,2,4,6401,177,19.6,4442.7
1450,20240624,4,2,2,4352,216,0.0,3067.2
1451,20240624,3,1,7,2662,126,2.5,3969.0
1452,20240624,3,2,3,2546,72,41.9,1641.6
1453,20240624,3,1,1,2895,126,20.0,1575.0
1454,20240624,4,1,7,4401,98,24.4,3087.0
1455,20240624,3,2,1,2434,99,5.6,1237.5
1456,20240624,1,2,4,3689,158,19.4,3965.8
1457,20240624,3,2,5,2214,61,14.4,390.4
1458,20240624,1,2,6,4439,183,19.4,1299.3
1459,20240625,1,2,1,3771,92,22.0,1150.0
1460,20240625,4,2,3,3296,169,6.2,3853.2
1461,20240625,4,1,6,5473,143,2.4,1015.3
1462,20240625,1,3,2,3585,110,15.0,1562.0
1463,20240625,1,2,3,3970,147,3.9,3351.6
1464,20240625,2,2,4,6149,179,5.1,4492.9
1465,20240625,4,1,6,4687,77,6.2,546.7
1466,20240626,2,1,2,5225,95,36.0,1349.0
1467,20240626,2,2,4,6236,333,1.6,8358.3
1468,20240626,1,3,8,4069,125,2.0,4237.5
1469,20240626,1,2,6,3438,161,24.1,1143.1
1470,20240626,1,2,2,3950,197,0.9,2797.4
1471,20240626,1,1,6,3515,114,25.0,809.4
1472,20240626,4,1,8,4472,98,26.5,3322.2
1473,20240627,2,3,2,6242,236,7.7,3351.2
1474,20240627,3,1,5,2361,76,26.6,486.4
1475,20240627,4,1,6,4510,166,0.0,1178.6
1476,20240627,3,2,5,2183,67,30.0,428.8
1477,20240627,2,1,2,6368,62,10.8,880.4
1478,20240627,1,1,5,4331,73,41.3,467.2
1479,20240628,1,1,5,3889,141,15.4,902.4
1480,20240628,4,1,3,4265,28,0.0,638.4
1481,20240628,2,2,4,7663,152,7.5,3815.2
1482,20240628,2,3,3,4120,114,5.2,2599.2
1483,20240628,4,3,7,4522,141,0.3,4441.5
1484,20240628,1,3,1,3193,95,31.9,1187.5
1485,20240629,1,1,2,3082,66,6.1,937.2
1486,20240629,4,3,2,5599,251,7.0,3564.2
1487,20240629,2,1,5,7008,86,12.1,550.4
1488,20240629,2,3,6,5964,167,15.8,1185.7
1489,20240629,1,2,6,3444,40,14.4,284.0
1490,20240629,2,3,4,5163,152,2.6,3815.2
1491,20240629,3,2,6,2384,70,6.0,497.0
1492,20240629,1,1,7,3640,105,5.9,3307.5
1493,20240629,2,1,3,5588,278,3.8,6338.4
1494,20240630,3,2,1,3225,111,34.8,1387.5
1495,20240630,3,1,2,2063,84,4.5,1192.8
1496,20240630,3,1,7,3152,126,24.6,3969.0
1497,20240630,2,1,8,5549,235,35.0,7966.5
1498,20240630,4,3,2,4718,197,0.0,2797.4
1499,20240630,1,1,7,3299,122,5.3,3843.0
1500,20240630,1,1,5,2942,141,2.1,902.4
1501,20240630,2,3,8,5574,240,41.6,8136.0
1502,20240630,2,2,6,5681,247,33.0,1753.7
1503,20240630,1,2,4,3037,132,4.4,3313.2
1504,20240701,3,2,4,2344,69,2.8,1731.9
1505,20240701,2,2,3,5949,187,16.3,4263.6
1506,20240701,3,1,6,2994,96,18.7,681.6
1507,20240701,1,2,8,3992,211,1.1,7152.9
1508,20240701,3,3,8,2858,61,14.5,2067.9
1509,20240701,3,3,6,2315,73,20.8,518.3
1510,20240701,1,3,4,3806,64,61.0,1606.4
1511,20240701,1,3,8,3725,113,4.0,3830.7
1512,20240701,1,1,4,4346,118,13.9,2961.8
1513,20240702,3,3,3,2674,84,43.3,1915.2
1514,20240702,1,3,6,3541,154,0.6,1093.4
1515,20240702,4,3,6,4278,73,10.8,518.3
1516,20240702,1,1,3,4203,76,7.4,1732.8
1517,20240702,3,1,1,2654,95,17.3,1187.5
1518,20240702,2,3,8,6071,211,7.3,7152.9
1519,20240702,3,1,5,2978,122,72.2,780.8
1520,20240702,4,2,8,4386,108,0.0,3661.2
1521,20240702,4,3,2,3832,127,22.4,1803.4
1522,20240702,4,3,7,4205,144,0.0,4536.0
1523,20240703,4,1,8,4768,74,83.8,2508.6
1524,20240703,1,2,3,3241,73,43.0,1664.4
1525,20240703,4,2,7,5142,255,1.3,8032.5
1526,20240703,2,3,6,3984,123,23.5,873.3
1527,20240703,4,3,8,4121,87,0.0,2949.3
1528,20240703,3,3,6,2119,91,39.6,646.1
1529,20240703,3,3,6,2400,96,0.2,681.6
1530,20240703,3,1,6,2570,109,5.7,773.9
1531,20240704,1,3,8,3624,156,3.6,5288.4
1532,20240704,3,1,3,2604,49,13.6,1117.2
1533,20240704,4,3,1,3866,171,0.0,2137.5
1534,20240704,4,3,7,4740,133,0.0,4189.5
1535,20240704,1,3,5,4019,52,3.0,332.8
1536,20240704,4,1,8,5302,115,48.8,3898.5
1537,20240704,3,1,2,3292,61,6.2,866.2
1538,20240704,4,3,6,4250,111,7.5,788.1
1539,20240704,4,2,1,4271,181,11.9,2262.5
1540,20240704,2,1,3,6293,149,16.0,3397.2
1541,20240704,1,3,1,4116,36,6.0,450.0
1542,20240705,1,2,8,4306,107,0.7,3627.3
1543,20240705,4,1,2,3630,63,0.0,894.6
1544,20240705,2,3,5,6569,202,15.3,1292.8
1545,20240705,1,3,7,4112,128,22.9,4032.0
1546,20240705,4,2,5,5505,115,0.0,736.0
1547,20240705,4,2,4,3214,67,4.0,1681.7
1548,20240705,4,3,3,4492,91,0.0,2074.8
1549,20240705,2,2,4,6334,276,0.0,6927.6
1550,20240705,4,1,5,4245,92,0.0,588.8
1551,20240705,4,2,7,5055,122,0.0,3843.0
1552,20240705,4,2,2,5550,104,0.0,1476.8
1553,20240706,2,2,4,5114,186,3.7,4668.6
1554,20240706,1,1,6,3217,78,15.3,553.8
1555,20240706,3,2,1,2293,84,18.8,1050.0
1556,20240706,1,3,4,4335,140,1.4,3514.0
1557,20240706,4,2,3,4736,135,47.9,3078.0
1558,20240706,2,2,4,8016,286,0.1,7178.6
1559,20240706,2,2,1,6281,108,41.6,1350.0
1560,20240706,1,2,7,3920,106,14.4,3339.0
1561,20240707,1,2,2,4403,73,15.5,1036.6
1562,20240707,1,1,8,3484,119,34.3,4034.1
1563,20240707,2,2,8,6051,373,3.9,12644.7
1564,20240707,1,1,8,3406,66,10.5,2237.4
1565,20240707,3,1,1,3397,155,1.0,1937.5
1566,20240707,2,3,3,6102,273,13.1,6224.4
1567,20240707,2,1,8,5559,215,8.4,7288.5
1568,20240707,4,2,6,4562,58,24.3,411.8
1569,20240707,1,3,4,3881,158,23.3,3965.8
1570,20240708,2,3,8,5452,154,12.4,5220.6
1571,20240708,1,3,4,3300,153,2.9,3840.3
1572,20240708,4,3,5,4668,146,56.5,934.4
1573,20240708,2,1,5,6083,299,18.8,1913.6
1574,20240708,4,1,8,4052,116,10.9,3932.4
1575,20240708,1,1,1,3953,60,1.8,750.0
1576,20240708,4,1,1,4538,123,0.0,1537.5
1577,20240709,3,2,3,2323,114,1.9,2599.2
1578,20240709,3,1,4,2828,56,20.0,1405.6
1579,20240709,2,1,7,7145,123,50.2,3874.5
1580,20240709,2,2,8,6799,154,34.3,5220.6
1581,20240709,4,1,8,5130,35,1.0,1186.5
1582,20240709,4,3,2,4571,150,46.2,2130.0
1583,20240709,4,1,1,4631,142,6.4,1775.0
1584,20240709,4,1,5,4013,90,0.0,576.0
1585,20240709,3,3,4,2592,75,11.7,1882.5
1586,20240709,2,1,2,6271,208,22.6,2953.6
1587,20240709,2,3,8,6556,262,19.5,8881.8
1588,20240710,1,2,7,2772,85,6.9,2677.5
1589,20240710,1,1,8,4012,111,61.5,3762.9
1590,20240710,2,3,3,5195,115,14.9,2622.0
1591,20240710,1,3,1,4035,119,22.6,1487.5
1592,20240710,3,2,1,2803,106,8.8,1325.0
1593,20240710,4,1,3,4748,207,0.0,4719.6
1594,20240710,3,3,6,3182,119,38.2,844.9
1595,20240711,4,3,2,4943,149,8.4,2115.8
1596,20240711,3,1,6,2465,84,16.0,596.4
1597,20240711,3,3,5,2826,109,7.9,697.6
1598,20240711,2,3,8,6998,147,44.6,4983.3
1599,20240711,3,3,3,2688,35,58.2,798.0
1600,20240711,4,1,4,4054,152,2.3,3815.2
1601,20240712,2,2,1,6166,214,31.8,2675.0
1602,20240712,3,1,5,2471,60,0.0,384.0
1603,20240712,2,1,5,6510,46,34.4,294.4
1604,20240712,4,2,6,5014,181,18.0,1285.1
1605,20240712,4,1,2,4549,161,1.6,2286.2
1606,20240712,1,2,1,3942,39,18.1,487.5
1607,20240712,1,3,6,2748,137,59.3,972.7
1608,20240713,3,3,6,2181,70,20.5,497.0
1609,20240713,4,1,5,4085,114,0.0,729.6
1610,20240713,2,3,3,6231,290,23.2,6612.0
1611,20240713,3,1,3,2299,73,8.5,1664.4
1612,20240713,2,2,1,5428,104,5.0,1300.0
1613,20240713,1,1,4,4123,140,9.1,3514.0
1614,20240713,2,2,4,6309,316,13.4,7931.6
1615,20240713,3,3,5,2599,146,39.0,934.4
1616,20240713,1,1,5,4019,162,25.7,1036.8
1617,20240713,3,3,8,2742,48,33.3,1627.2
1618,20240713,4,2,7,3682,47,3.9,1480.5
1619,20240714,1,1,1,3962,110,14.8,1375.0
1620,20240714,4,1,3,4117,121,0.0,2758.8
1621,20240714,3,2,4,2680,105,9.6,2635.5
1622,20240714,3,3,5,2626,72,29.4,460.8
1623,20240714,3,3,1,2335,97,5.5,1212.5
1624,20240714,4,2,4,4138,158,5.6,3965.8
1625,20240714,3,2,3,2473,61,9.0,1390.8
1626,20240714,3,2,3,2797,74,61.2,1687.2
1627,20240714,4,3,6,3747,162,0.0,1150.2
1628,20240715,1,1,4,4015,190,11.6,4769.0
1629,20240715,2,2,7,5171,151,10.3,4756.5
1630,20240715,1,3,1,3414,107,2.8,1337.5
1631,20240715,4,2,6,3216,119,8.8,844.9
1632,20240715,1,1,8,2965,106,35.7,3593.4
1633,20240715,1,1,5,3712,175,11.8,1120.0
1634,20240715,1,1,2,3617,86,13.5,1221.2
1635,20240715,3,2,7,2424,86,11.2,2709.0
1636,20240715,2,3,1,4292,100,7.5,1250.0
1637,20240715,1,3,8,2812,89,100.7,3017.1
1638,20240716,3,2,1,1751,101,16.7,1262.5
1639,20240716,1,3,3,4463,192,12.7,4377.6
1640,20240716,3,1,3,2859,97,11.7,2211.6
1641,20240716,1,1,5,4753,157,9.0,1004.8
1642,20240716,2,1,2,6416,80,2.5,1136.0
1643,20240716,1,3,8,3227,45,20.3,1525.5
1644,20240716,1,2,7,3821,179,13.5,5638.5
1645,20240717,3,1,2,2633,93,2.1,1320.6
1646,20240717,1,1,5,4019,104,34.5,665.6
1647,20240717,4,3,8,4155,153,0.0,5186.7
1648,20240717,4,1,3,4785,88,0.0,2006.4
1649,20240717,3,2,2,3057,73,12.3,1036.6
1650,20240717,4,2,1,4528,127,42.2,1587.5
1651,20240718,1,3,5,2311,65,18.4,416.0
1652,20240718,4,1,7,3348,108,0.0,3402.0
1653,20240718,1,2,7,3427,126,4.9,3969.0
1654,20240718,3,1,8,2763,90,83.6,3051.0
1655,20240718,4,3,6,5048,205,0.0,1455.5
1656,20240718,3,2,4,2858,129,2.3,3237.9
1657,20240718,1,2,3,3635,147,1.2,3351.6
1658,20240718,1,2,6,3556,173,64.6,1228.3
1659,20240718,1,2,8,3328,52,7.6,1762.8
1660,20240718,2,1,6,6137,190,3.3,1349.0
1661,20240718,2,2,8,4785,81,12.8,2745.9
1662,20240719,3,1,7,2921,130,5.7,4095.0
1663,20240719,2,1,2,5334,176,3.2,2499.2
1664,20240719,4,1,1,4220,191,25.5,2387.5
1665,20240719,2,2,6,6931,142,1.5,1008.2
1666,20240719,3,1,2,2369,52,41.1,738.4
1667,20240719,4,1,2,4401,142,9.5,2016.4
1668,20240719,1,3,5,3683,109,20.0,697.6
1669,20240719,1,3,2,4663,109,30.4,1547.8
1670,20240719,2,3,6,5576,131,8.0,930.1
1671,20240719,2,3,4,6159,78,8.9,1957.8
1672,20240719,1,3,7,3171,123,11.4,3874.5
1673,20240720,4,3,1,4806,83,34.2,1037.5
1674,20240720,2,1,3,6696,125,15.6,2850.0
1675,20240720,4,2,8,3441,113,8.5,3830.7
1676,20240720,1,3,6,3669,147,18.1,1043.7
1677,20240720,4,1,7,4411,161,5.1,5071.5
1678,20240720,3,2,2,2567,78,8.3,1107.6
1679,20240720,1,1,2,3359,59,6.7,837.8
1680,20240721,2,2,3,6806,262,22.3,5973.6
1681,20240721,4,2,8,4973,179,80.0,6068.1
1682,20240721,4,2,7,4784,124,0.0,3906.0
1683,20240721,1,2,3,3604,162,10.1,3693.6
1684,20240721,3,2,2,2206,78,10.4,1107.6
1685,20240721,1,2,6,3658,81,16.4,575.1
1686,20240721,2,1,2,7047,352,12.8,4998.4
1687,20240722,4,2,3,4427,8,12.9,182.4
1688,20240722,4,3,8,4823,120,1.5,4068.0
1689,20240722,3,1,2,2805,108,22.3,1533.6
1690,20240722,3,2,3,2808,161,38.4,3670.8
1691,20240722,1,3,5,3900,105,31.2,672.0
1692,20240722,1,3,4,3405,133,19.8,3338.3
1693,20240722,2,3,6,5722,128,45.3,908.8
1694,20240722,4,2,6,4365,160,21.3,1136.0
1695,20240722,3,3,6,2437,4,6.5,28.4
1696,20240722,2,1,1,6047,32,25.0,400.0
1697,20240723,2,1,1,6692,169,31.3,2112.5
1698,20240723,1,3,6,3744,126,23.2,894.6
1699,20240723,2,2,8,5801,125,2.2,4237.5
1700,20240723,2,2,7,6354,211,10.2,6646.5
1701,20240723,3,3,5,3105,86,24.3,550.4
1702,20240723,4,1,3,3924,124,0.0,2827.2
1703,20240723,1,1,5,3803,119,16.5,761.6
1704,20240724,2,2,8,7602,179,10.1,6068.1
1705,20240724,4,1,7,4443,112,10.3,3528.0
1706,20240724,1,2,7,3480,89,0.4,2803.5
1707,20240724,3,3,6,2541,93,12.0,660.3
1708,20240724,4,2,6,4667,101,1.4,717.1
1709,20240724,3,1,3,2369,113,1.2,2576.4
1710,20240724,4,3,8,4938,165,6.8,5593.5
1711,20240724,2,3,2,7041,230,19.3,3266.0
1712,20240724,3,1,3,2979,142,2.9,3237.6
1713,20240724,1,3,3,4269,130,14.5,2964.0
1714,20240725,2,3,3,6100,24,42.1,547.2
1715,20240725,4,2,4,4379,179,14.1,4492.9
1716,20240725,1,3,5,3661,74,26.0,473.6
1717,20240725,3,3,4,2417,63,24.0,1581.3
1718,20240725,1,1,2,3495,173,145.7,2456.6
1719,20240725,2,3,8,6021,293,34.7,9932.7
1720,20240725,4,1,5,4592,98,0.0,627.2
1721,20240725,4,2,2,3990,89,46.2,1263.8
1722,20240725,4,3,8,3464,88,43.2,2983.2
1723,20240725,4,2,8,4924,253,0.0,8576.7
1724,20240726,2,2,8,5625,184,0.7,6237.6
1725,20240726,2,1,7,6146,266,18.9,8379.0
1726,20240726,4,1,5,5327,131,0.0,838.4
1727,20240726,4,1,3,4329,148,37.3,3374.4
1728,20240726,2,1,3,6951,72,10.9,1641.6
1729,20240726,1,2,7,3458,29,3.8,913.5
1730,20240726,4,1,2,4617,137,2.2,1945.4
1731,20240726,3,2,6,2748,73,47.8,518.3
1732,20240726,3,3,8,1927,13,21.8,440.7
1733,20240726,4,3,4,3846,149,0.0,3739.9
1734,20240726,4,1,8,5253,102,4.4,3457.8
1735,20240727,2,1,2,6667,191,42.7,2712.2
1736,20240727,1,3,7,3539,26,56.0,819.0
1737,20240727,2,2,6,4571,107,22.4,759.7
1738,20240727,1,1,8,3836,116,19.7,3932.4
1739,20240727,4,3,7,4615,80,15.6,2520.0
1740,20240727,3,2,2,2885,124,19.0,1760.8
1741,20240728,3,3,2,2276,72,6.8,1022.4
1742,20240728,4,2,1,4096,146,0.0,1825.0
1743,20240728,1,2,8,3428,90,7.2,3051.0
1744,20240728,1,2,2,4109,187,5.8,2655.4
1745,20240728,3,3,8,2429,4,57.7,135.6
1746,20240728,2,1,5,4647,102,6.7,652.8
1747,20240728,1,3,3,3673,88,24.9,2006.4
1748,20240728,3,1,2,2543,46,17.4,653.2
1749,20240729,2,1,1,6060,153,7.2,1912.5
1750,20240729,3,1,4,2920,69,2.3,1731.9
1751,20240729,4,2,2,5007,90,41.0,1278.0
1752,20240729,2,2,7,6566,129,10.6,4063.5
1753,20240729,1,2,8,3938,118,73.9,4000.2
1754,20240729,2,3,4,5689,201,3.2,5045.1
1755,20240729,3,3,1,2340,112,55.3,1400.0
1756,20240729,3,2,3,2810,32,43.7,729.6
1757,20240729,3,3,5,2738,75,4.4,480.0
1758,20240730,2,2,3,6174,207,17.7,4719.6
1759,20240730,2,2,8,6786,190,1.7,6441.0
1760,20240730,4,2,8,4108,154,0.0,5220.6
1761,20240730,1,1,3,3360,68,18.7,1550.4
1762,20240730,1,1,1,3192,79,0.7,987.5
1763,20240730,2,1,5,5768,141,2.0,902.4
1764,20240730,3,3,6,2879,106,13.8,752.6
1765,20240731,2,3,7,6253,301,41.6,9481.5
1766,20240731,1,2,5,3439,34,5.8,217.6
1767,20240731,1,1,6,3503,121,39.5,859.1
1768,20240731,2,1,5,5811,223,4.3,1427.2
1769,20240731,1,3,7,3670,7,14.1,220.5
1770,20240731,4,1,5,4479,172,0.0,1100.8
1771,20240731,2,1,1,6985,293,12.2,3662.5
1772,20240731,4,1,5,4759,226,0.0,1446.4
1773,20240801,4,3,4,3650,69,21.6,1731.9
1774,20240801,1,3,5,4114,130,4.0,832.0
1775,20240801,1,3,4,3947,112,10.1,2811.2
1776,20240801,1,3,1,3533,52,0.4,650.0
1777,20240801,3,2,6,2725,118,22.5,837.8
1778,20240801,1,1,6,3352,99,8.9,702.9
1779,20240801,4,3,4,4317,179,9.5,4492.9
1780,20240801,4,2,7,4738,72,13.6,2268.0
1781,20240802,4,3,4,4869,147,2.6,3689.7
1782,20240802,2,2,8,5845,212,7.1,7186.8
1783,20240802,4,3,6,4877,109,11.8,773.9
1784,20240802,4,2,2,4541,101,18.9,1434.2
1785,20240802,4,1,3,3544,106,14.3,2416.8
1786,20240802,1,1,4,4463,143,4.4,3589.3
1787,20240802,1,2,8,3584,92,15.5,3118.8
1788,20240802,2,1,7,5951,207,4.7,6520.5
1789,20240802,2,2,4,5413,124,14.6,3112.4
1790,20240802,1,1,4,3420,14,6.4,351.4
1791,20240802,4,3,5,4106,46,9.5,294.4
1792,20240803,2,1,5,7574,318,22.4,2035.2
1793,20240803,1,2,8,3504,116,1.9,3932.4
1794,20240803,2,3,2,5957,160,1.3,2272.0
1795,20240803,3,3,2,2453,136,7.4,1931.2
1796,20240803,2,3,3,6220,282,3.8,6429.6
1797,20240803,2,2,4,7709,103,25.0,2585.3
1798,20240804,3,3,2,2810,90,0.6,1278.0
1799,20240804,2,1,6,4392,72,0.7,511.2
1800,20240804,4,3,8,4069,182,0.0,6169.8
1801,20240804,3,2,5,2690,105,0.3,672.0
1802,20240804,4,3,7,5084,54,17.8,1701.0
1803,20240804,3,3,7,3046,141,14.5,4441.5
1804,20240804,4,1,6,4129,88,60.1,624.8
1805,20240804,4,3,3,4843,117,0.0,2667.6
1806,20240804,2,1,8,5998,86,23.3,2915.4
1807,20240804,2,2,4,6588,82,8.1,2058.2
1808,20240805,4,3,2,3892,39,60.0,553.8
1809,20240805,1,3,4,3854,89,6.0,2233.9
1810,20240805,2,2,8,7624,241,15.5,8169.9
1811,20240805,3,2,1,2761,46,44.6,575.0
1812,20240805,2,2,3,6476,62,37.7,1413.6
1813,20240805,1,2,6,4296,88,22.1,624.8
1814,20240805,1,2,3,3685,160,12.8,3648.0
1815,20240805,4,2,3,4632,94,4.2,2143.2
1816,20240805,4,1,6,4578,124,8.4,880.4
1817,20240806,4,3,1,4781,120,0.0,1500.0
1818,20240806,4,3,3,4487,117,3.3,2667.6
1819,20240806,1,2,5,3710,121,4.5,774.4
1820,20240806,4,1,2,4572,136,7.2,1931.2
1821,20240806,3,1,4,2738,93,36.2,2334.3
1822,20240806,1,1,5,3602,139,7.7,889.6
1823,20240806,2,3,2,6518,162,7.5,2300.4
1824,20240807,4,1,6,4192,168,4.3,1192.8
1825,20240807,3,1,1,2158,43,48.3,537.5
1826,20240807,3,3,3,2123,60,4.4,1368.0
1827,20240807,4,2,6,4068,199,3.1,1412.9
1828,20240807,2,2,8,3889,207,25.0,7017.3
1829,20240807,2,1,1,5619,157,2.6,1962.5
1830,20240807,1,1,8,4624,106,69.1,3593.4
1831,20240807,1,2,6,3625,150,23.2,1065.0
1832,20240808,4,3,3,4084,122,2.7,2781.6
1833,20240808,1,2,4,4292,92,5.2,2309.2
1834,20240808,4,2,6,5313,141,45.4,1001.1
1835,20240808,2,2,2,5967,165,24.7,2343.0
1836,20240808,3,1,3,2424,107,12.9,2439.6
1837,20240808,2,3,8,4140,134,16.0,4542.6
1838,20240808,1,3,8,4631,136,54.5,4610.4
1839,20240809,3,1,4,2199,53,0.7,1330.3
1840,20240809,3,3,3,2164,85,15.1,1938.0
1841,20240809,1,1,1,3703,105,4.5,1312.5
1842,20240809,4,1,7,4557,131,47.0,4126.5
1843,20240809,3,2,5,2815,44,20.8,281.6
1844,20240809,1,1,8,3389,104,14.5,3525.6
1845,20240809,1,1,2,3837,54,5.9,766.8
1846,20240809,1,2,6,3741,212,11.4,1505.2
1847,20240809,3,2,2,2411,66,9.2,937.2
1848,20240810,4,3,7,3750,55,0.0,1732.5
1849,20240810,3,3,7,2528,102,7.1,3213.0
1850,20240810,1,1,4,3869,110,5.0,2761.0
1851,20240810,4,2,7,4841,80,0.0,2520.0
1852,20240810,3,2,3,2672,69,29.7,1573.2
1853,20240810,2,2,3,4842,146,14.6,3328.8
1854,20240810,3,2,7,2878,56,2.4,1764.0
1855,20240810,1,1,2,3310,167,19.4,2371.4
1856,20240810,3,1,4,2385,34,17.7,853.4
1857,20240811,4,2,6,4420,151,20.7,1072.1
1858,20240811,4,2,2,5032,199,43.8,2825.8
1859,20240811,4,2,4,4364,186,5.8,4668.6
1860,20240811,3,3,8,2640,91,2.0,3084.9
1861,20240811,3,3,5,2979,108,3.0,691.2
1862,20240811,1,3,8,3640,139,4.4,4712.1
1863,20240811,1,2,8,3893,142,13.6,4813.8
1864,20240811,2,2,8,5118,69,15.6,2339.1
1865,20240812,4,1,2,4953,105,36.6,1491.0
1866,20240812,3,1,5,2545,123,13.8,787.2
1867,20240812,3,2,7,3032,116,16.3,3654.0
1868,20240812,3,2,1,2692,77,5.7,962.5
1869,20240812,3,3,4,2586,59,39.7,1480.9
1870,20240812,3,1,6,3100,119,1.7,844.9
1871,20240812,2,3,8,5677,205,2.0,6949.5
1872,20240813,2,3,6,5708,114,7.5,809.4
1873,20240813,4,2,7,4079,100,7.4,3150.0
1874,20240813,3,2,5,2159,83,40.5,531.2
1875,20240813,4,1,4,4540,53,38.4,1330.3
1876,20240813,4,3,6,4123,211,10.3,1498.1
1877,20240813,1,1,2,3239,92,11.4,1306.4
1878,20240814,2,3,7,6313,195,28.4,6142.5
1879,20240814,4,1,1,4163,197,13.0,2462.5
1880,20240814,2,3,6,5904,153,6.1,1086.3
1881,20240814,1,3,5,3748,176,21.8,1126.4
1882,20240814,3,1,5,2548,111,14.8,710.4
1883,20240814,2,1,8,5889,27,42.5,915.3
1884,20240814,4,2,6,5078,226,11.5,1604.6
1885,20240814,4,3,7,5277,89,17.4,2803.5
1886,20240815,4,2,6,4394,197,28.8,1398.7
1887,20240815,4,2,5,3977,86,43.3,550.4
1888,20240815,2,3,4,6395,248,13.6,6224.8
1889,20240815,1,3,4,3623,7,2.9,175.7
1890,20240815,2,2,7,5510,47,9.6,1480.5
1891,20240815,2,3,7,6835,240,19.0,7560.0
1892,20240815,3,3,2,2514,113,6.6,1604.6
1893,20240815,1,1,8,3112,120,13.4,4068.0
1894,20240815,1,3,7,3440,29,17.2,913.5
1895,20240815,3,2,4,2697,60,7.9,1506.0
1896,20240815,3,1,1,2328,52,7.4,650.0
1897,20240816,4,3,4,4170,140,0.0,3514.0
1898,20240816,3,2,8,2060,54,5.7,1830.6
1899,20240816,2,3,7,5982,194,44.8,6111.0
1900,20240816,1,2,1,3884,144,5.9,1800.0
1901,20240816,4,2,7,3311,107,1.2,3370.5
1902,20240816,2,2,1,6890,145,0.6,1812.5
1903,20240816,2,1,5,6120,129,3.5,825.6
1904,20240816,3,1,3,2811,81,2.2,1846.8
1905,20240817,3,1,6,2586,93,7.3,660.3
1906,20240817,4,3,3,5626,258,29.9,5882.4
1907,20240817,3,1,6,2381,63,18.9,447.3
1908,20240817,2,2,1,6296,165,31.3,2062.5
1909,20240817,2,2,3,7223,269,9.7,6133.2
1910,20240817,3,3,1,2345,30,29.7,375.0
1911,20240817,4,1,6,3791,163,3.8,1157.3
1912,20240817,1,1,6,3277,78,26.8,553.8
1913,20240817,4,1,5,4379,203,2.0,1299.2
1914,20240818,3,1,2,2658,73,21.0,1036.6
1915,20240818,3,3,3,3182,160,4.0,3648.0
1916,20240818,4,1,1,4632,147,0.0,1837.5
1917,20240818,4,3,7,4629,138,0.0,4347.0
1918,20240818,4,1,3,3088,159,1.6,3625.2
1919,20240818,1,3,6,4304,141,2.9,1001.1
1920,20240818,2,1,4,5744,76,19.6,1907.6
1921,20240819,1,2,4,4058,160,0.6,4016.0
1922,20240819,1,1,3,3426,84,23.2,1915.2
1923,20240819,4,2,3,5197,267,15.5,6087.6
1924,20240819,2,3,2,5823,180,11.1,2556.0
1925,20240819,4,3,8,4171,142,21.0,4813.8
1926,20240819,2,2,1,5894,275,20.8,3437.5
1927,20240820,4,1,3,4271,103,0.2,2348.4
1928,20240820,1,2,1,3323,94,6.3,1175.0
1929,20240820,4,2,5,4018,190,0.0,1216.0
1930,20240820,2,1,2,7172,215,6.1,3053.0
1931,20240820,3,3,7,2568,59,26.1,1858.5
1932,20240820,2,2,7,5851,277,0.4,8725.5
1933,20240821,4,2,6,5692,114,3.5,809.4
1934,20240821,1,3,6,3114,75,5.0,532.5
1935,20240821,3,3,7,2679,130,7.3,4095.0
1936,20240821,1,1,3,3399,87,7.8,1983.6
1937,20240821,4,1,4,3620,118,5.3,2961.8
1938,20240821,3,3,8,2731,87,4.2,2949.3
1939,20240821,1,1,4,2992,109,49.9,2735.9
1940,20240821,3,2,3,2887,108,41.7,2462.4
1941,20240821,4,2,8,4981,148,0.0,5017.2
1942,20240821,1,2,6,3721,78,25.1,553.8
1943,20240822,3,2,5,2702,63,2.2,403.2
1944,20240822,3,2,3,2205,62,14.2,1413.6
1945,20240822,2,2,6,5127,173,20.5,1228.3
1946,20240822,3,3,1,2754,67,30.2,837.5
1947,20240822,2,3,5,6514,162,24.7,1036.8
1948,20240822,2,1,8,6471,68,90.4,2305.2
1949,20240822,3,2,6,3006,74,15.8,525.4
1950,20240822,4,3,1,3998,197,15.7,2462.5
1951,20240823,3,2,7,1961,28,57.6,882.0
1952,20240823,4,2,2,4105,71,5.0,1008.2
1953,20240823,3,2,6,2164,61,10.1,433.1
1954,20240823,4,1,2,5125,125,15.0,1775.0
1955,20240823,2,3,5,6468,198,0.1,1267.2
1956,20240823,1,3,7,3998,7,2.0,220.5
1957,20240823,4,2,8,3939,149,2.0,5051.1
1958,20240824,1,2,3,4378,183,0.3,4172.4
1959,20240824,1,2,2,3991,175,23.9,2485.0
1960,20240824,1,1,4,3910,230,63.5,5773.0
1961,20240824,2,2,3,6574,197,7.4,4491.6
1962,20240824,4,1,8,4050,202,0.0,6847.8
1963,20240824,2,1,4,6558,307,4.9,7705.7
1964,20240824,1,3,8,3043,53,16.1,1796.7
1965,20240824,1,3,5,4040,131,1.4,838.4
1966,20240825,4,3,5,5047,101,41.9,646.4
1967,20240825,4,3,2,5058,117,0.0,1661.4
1968,20240825,2,1,8,5442,183,87.5,6203.7
1969,20240825,4,3,7,5256,110,51.5,3465.0
1970,20240825,3,2,1,2509,77,66.6,962.5
1971,20240825,1,2,2,4266,169,17.9,2399.8
1972,20240825,2,2,5,4938,184,32.6,1177.6
1973,20240825,2,2,3,6629,192,0.2,4377.6
1974,20240825,2,1,1,5958,216,14.8,2700.0
1975,20240825,3,2,5,2230,83,6.0,531.2
1976,20240826,1,2,4,2945,89,9.1,2233.9
1977,20240826,2,2,8,6878,199,9.3,6746.1
1978,20240826,1,3,5,2408,90,22.7,576.0
1979,20240826,2,2,2,7749,357,21.7,5069.4
1980,20240826,3,3,2,2616,50,7.0,710.0
1981,20240826,3,3,6,2400,127,6.6,901.7
1982,20240826,4,2,5,4704,162,0.8,1036.8
1983,20240826,2,3,2,6118,149,5.0,2115.8
1984,20240826,3,3,2,2783,104,1.8,1476.8
1985,20240826,1,3,8,3726,142,15.2,4813.8
1986,20240827,4,2,3,4025,108,19.3,2462.4
1987,20240827,1,1,1,3584,161,0.2,2012.5
1988,20240827,2,3,4,6078,103,5.1,2585.3
1989,20240827,2,3,8,6446,177,37.7,6000.3
1990,20240827,2,1,1,5013,148,18.1,1850.0
1991,20240827,2,2,8,6469,245,27.2,8305.5
1992,20240827,2,3,4,6435,389,6.9,9763.9
1993,20240827,4,2,7,4345,136,0.0,4284.0
1994,20240827,3,3,5,2920,120,26.2,768.0
1995,20240828,3,1,8,2717,152,62.5,5152.8
1996,20240828,2,2,3,6021,157,3.1,3579.6
1997,20240828,3,1,6,2960,114,112.5,809.4
1998,20240828,3,1,3,2420,67,24.0,1527.6
1999,20240828,4,2,1,3414,75,9.3,937.5
2000,20240828,3,1,6,2658,63,18.3,447.3
2001,20240828,2,1,5,5291,220,15.4,1408.0
2002,20240829,3,1,7,2535,92,17.9,2898.0
2003,20240829,3,1,4,2710,94,14.9,2359.4
2004,20240829,1,3,4,4111,175,8.5,4392.5
2005,20240829,2,3,4,6328,146,6.4,3664.6
2006,20240829,4,2,1,3747,56,0.6,700.0
2007,20240829,1,1,3,2887,90,42.3,2052.0
2008,20240829,3,3,1,2785,123,0.6,1537.5
2009,20240829,2,2,4,6859,203,5.1,5095.3
2010,20240830,2,1,3,6213,192,14.4,4377.6
2011,20240830,4,1,3,4804,155,44.7,3534.0
2012,20240830,3,2,7,2992,67,4.8,2110.5
2013,20240830,2,1,2,5518,186,12.3,2641.2
2014,20240830,4,3,1,4164,104,0.0,1300.0
2015,20240830,4,3,8,4600,79,0.0,2678.1
2016,20240831,1,2,3,3809,170,0.7,3876.0
2017,20240831,2,1,5,6155,195,7.3,1248.0
2018,20240831,3,2,7,2085,57,2.4,1795.5
2019,20240831,2,2,6,7040,343,4.3,2435.3
2020,20240831,2,3,5,5080,29,24.1,185.6
2021,20240831,2,3,1,6481,143,3.7,1787.5
2022,20240831,4,1,8,3276,144,8.8,4881.6
2023,20240901,1,2,1,3351,40,21.7,500.0
2024,20240901,4,2,8,4491,109,0.0,3695.1
2025,20240901,4,3,2,4700,205,5.0,2911.0
2026,20240901,4,3,6,4843,75,39.6,532.5
2027,20240901,4,2,1,3822,205,6.6,2562.5
2028,20240901,3,3,4,2711,76,8.0,1907.6
2029,20240901,3,1,7,2511,17,16.7,535.5
2030,20240902,2,3,7,6572,81,11.8,2551.5
2031,20240902,3,2,2,2347,106,8.6,1505.2
2032,20240902,1,3,7,3643,146,26.8,4599.0
2033,20240902,3,3,6,2542,31,66.0,220.1
2034,20240902,2,2,2,6680,328,75.2,4657.6
2035,20240902,3,3,4,2463,86,5.6,2158.6
2036,20240902,2,1,3,5802,247,0.4,5631.6
2037,20240902,1,2,2,3239,119,4.0,1689.8
2038,20240902,4,2,8,5114,41,63.8,1389.9
2039,20240903,4,1,4,4355,128,2.5,3212.8
2040,20240903,4,3,3,3942,152,38.5,3465.6
2041,20240903,4,1,8,4232,123,42.1,4169.7
2042,20240903,2,2,3,5710,135,0.2,3078.0
2043,20240903,2,3,1,5587,244,1.2,3050.0
2044,20240903,2,2,3,5272,67,143.6,1527.6
2045,20240903,2,1,6,5901,266,6.3,1888.6
2046,20240903,2,2,3,6060,155,6.5,3534.0
2047,20240903,4,2,8,4687,270,42.0,9153.0
2048,20240903,1,3,6,3609,196,1.9,1391.6
2049,20240903,4,3,3,4921,148,12.8,3374.4
2050,20240904,2,2,6,4755,207,25.9,1469.7
2051,20240904,4,1,2,4409,184,16.4,2612.8
2052,20240904,1,3,2,3587,46,8.9,653.2
2053,20240904,2,3,2,5881,183,3.6,2598.6
2054,20240904,4,2,1,4471,48,0.0,600.0
2055,20240904,4,2,7,4546,170,12.4,5355.0
2056,20240904,2,1,5,6836,290,76.2,1856.0
2057,20240904,1,1,1,3306,118,0.7,1475.0
2058,20240905,4,1,6,5137,134,42.1,951.4
2059,20240905,1,2,2,4541,112,19.6,1590.4
2060,20240905,2,1,1,5058,10,10.9,125.0
2061,20240905,4,2,6,4576,178,24.0,1263.8
2062,20240905,2,2,6,5974,280,13.2,1988.0
2063,20240905,2,2,5,6090,137,20.6,876.8
2064,20240905,3,3,3,3064,134,10.1,3055.2
2065,20240905,4,1,6,4958,137,10.9,972.7
2066,20240906,3,3,2,2613,85,45.5,1207.0
2067,20240906,2,3,5,5727,226,9.6,1446.4
2068,20240906,4,3,5,3957,92,2.2,588.8
2069,20240906,2,3,3,6199,261,16.1,5950.8
2070,20240906,2,1,2,5699,184,8.5,2612.8
2071,20240906,1,2,3,3811,117,30.1,2667.6
2072,20240906,1,2,8,2946,23,5.8,779.7
2073,20240907,3,3,1,2929,132,9.7,1650.0
2074,20240907,2,2,3,6551,80,18.8,1824.0
2075,20240907,2,3,2,7380,208,9.1,2953.6
2076,20240907,4,3,4,3893,97,8.8,2434.7
2077,20240907,3,2,7,2967,76,40.0,2394.0
2078,20240907,4,1,3,4109,88,0.0,2006.4
2079,20240907,1,2,7,3516,119,8.9,3748.5
2080,20240908,3,3,1,2875,94,1.0,1175.0
2081,20240908,4,3,2,4395,172,0.0,2442.4
2082,20240908,1,2,2,3545,90,28.7,1278.0
2083,20240908,3,3,3,2582,142,18.3,3237.6
2084,20240908,2,2,2,5535,166,6.1,2357.2
2085,20240908,3,1,1,2447,101,25.0,1262.5
2086,20240908,4,3,7,3564,128,100.3,4032.0
2087,20240908,3,2,4,2608,129,25.2,3237.9
2088,20240908,3,1,5,2888,130,4.1,832.0
2089,20240908,3,3,5,2638,92,10.2,588.8
2090,20240909,2,2,8,5181,190,11.4,6441.0
2091,20240909,4,1,6,4881,169,0.0,1199.9
2092,20240909,2,3,4,5005,52,11.1,1305.2
2093,20240909,2,1,8,6546,81,1.3,2745.9
2094,20240909,3,1,4,2500,72,22.5,1807.2
2095,20240909,2,2,4,5299,108,2.8,2710.8
2096,20240909,4,3,2,4386,165,0.0,2343.0
2097,20240909,4,3,6,4997,130,0.0,923.0
2098,20240909,4,1,2,4897,66,9.5,937.2
2099,20240909,3,2,8,2820,187,0.4,6339.3
2100,20240910,3,3,3,2010,67,13.7,1527.6
2101,20240910,3,3,5,3167,34,21.8,217.6
2102,20240910,2,2,7,6493,138,4.6,4347.0
2103,20240910,1,2,1,3234,110,5.9,1375.0
2104,20240910,4,3,8,4468,191,14.9,6474.9
2105,20240910,2,2,4,6089,200,28.6,5020.0
2106,20240910,4,3,8,4909,82,4.0,2779.8
2107,20240911,3,2,2,2415,123,2.5,1746.6
2108,20240911,4,1,5,3800,125,17.6,800.0
2109,20240911,3,2,4,3266,162,33.4,4066.2
2110,20240911,3,1,2,3219,66,11.8,937.2
2111,20240911,1,2,3,3243,165,7.8,3762.0
2112,20240911,1,3,4,3311,184,11.0,4618.4
2113,20240911,4,3,4,3692,142,23.3,3564.2
2114,20240911,2,2,7,5162,198,25.7,6237.0
2115,20240911,2,2,5,6127,182,12.1,1164.8
2116,20240911,2,3,7,6654,140,15.7,4410.0
2117,20240911,2,2,5,4852,146,37.4,934.4
2118,20240912,1,1,2,4293,79,1.1,1121.8
2119,20240912,4,3,1,4914,78,1.2,975.0
2120,20240912,2,2,4,5755,207,7.8,5195.7
2121,20240912,1,2,3,4514,148,20.7,3374.4
2122,20240912,1,1,1,3427,146,14.9,1825.0
2123,20240912,4,2,2,4729,169,2.6,2399.8
2124,20240912,4,1,7,4581,76,4.5,2394.0
2125,20240912,1,2,2,4231,39,16.2,553.8
2126,20240912,1,1,7,3779,51,1.2,1606.5
2127,20240912,3,2,4,3180,115,28.1,2886.5
2128,20240912,2,3,3,6206,132,17.0,3009.6
2129,20240913,2,2,2,6758,268,73.1,3805.6
2130,20240913,3,2,8,2985,142,12.7,4813.8
2131,20240913,4,3,1,4499,178,5.7,2225.0
2132,20240913,2,2,1,6557,90,55.6,1125.0
2133,20240913,2,3,3,6410,111,17.5,2530.8
2134,20240913,1,1,8,3859,267,6.2,9051.3
2135,20240913,2,2,4,5169,148,12.8,3714.8
2136,20240913,1,3,2,4221,151,5.1,2144.2
2137,20240913,4,3,2,3748,100,0.0,1420.0
2138,20240913,4,3,1,4571,91,2.5,1137.5
2139,20240913,1,1,8,3362,111,6.0,3762.9
2140,20240914,4,2,7,5166,165,0.0,5197.5
2141,20240914,3,1,3,3414,99,49.1,2257.2
2142,20240914,1,2,2,4174,183,26.9,2598.6
2143,20240914,3,2,1,2810,95,92.8,1187.5
2144,20240914,4,1,2,4874,164,1.5,2328.8
2145,20240914,3,3,3,3145,84,31.8,1915.2
2146,20240914,1,1,3,3524,63,14.6,1436.4
2147,20240915,2,3,1,5814,239,5.1,2987.5
2148,20240915,1,3,8,3385,73,51.9,2474.7
2149,20240915,1,3,2,3792,141,27.9,2002.2
2150,20240915,1,2,3,3039,117,46.8,2667.6
2151,20240915,2,3,6,5776,104,55.6,738.4
2152,20240915,3,1,4,2417,73,33.7,1832.3
2153,20240915,3,3,1,2932,90,19.5,1125.0
2154,20240915,3,2,6,2471,62,27.7,440.2
2155,20240915,4,2,2,3794,77,2.4,1093.4
2156,20240915,2,3,6,5470,152,25.0,1079.2
2157,20240916,2,2,2,5868,264,34.8,3748.8
2158,20240916,3,1,4,2591,117,18.2,2936.7
2159,20240916,2,3,4,6300,122,8.9,3062.2
2160,20240916,2,1,2,6919,248,53.6,3521.6
2161,20240916,1,2,1,4538,148,0.3,1850.0
2162,20240916,4,1,6,3464,8,14.9,56.8
2163,20240916,3,2,2,2353,116,2.3,1647.2
2164,20240916,3,2,3,3014,124,8.0,2827.2
2165,20240916,3,3,2,2441,69,3.9,979.8
2166,20240917,1,1,1,3582,120,11.8,1500.0
2167,20240917,1,2,7,4456,9,10.1,283.5
2168,20240917,3,1,3,2942,76,22.6,1732.8
2169,20240917,4,2,7,5001,90,22.1,2835.0
2170,20240917,2,2,6,6239,182,12.3,1292.2
2171,20240917,2,2,5,6143,192,4.4,1228.8
2172,20240917,4,3,6,4901,137,1.1,972.7
2173,20240917,2,3,4,6393,72,6.9,1807.2
2174,20240918,1,3,8,3873,61,0.9,2067.9
2175,20240918,1,3,4,4282,109,7.0,2735.9
2176,20240918,4,2,3,4303,99,11.7,2257.2
2177,20240918,4,3,4,4471,64,0.0,1606.4
2178,20240918,3,2,2,2635,122,1.1,1732.4
2179,20240918,1,2,7,3393,59,60.8,1858.5
2180,20240918,4,1,7,4009,126,23.1,3969.0
2181,20240918,4,2,1,3987,58,57.4,725.0
2182,20240918,4,3,2,5498,146,0.0,2073.2
2183,20240918,3,3,7,2071,77,14.1,2425.5
2184,20240918,3,2,6,2970,130,12.8,923.0
2185,20240919,2,1,3,7412,67,23.4,1527.6
2186,20240919,2,2,3,6055,198,3.0,4514.4
2187,20240919,2,1,2,4909,168,0.3,2385.6
2188,20240919,1,1,5,3724,106,30.6,678.4
2189,20240919,2,1,7,5994,201,4.9,6331.5
2190,20240919,1,1,7,3949,137,35.7,4315.5
2191,20240919,3,3,8,2598,112,19.3,3796.8
2192,20240919,3,1,8,3160,97,0.9,3288.3
2193,20240919,3,2,4,2636,87,12.4,2183.7
2194,20240920,3,1,4,2667,93,15.5,2334.3
2195,20240920,2,1,6,4940,126,7.7,894.6
2196,20240920,1,1,1,3484,85,1.2,1062.5
2197,20240920,2,3,1,5889,202,40.9,2525.0
2198,20240920,3,3,1,2708,107,42.2,1337.5
2199,20240920,2,1,8,6646,153,1.0,5186.7
2200,20240920,1,1,4,3409,107,39.8,2685.7
2201,20240920,2,3,7,6627,212,11.5,6678.0
2202,20240921,2,2,8,6285,201,35.2,6813.9
2203,20240921,3,3,2,2745,118,8.1,1675.6
2204,20240921,2,2,5,6111,132,59.2,844.8
2205,20240921,2,3,5,6544,178,7.6,1139.2
2206,20240921,1,2,8,3905,125,10.9,4237.5
2207,20240921,2,1,3,7463,126,1.6,2872.8
2208,20240921,4,2,1,3931,73,24.1,912.5
2209,20240921,2,3,3,5803,280,8.9,6384.0
2210,20240921,4,2,4,4031,172,0.0,4317.2
2211,20240922,4,2,8,5694,247,13.2,8373.3
2212,20240922,2,1,6,6780,217,31.4,1540.7
2213,20240922,4,3,7,5029,110,16.5,3465.0
2214,20240922,2,3,2,4253,162,0.5,2300.4
2215,20240922,2,3,4,7088,208,21.4,5220.8
2216,20240922,3,1,1,3023,109,3.7,1362.5
2217,20240922,4,2,8,3852,86,9.2,2915.4
2218,20240922,3,2,8,2262,73,22.4,2474.7
2219,20240923,2,2,2,5181,139,3.9,1973.8
2220,20240923,3,3,2,2363,69,10.1,979.8
2221,20240923,2,2,3,6527,244,55.3,5563.2
2222,20240923,3,2,8,2486,116,44.8,3932.4
2223,20240923,3,3,5,2634,147,15.3,940.8
2224,20240923,1,1,3,3695,129,1.7,2941.2
2225,20240923,3,1,4,3146,36,23.9,903.6
2226,20240923,2,3,6,6945,282,27.9,2002.2
2227,20240923,3,1,6,2808,93,57.7,660.3
2228,20240923,4,1,7,4808,230,0.0,7245.0
2229,20240924,1,1,8,3398,149,1.3,5051.1
2230,20240924,2,2,2,7705,232,2.7,3294.4
2231,20240924,2,2,6,5379,112,21.0,795.2
2232,20240924,2,1,2,5417,201,15.8,2854.2
2233,20240924,1,1,3,3504,120,15.5,2736.0
2234,20240924,2,2,5,5461,135,9.9,864.0
2235,20240924,2,3,1,4639,183,23.3,2287.5
2236,20240924,3,2,5,2361,68,16.5,435.2
2237,20240925,3,3,4,2809,83,25.2,2083.3
2238,20240925,4,2,5,4543,68,8.2,435.2
2239,20240925,4,3,6,4596,60,9.5,426.0
2240,20240925,3,3,2,1946,71,5.3,1008.2
2241,20240925,4,2,4,4481,123,10.3,3087.3
2242,20240925,1,3,8,3892,196,27.6,6644.4
2243,20240925,3,2,6,3399,115,3.7,816.5
2244,20240925,4,1,8,4481,185,0.0,6271.5
2245,20240926,3,1,5,2450,109,80.0,697.6
2246,20240926,1,2,8,3162,59,4.2,2000.1
2247,20240926,4,1,4,3786,80,13.2,2008.0
2248,20240926,1,1,6,4524,112,16.0,795.2
2249,20240926,3,2,5,2476,47,9.0,300.8
2250,20240926,3,1,3,2547,51,0.9,1162.8
2251,20240926,4,1,3,4503,133,3.5,3032.4
2252,20240927,2,1,8,5493,164,3.0,5559.6
2253,20240927,2,2,6,5827,243,5.6,1725.3
2254,20240927,1,1,8,3423,106,17.9,3593.4
2255,20240927,4,3,2,4447,104,64.9,1476.8
2256,20240927,3,1,1,2830,134,2.5,1675.0
2257,20240927,4,2,5,3583,148,3.4,947.2
2258,20240928,4,3,5,4335,156,11.4,998.4
2259,20240928,4,2,1,4619,214,7.6,2675.0
2260,20240928,2,1,1,5600,189,5.8,2362.5
2261,20240928,1,3,8,4179,123,7.2,4169.7
2262,20240928,1,2,8,3731,47,29.1,1593.3
2263,20240928,3,3,2,2780,173,13.2,2456.6
2264,20240928,3,1,5,1945,71,18.4,454.4
2265,20240928,4,2,4,5031,88,24.7,2208.8
2266,20240929,4,3,8,4392,215,12.0,7288.5
2267,20240929,3,2,6,2773,82,15.3,582.2
2268,20240929,4,1,3,4917,115,7.1,2622.0
2269,20240929,1,3,7,3556,89,30.5,2803.5
2270,20240929,2,1,8,4964,119,8.8,4034.1
2271,20240929,1,1,6,4381,204,1.6,1448.4
2272,20240929,1,3,8,3764,126,3.2,4271.4
2273,20240929,2,1,6,6947,235,12.0,1668.5
2274,20240929,2,1,5,5296,43,28.7,275.2
2275,20240929,1,3,2,4160,147,0.0,2087.4
2276,20240930,1,2,3,4190,146,30.5,3328.8
2277,20240930,3,1,4,3233,163,1.9,4091.3
2278,20240930,4,1,8,4850,208,12.0,7051.2
2279,20240930,3,1,8,2828,120,16.4,4068.0
2280,20240930,1,2,6,3906,145,28.6,1029.5
2281,20240930,2,1,6,6125,156,0.4,1107.6
2282,20240930,4,3,3,4790,182,40.7,4149.6
2283,20240930,1,1,6,3993,134,72.6,951.4
2284,20240930,3,3,8,3265,53,12.3,1796.7
2285,20240930,1,1,4,3884,106,17.0,2660.6
2286,20240930,4,3,4,4855,144,0.6,3614.4
2287,20241001,3,1,3,2576,58,1.4,1322.4
2288,20241001,4,1,6,4437,98,0.4,695.8
2289,20241001,4,3,4,4474,104,26.8,2610.4
2290,20241001,2,1,6,6740,178,0.9,1263.8
2291,20241001,3,1,3,3059,140,8.3,3192.0
2292,20241001,3,3,3,2631,130,9.2,2964.0
2293,20241001,3,2,7,2496,101,63.5,3181.5
2294,20241002,4,1,2,5264,213,0.0,3024.6
2295,20241002,4,1,8,4659,114,11.7,3864.6
2296,20241002,1,1,7,4248,107,46.1,3370.5
2297,20241002,1,2,7,3698,168,19.5,5292.0
2298,20241002,1,2,6,3880,92,6.2,653.2
2299,20241002,3,2,8,2764,73,10.3,2474.7
2300,20241002,2,3,1,5725,221,21.7,2762.5
2301,20241003,1,2,1,3209,21,17.4,262.5
2302,20241003,2,3,4,5883,131,8.2,3288.1
2303,20241003,2,1,6,4728,100,32.9,710.0
2304,20241003,1,2,2,4222,135,40.5,1917.0
2305,20241003,3,1,4,3332,133,18.4,3338.3
2306,20241003,1,2,4,3512,155,44.1,3890.5
2307,20241003,2,1,4,5178,88,6.7,2208.8
2308,20241003,3,2,4,2765,94,7.6,2359.4
2309,20241003,3,2,6,2900,106,3.9,752.6
2310,20241003,3,2,1,2535,113,26.4,1412.5
2311,20241004,3,1,2,2456,33,11.9,468.6
2312,20241004,4,1,4,4237,24,29.2,602.4
2313,20241004,3,2,2,2755,62,18.8,880.4
2314,20241004,4,1,2,4586,198,19.1,2811.6
2315,20241004,2,1,3,6866,166,14.1,3784.8
2316,20241004,1,1,4,3786,110,34.3,2761.0
2317,20241004,2,2,3,4385,224,5.0,5107.2
2318,20241004,2,1,6,6491,291,59.8,2066.1
2319,20241004,4,3,6,4686,118,0.0,837.8
2320,20241004,3,2,2,2248,76,0.8,1079.2
2321,20241005,1,1,4,3461,74,10.4,1857.4
2322,20241005,3,2,7,2061,11,5.7,346.5
2323,20241005,2,1,8,6651,267,15.7,9051.3
2324,20241005,2,1,5,7771,101,39.0,646.4
2325,20241005,3,3,2,2950,53,6.9,752.6
2326,20241005,1,2,1,3904,145,21.7,1812.5
2327,20241005,3,1,7,3502,158,7.3,4977.0
2328,20241005,2,3,6,7890,297,24.4,2108.7
2329,20241005,1,1,1,3607,107,8.4,1337.5
2330,20241006,4,2,4,4824,107,5.4,2685.7
2331,20241006,4,3,1,5239,88,11.8,1100.0
2332,20241006,3,1,6,2299,117,37.8,830.7
2333,20241006,4,3,4,4994,159,19.3,3990.9
2334,20241006,1,1,3,3766,30,14.7,684.0
2335,20241006,3,2,5,2827,107,3.4,684.8
2336,20241006,4,2,6,3977,16,40.8,113.6
2337,20241006,2,2,8,5672,185,17.8,6271.5
2338,20241007,2,3,1,5913,166,0.2,2075.0
2339,20241007,2,3,7,6323,237,14.9,7465.5
2340,20241007,4,1,2,3703,114,39.5,1618.8
2341,20241007,1,1,1,3847,61,42.3,762.5
2342,20241007,2,3,6,6025,245,20.0,1739.5
2343,20241007,2,1,4,6075,170,8.2,4267.0
2344,20241008,3,1,8,2319,42,27.6,1423.8
2345,20241008,4,2,6,5122,89,0.2,631.9
2346,20241008,1,3,2,3809,30,2.1,426.0
2347,20241008,3,1,3,2405,76,6.1,1732.8
2348,20241008,3,3,2,2272,59,47.9,837.8
2349,20241008,1,2,2,3484,144,80.8,2044.8
2350,20241008,3,2,2,2692,117,0.6,1661.4
2351,20241008,2,1,1,7482,301,81.6,3762.5
2352,20241009,2,3,1,6643,156,49.2,1950.0
2353,20241009,2,1,5,5965,111,52.6,710.4
2354,20241009,3,1,7,3070,163,35.4,5134.5
2355,20241009,2,2,7,7365,157,4.4,4945.5
2356,20241009,4,2,5,4684,100,26.3,640.0
2357,20241009,3,3,8,2665,112,2.5,3796.8
2358,20241010,2,1,6,5403,138,12.7,979.8
2359,20241010,4,2,4,5152,157,19.9,3940.7
2360,20241010,4,3,4,4806,230,0.0,5773.0
2361,20241010,1,1,7,4250,92,18.4,2898.0
2362,20241010,1,2,7,3593,40,26.6,1260.0
2363,20241010,4,1,3,4327,62,0.0,1413.6
2364,20241010,3,2,1,2602,92,21.0,1150.0
2365,20241011,4,1,2,3975,94,23.6,1334.8
2366,20241011,2,2,6,6490,162,39.6,1150.2
2367,20241011,1,3,1,2946,85,0.1,1062.5
2368,20241011,3,3,1,2805,89,20.3,1112.5
2369,20241011,1,1,2,3438,128,17.2,1817.6
2370,20241011,2,3,7,6955,143,28.2,4504.5
2371,20241012,2,1,4,7872,136,22.0,3413.6
2372,20241012,2,1,1,3929,82,27.3,1025.0
2373,20241012,4,2,2,3992,139,1.5,1973.8
2374,20241012,3,1,3,2559,63,3.5,1436.4
2375,20241012,4,1,8,3784,81,20.5,2745.9
2376,20241012,1,1,8,3831,143,15.4,4847.7
2377,20241012,1,2,1,2974,53,14.9,662.5
2378,20241012,1,3,5,4441,76,9.8,486.4
2379,20241013,1,1,7,4593,95,0.6,2992.5
2380,20241013,1,2,7,3802,154,41.8,4851.0
2381,20241013,2,1,4,6306,234,0.5,5873.4
2382,20241013,2,3,1,5414,141,38.6,1762.5
2383,20241013,1,3,1,4308,26,5.3,325.0
2384,20241013,2,1,2,5781,85,9.9,1207.0
2385,20241013,3,1,2,2651,51,35.1,724.2
2386,20241013,2,1,3,5820,162,1.7,3693.6
2387,20241013,3,1,2,2066,19,18.0,269.8
2388,20241014,4,3,7,3977,201,53.8,6331.5
2389,20241014,2,3,5,6042,186,2.7,1190.4
2390,20241014,4,2,1,4001,50,0.0,625.0
2391,20241014,4,2,8,3640,167,0.0,5661.3
2392,20241014,3,2,6,2960,145,15.9,1029.5
2393,20241014,4,2,7,4594,118,5.7,3717.0
2394,20241014,4,1,6,3880,54,7.6,383.4
2395,20241014,3,3,5,2543,69,76.3,441.6
2396,20241015,2,1,1,6537,215,2.2,2687.5
2397,20241015,1,3,2,3690,161,2.9,2286.2
2398,20241015,3,2,5,2903,64,26.7,409.6
2399,20241015,4,2,6,5518,63,0.9,447.3
2400,20241015,1,3,3,3597,110,14.5,2508.0
2401,20241015,3,1,1,1559,58,6.7,725.0
2402,20241015,2,2,1,5967,146,14.4,1825.0
2403,20241016,3,3,1,2627,94,1.8,1175.0
2404,20241016,1,2,3,3762,41,11.3,934.8
2405,20241016,4,3,2,4363,182,78.9,2584.4
2406,20241016,3,3,6,2579,70,34.8,497.0
2407,20241016,2,2,2,7671,303,25.3,4302.6
2408,20241016,1,2,4,2945,61,7.8,1531.1
2409,20241016,4,3,7,3571,69,22.9,2173.5
2410,20241016,4,1,2,4488,206,13.0,2925.2
2411,20241016,2,1,1,6842,72,14.8,900.0
2412,20241017,4,3,1,4462,133,6.3,1662.5
2413,20241017,4,1,5,5077,125,4.5,800.0
2414,20241017,3,3,6,2614,152,15.4,1079.2
2415,20241017,4,2,3,4817,137,0.0,3123.6
2416,20241017,2,2,6,7719,239,4.9,1696.9
2417,20241017,4,3,8,4654,72,34.1,2440.8
2418,20241017,2,2,5,6002,168,46.3,1075.2
2419,20241017,3,3,7,2442,65,17.7,2047.5
2420,20241017,1,3,5,4222,29,34.5,185.6
2421,20241017,4,2,6,3941,73,7.0,518.3
2422,20241018,1,2,1,3856,151,70.6,1887.5
2423,20241018,1,1,8,3809,168,14.8,5695.2
2424,20241018,4,2,1,4450,218,0.0,2725.0
2425,20241018,3,1,5,2529,123,6.7,787.2
2426,20241018,4,2,7,3884,50,28.9,1575.0
2427,20241018,2,2,4,6155,250,13.9,6275.0
2428,20241019,1,1,4,4372,21,86.2,527.1
2429,20241019,1,2,6,4143,150,67.2,1065.0
2430,20241019,1,3,4,3982,198,3.5,4969.8
2431,20241019,4,2,2,4558,99,0.0,1405.8
2432,20241019,3,1,3,2055,100,1.9,2280.0
2433,20241019,3,2,7,2303,54,80.6,1701.0
2434,20241019,4,1,1,6041,67,6.7,837.5
2435,20241019,1,1,6,4033,208,22.5,1476.8
2436,20241020,1,1,7,3885,137,40.0,4315.5
2437,20241020,1,2,3,3607,42,8.4,957.6
2438,20241020,4,3,2,4244,146,0.0,2073.2
2439,20241020,4,1,3,3709,148,30.2,3374.4
2440,20241020,4,3,3,4390,95,64.5,2166.0
2441,20241020,4,2,8,4814,60,34.3,2034.0
2442,20241020,3,3,7,2751,97,8.7,3055.5
2443,20241021,3,1,8,2940,73,13.4,2474.7
2444,20241021,2,2,4,5482,89,34.5,2233.9
2445,20241021,4,1,5,4615,197,34.8,1260.8
2446,20241021,1,2,6,3161,151,14.7,1072.1
2447,20241021,2,3,6,5197,56,30.5,397.6
2448,20241021,2,2,2,6434,311,21.2,4416.2
2449,20241022,1,2,1,3709,7,3.4,87.5
2450,20241022,2,1,2,7946,368,8.0,5225.6
2451,20241022,2,2,7,6189,181,15.6,5701.5
2452,20241022,1,3,8,4317,223,24.2,7559.7
2453,20241022,2,2,8,7590,198,28.4,6712.2
2454,20241022,2,3,7,5654,179,30.0,5638.5
2455,20241022,1,3,5,3828,138,5.8,883.2
2456,20241023,1,3,3,3877,65,20.3,1482.0
2457,20241023,3,2,5,2988,107,66.1,684.8
2458,20241023,3,1,5,2564,100,12.3,640.0
2459,20241023,4,1,4,4475,169,12.9,4241.9
2460,20241023,1,1,1,5041,267,31.8,3337.5
2461,20241023,4,1,2,4107,115,49.5,1633.0
2462,20241023,2,1,5,6400,166,7.3,1062.4
2463,20241023,2,3,8,6389,325,16.5,11017.5
2464,20241023,2,2,4,5266,224,45.5,5622.4
2465,20241024,3,3,8,2290,29,3.8,983.1
2466,20241024,1,1,5,4008,150,28.8,960.0
2467,20241024,2,1,2,5059,50,2.1,710.0
2468,20241024,4,1,3,4746,206,27.0,4696.8
2469,20241024,3,3,2,3027,91,21.2,1292.2
2470,20241024,4,3,8,4035,189,3.8,6407.1
2471,20241024,1,2,7,3616,59,25.3,1858.5
2472,20241024,4,2,7,3923,82,0.9,2583.0
2473,20241025,1,2,7,2857,105,13.9,3307.5
2474,20241025,2,1,1,5779,121,16.9,1512.5
2475,20241025,3,2,8,2515,125,29.1,4237.5
2476,20241025,1,2,8,3733,71,9.5,2406.9
2477,20241025,2,1,2,7155,281,42.9,3990.2
2478,20241025,2,2,5,6112,61,16.3,390.4
2479,20241025,4,1,8,4673,73,6.7,2474.7
2480,20241025,2,1,6,6719,179,18.5,1270.9
2481,20241026,3,3,1,2423,89,5.0,1112.5
2482,20241026,4,1,8,4126,108,11.3,3661.2
2483,20241026,3,2,4,2431,127,12.6,3187.7
2484,20241026,2,1,7,4954,244,32.9,7686.0
2485,20241026,1,1,3,3211,66,16.1,1504.8
2486,20241026,4,3,5,3827,62,0.0,396.8
2487,20241026,4,2,5,5111,95,18.8,608.0
2488,20241026,4,1,7,4415,133,23.3,4189.5
2489,20241026,1,2,8,3883,131,16.7,4440.9
2490,20241027,2,2,5,4981,87,14.3,556.8
2491,20241027,2,3,3,5813,282,24.0,6429.6
2492,20241027,4,2,1,5333,223,1.7,2787.5
2493,20241027,2,2,1,5988,159,3.4,1987.5
2494,20241027,3,1,3,2861,79,20.2,1801.2
2495,20241027,1,2,7,3168,84,37.6,2646.0
2496,20241028,4,3,5,4612,9,7.4,57.6
2497,20241028,3,1,7,2659,107,1.9,3370.5
2498,20241028,4,2,8,4360,143,75.8,4847.7
2499,20241028,4,3,8,5508,101,3.8,3423.9
2500,20241028,3,2,3,3190,73,1.0,1664.4
2501,20241028,3,3,3,2731,134,0.7,3055.2
2502,20241028,3,3,1,2598,66,5.2,825.0
2503,20241029,4,1,7,5078,239,44.8,7528.5
2504,20241029,2,2,4,5482,113,35.6,2836.3
2505,20241029,3,1,3,2566,82,3.9,1869.6
2506,20241029,4,2,1,4377,58,16.8,725.0
2507,20241029,2,3,4,6044,217,13.4,5446.7
2508,20241029,3,1,6,2961,93,38.0,660.3
2509,20241029,2,3,8,5978,268,1.4,9085.2
2510,20241029,2,2,1,5269,167,6.8,2087.5
2511,20241029,3,1,3,2540,34,2.1,775.2
2512,20241029,4,2,1,4728,137,1.7,1712.5
2513,20241029,3,1,7,2455,135,34.1,4252.5
2514,20241030,1,2,6,3609,160,14.8,1136.0
2515,20241030,3,2,8,2406,101,3.5,3423.9
2516,20241030,2,1,1,5686,155,11.8,1937.5
2517,20241030,4,1,5,4124,99,7.2,633.6
2518,20241030,1,3,8,3993,63,29.4,2135.7
2519,20241030,3,2,4,1757,78,4.5,1957.8
2520,20241030,2,2,1,6387,80,13.7,1000.0
2521,20241031,2,1,7,7021,300,19.2,9450.0
2522,20241031,1,3,8,3842,170,18.7,5763.0
2523,20241031,3,2,7,2867,110,4.2,3465.0
2524,20241031,2,2,6,6744,273,30.3,1938.3
2525,20241031,2,2,1,6270,107,1.4,1337.5
2526,20241031,2,2,5,7383,221,10.9,1414.4
2527,20241031,2,2,3,5846,193,7.8,4400.4
2528,20241031,4,2,5,4949,121,0.0,774.4
2529,20241101,3,1,6,2748,120,0.6,852.0
2530,20241101,3,1,7,2491,75,36.0,2362.5
2531,20241101,2,1,7,6154,192,20.7,6048.0
2532,20241101,3,3,3,3127,84,6.3,1915.2
2533,20241101,1,2,8,3499,64,3.8,2169.6
2534,20241101,3,1,2,2683,42,20.0,596.4
2535,20241102,2,1,2,6086,166,1.2,2357.2
2536,20241102,2,3,5,5210,143,12.1,915.2
2537,20241102,4,3,4,5619,153,0.0,3840.3
2538,20241102,4,2,1,4210,108,22.4,1350.0
2539,20241102,2,1,4,5742,158,2.9,3965.8
2540,20241102,1,3,7,3923,111,18.8,3496.5
2541,20241103,3,1,1,2577,107,35.3,1337.5
2542,20241103,3,3,6,2666,86,22.7,610.6
2543,20241103,1,2,2,3845,143,20.0,2030.6
2544,20241103,4,1,4,4726,142,14.0,3564.2
2545,20241103,3,1,7,2688,135,38.5,4252.5
2546,20241103,1,3,8,2548,114,14.0,3864.6
2547,20241103,3,1,6,2692,77,0.1,546.7
2548,20241104,3,2,5,2725,97,16.1,620.8
2549,20241104,1,3,2,3812,106,12.6,1505.2
2550,20241104,4,2,3,4281,53,10.1,1208.4
2551,20241104,2,1,3,7697,228,2.7,5198.4
2552,20241104,1,1,2,3571,77,9.0,1093.4
2553,20241104,4,2,7,3906,181,4.3,5701.5
2554,20241104,2,3,6,6430,12,10.2,85.2
2555,20241104,4,1,4,4119,169,0.0,4241.9
2556,20241104,4,2,7,4897,157,22.4,4945.5
2557,20241104,1,2,5,3547,77,11.2,492.8
2558,20241104,4,1,6,4656,88,50.4,624.8
2559,20241105,2,1,3,5094,218,28.4,4970.4
2560,20241105,4,3,8,3704,84,50.4,2847.6
2561,20241105,1,3,6,4399,135,14.8,958.5
2562,20241105,2,1,4,5313,103,8.0,2585.3
2563,20241105,4,1,2,4998,161,1.5,2286.2
2564,20241105,2,1,6,6474,67,2.8,475.7
2565,20241105,4,2,4,4572,149,29.3,3739.9
2566,20241105,2,2,5,5344,59,0.3,377.6
2567,20241105,2,3,7,6608,196,14.7,6174.0
2568,20241105,1,1,8,4700,177,4.1,6000.3
2569,20241105,2,3,4,6859,322,26.4,8082.2
2570,20241106,1,3,8,3945,150,18.6,5085.0
2571,20241106,1,3,3,3815,146,21.2,3328.8
2572,20241106,2,3,2,5549,146,6.5,2073.2
2573,20241106,4,2,4,4815,150,0.0,3765.0
2574,20241106,4,2,2,5111,54,23.4,766.8
2575,20241106,4,2,8,4078,73,0.0,2474.7
2576,20241106,1,2,1,3606,145,0.2,1812.5
2577,20241106,2,3,8,6423,174,0.9,5898.6
2578,20241107,1,3,3,3753,158,12.1,3602.4
2579,20241107,2,3,2,6127,152,18.6,2158.4
2580,20241107,4,2,8,3949,251,40.7,8508.9
2581,20241107,1,3,3,3611,110,10.2,2508.0
2582,20241107,1,1,5,3809,42,17.5,268.8
2583,20241107,1,1,3,3298,132,67.3,3009.6
2584,20241108,4,3,3,5002,176,19.3,4012.8
2585,20241108,1,2,4,3995,153,3.4,3840.3
2586,20241108,1,3,8,4575,171,5.8,5796.9
2587,20241108,2,1,8,5493,48,22.1,1627.2
2588,20241108,1,1,2,4206,100,13.3,1420.0
2589,20241108,1,1,1,3681,140,19.3,1750.0
2590,20241109,1,2,6,3735,88,24.2,624.8
2591,20241109,2,1,5,5149,122,49.1,780.8
2592,20241109,2,2,8,5660,178,5.7,6034.2
2593,20241109,3,2,4,2528,48,8.4,1204.8
2594,20241109,2,2,3,5800,224,0.5,5107.2
2595,20241109,4,3,3,3958,76,0.8,1732.8
2596,20241109,3,1,3,2881,77,41.7,1755.6
2597,20241110,1,3,7,3272,113,34.5,3559.5
2598,20241110,3,2,1,2574,76,0.7,950.0
2599,20241110,2,1,4,5147,227,14.2,5697.7
2600,20241110,3,3,2,2699,81,35.7,1150.2
2601,20241110,1,2,6,3712,115,31.7,816.5
2602,20241110,4,2,8,3963,179,2.0,6068.1
2603,20241110,1,3,2,4227,147,40.6,2087.4
2604,20241110,4,3,2,4124,115,6.6,1633.0
2605,20241111,2,2,1,5515,200,4.9,2500.0
2606,20241111,3,1,4,2701,99,9.7,2484.9
2607,20241111,3,3,7,2680,83,17.8,2614.5
2608,20241111,2,1,6,5337,179,3.9,1270.9
2609,20241111,2,1,4,6971,127,2.9,3187.7
2610,20241111,4,1,1,5593,142,21.8,1775.0
2611,20241112,2,1,1,6350,228,17.2,2850.0
2612,20241112,3,2,6,2382,88,27.1,624.8
2613,20241112,2,2,4,6449,95,49.9,2384.5
2614,20241112,4,3,4,5242,67,25.2,1681.7
2615,20241112,1,2,7,4485,125,2.8,3937.5
2616,20241112,3,1,8,3004,31,17.6,1050.9
2617,20241113,1,3,2,3621,162,70.3,2300.4
2618,20241113,1,2,1,3085,108,16.6,1350.0
2619,20241113,3,3,2,3210,114,0.4,1618.8
2620,20241113,3,2,2,2615,54,7.2,766.8
2621,20241113,3,3,4,2615,72,3.6,1807.2
2622,20241113,3,1,1,3095,133,40.1,1662.5
2623,20241113,1,2,5,3829,61,15.0,390.4
2624,20241114,1,3,3,3477,145,0.6,3306.0
2625,20241114,1,1,7,4265,8,44.1,252.0
2626,20241114,1,1,2,3579,36,24.8,511.2
2627,20241114,2,1,4,5888,293,3.2,7354.3
2628,20241114,1,3,4,3241,84,37.4,2108.4
2629,20241114,4,1,5,4782,93,0.0,595.2
2630,20241115,3,3,7,2311,110,2.4,3465.0
2631,20241115,3,1,5,2777,76,42.5,486.4
2632,20241115,1,2,8,4174,197,15.3,6678.3
2633,20241115,4,2,3,4757,187,0.0,4263.6
2634,20241115,3,2,6,2519,85,87.7,603.5
2635,20241115,4,2,1,4082,186,17.8,2325.0
2636,20241115,4,2,6,4214,78,6.7,553.8
2637,20241116,4,3,2,4809,157,0.0,2229.4
2638,20241116,3,3,5,2607,75,10.0,480.0
2639,20241116,1,1,5,3496,124,18.8,793.6
2640,20241116,4,1,8,4415,135,0.0,4576.5
2641,20241116,2,2,8,6670,235,4.8,7966.5
2642,20241116,1,2,8,4370,114,17.0,3864.6
2643,20241116,1,2,7,3911,37,15.4,1165.5
2644,20241116,3,3,2,2519,67,11.0,951.4
2645,20241116,2,1,3,5911,131,17.3,2986.8
2646,20241116,3,3,5,2763,78,5.5,499.2
2647,20241117,1,2,4,3077,55,89.7,1380.5
2648,20241117,4,3,5,3918,100,11.1,640.0
2649,20241117,2,1,1,4579,149,11.9,1862.5
2650,20241117,3,2,2,2871,57,3.9,809.4
2651,20241117,3,1,3,2430,46,12.2,1048.8
2652,20241117,3,1,2,2134,88,23.8,1249.6
2653,20241117,3,1,4,2887,117,9.3,2936.7
2654,20241117,2,2,4,6745,327,24.1,8207.7
2655,20241117,3,2,8,2792,98,2.0,3322.2
2656,20241117,3,2,8,2684,174,21.4,5898.6
2657,20241117,4,3,5,3690,77,37.4,492.8
2658,20241118,2,1,5,5467,123,3.1,787.2
2659,20241118,1,1,3,2266,103,1.1,2348.4
2660,20241118,2,2,4,6088,233,71.4,5848.3
2661,20241118,3,1,8,2308,94,7.5,3186.6
2662,20241118,2,1,2,6126,184,2.8,2612.8
2663,20241118,1,1,1,3028,98,44.2,1225.0
2664,20241118,4,1,3,4925,9,1.3,205.2
2665,20241118,2,1,3,7088,145,3.2,3306.0
2666,20241118,1,1,1,4565,64,30.1,800.0
2667,20241118,3,1,7,3130,171,15.3,5386.5
2668,20241119,3,3,6,2065,30,1.6,213.0
2669,20241119,3,3,4,2751,80,28.7,2008.0
2670,20241119,4,3,7,5037,97,4.5,3055.5
2671,20241119,2,2,3,5820,110,24.3,2508.0
2672,20241119,1,1,8,3267,92,5.8,3118.8
2673,20241119,3,3,8,2286,59,9.3,2000.1
2674,20241119,4,1,3,4014,139,0.0,3169.2
2675,20241119,1,3,5,3780,7,3.7,44.8
2676,20241119,1,1,3,3379,213,35.3,4856.4
2677,20241119,1,1,8,3813,90,19.9,3051.0
2678,20241120,2,2,2,5805,109,23.8,1547.8
2679,20241120,3,3,2,3190,62,4.8,880.4
2680,20241120,2,3,1,6060,272,42.1,3400.0
2681,20241120,2,1,4,5344,184,1.8,4618.4
2682,20241120,3,2,8,2173,108,0.5,3661.2
2683,20241120,1,1,1,4350,119,1.9,1487.5
2684,20241120,3,1,7,2782,115,8.7,3622.5
2685,20241121,3,2,6,2894,47,1.1,333.7
2686,20241121,2,2,1,6424,152,2.3,1900.0
2687,20241121,4,2,3,4246,145,18.6,3306.0
2688,20241121,3,2,6,2672,47,9.1,333.7
2689,20241121,4,2,6,5476,199,0.0,1412.9
2690,20241121,3,1,5,2792,155,50.6,992.0
2691,20241121,1,2,2,4054,179,1.5,2541.8
2692,20241121,1,2,1,2976,73,29.6,912.5
2693,20241121,2,2,8,6073,259,66.7,8780.1
2694,20241122,1,1,8,2995,105,3.2,3559.5
2695,20241122,1,1,2,4435,166,13.5,2357.2
2696,20241122,2,2,8,6056,214,10.7,7254.6
2697,20241122,4,1,1,4345,97,0.0,1212.5
2698,20241122,4,2,7,4756,129,4.5,4063.5
2699,20241122,1,3,7,2931,68,52.5,2142.0
2700,20241122,4,3,5,5157,110,19.6,704.0
2701,20241122,4,2,3,4690,153,19.7,3488.4
2702,20241122,3,1,4,2567,96,20.3,2409.6
2703,20241122,1,2,6,3755,61,19.0,433.1
2704,20241122,1,1,5,3630,120,22.3,768.0
2705,20241123,2,2,1,5219,51,6.2,637.5
2706,20241123,3,3,5,2554,73,7.0,467.2
2707,20241123,2,1,5,7233,170,5.6,1088.0
2708,20241123,1,1,3,4448,101,37.7,2302.8
2709,20241123,2,3,6,6078,255,7.0,1810.5
2710,20241123,3,1,6,2809,106,20.2,752.6
2711,20241123,4,2,5,5035,119,3.7,761.6
2712,20241123,4,1,3,5256,164,20.0,3739.2
2713,20241123,3,1,4,2463,99,20.2,2484.9
2714,20241123,4,1,3,4249,98,10.8,2234.4
2715,20241123,3,2,5,3130,96,15.8,614.4
2716,20241124,4,1,6,4775,150,2.7,1065.0
2717,20241124,1,3,6,4336,231,2.6,1640.1
2718,20241124,1,3,3,3059,108,10.6,2462.4
2719,20241124,3,2,5,2680,127,16.8,812.8
2720,20241124,1,3,2,3994,141,3.5,2002.2
2721,20241124,1,2,8,4194,122,2.9,4135.8
2722,20241124,1,1,3,3356,133,11.4,3032.4
2723,20241124,1,2,6,4040,184,10.0,1306.4
2724,20241124,1,2,6,3441,163,15.4,1157.3
2725,20241124,1,2,6,3659,65,4.0,461.5
2726,20241125,2,3,2,6367,42,16.8,596.4
2727,20241125,3,3,7,2318,58,54.9,1827.0
2728,20241125,1,3,5,3136,100,12.0,640.0
2729,20241125,1,3,8,3413,102,7.8,3457.8
2730,20241125,2,1,8,5152,79,28.0,2678.1
2731,20241125,3,1,4,3059,174,3.2,4367.4
2732,20241125,4,2,5,4234,56,13.4,358.4
2733,20241126,1,1,8,4098,212,6.6,7186.8
2734,20241126,1,1,8,3580,130,2.8,4407.0
2735,20241126,1,2,5,3009,71,14.0,454.4
2736,20241126,3,2,7,2237,85,1.1,2677.5
2737,20241126,1,1,1,3317,120,18.1,1500.0
2738,20241126,3,3,2,2737,24,7.7,340.8
2739,20241126,4,1,4,4444,91,52.1,2284.1
2740,20241126,1,3,6,3615,108,11.6,766.8
2741,20241127,2,2,8,6997,86,11.2,2915.4
2742,20241127,3,2,8,3164,106,5.7,3593.4
2743,20241127,1,3,3,3126,153,42.9,3488.4
2744,20241127,3,2,5,2654,127,4.2,812.8
2745,20241127,3,1,2,2551,111,11.8,1576.2
2746,20241127,4,3,4,4036,120,5.5,3012.0
2747,20241127,4,2,6,4732,177,0.0,1256.7
2748,20241128,1,3,6,2738,82,14.5,582.2
2749,20241128,1,2,5,4383,68,0.5,435.2
2750,20241128,4,2,4,4798,145,14.4,3639.5
2751,20241128,2,1,8,6721,116,8.0,3932.4
2752,20241128,3,2,1,2705,69,16.5,862.5
2753,20241128,1,1,3,3827,98,24.3,2234.4
2754,20241128,2,2,7,6689,219,12.2,6898.5
2755,20241128,4,1,4,5683,262,6.4,6576.2
2756,20241128,1,2,5,4228,99,1.0,633.6
2757,20241128,4,1,4,5257,335,1.1,8408.5
2758,20241128,4,1,6,5564,270,1.1,1917.0
2759,20241129,2,3,7,5927,133,3.6,4189.5
2760,20241129,3,2,4,2375,88,15.7,2208.8
2761,20241129,1,1,6,4584,60,5.9,426.0
2762,20241129,4,3,4,5343,96,3.0,2409.6
2763,20241129,3,1,1,3047,100,32.8,1250.0
2764,20241129,3,1,8,2628,35,3.3,1186.5
2765,20241129,2,1,5,5077,154,29.5,985.6
2766,20241129,4,1,7,5155,180,0.0,5670.0
2767,20241130,1,3,2,2292,48,2.9,681.6
2768,20241130,2,2,7,5133,234,6.5,7371.0
2769,20241130,4,1,6,3399,94,4.6,667.4
2770,20241130,2,3,2,5605,209,16.4,2967.8
2771,20241130,4,2,6,4072,65,1.4,461.5
2772,20241130,3,2,5,3243,151,11.5,966.4
2773,20241130,4,2,8,4016,125,0.0,4237.5
2774,20241130,2,3,3,5371,137,2.8,3123.6
2775,20241130,1,3,5,4558,130,10.8,832.0
2776,20241201,1,1,5,3330,39,20.2,249.6
2777,20241201,3,2,3,2226,24,29.0,547.2
2778,20241201,1,1,2,3505,143,23.4,2030.6
2779,20241201,1,3,3,3687,141,18.4,3214.8
2780,20241201,1,2,5,3901,92,31.1,588.8
2781,20241201,3,3,8,2580,66,19.3,2237.4
2782,20241201,4,2,8,4716,45,10.8,1525.5
2783,20241201,1,3,6,3417,124,19.7,880.4
2784,20241201,2,1,4,7358,115,9.3,2886.5
2785,20241201,3,2,7,2900,96,22.2,3024.0
2786,20241201,2,3,3,6712,168,22.6,3830.4
2787,20241202,3,3,1,2674,89,7.5,1112.5
2788,20241202,4,1,1,5607,155,25.5,1937.5
2789,20241202,3,1,6,3068,119,9.1,844.9
2790,20241202,4,2,7,4640,198,51.8,6237.0
2791,20241202,4,1,8,4826,227,10.5,7695.3
2792,20241202,1,1,5,3497,108,32.4,691.2
2793,20241202,4,2,1,4546,136,36.7,1700.0
2794,20241203,3,3,5,2738,110,0.4,704.0
2795,20241203,4,2,4,4768,91,26.7,2284.1
2796,20241203,4,3,6,4778,194,4.8,1377.4
2797,20241203,2,3,2,5592,102,14.8,1448.4
2798,20241203,1,2,8,3648,98,8.2,3322.2
2799,20241203,2,1,4,5385,258,7.1,6475.8
2800,20241203,3,3,8,2876,129,5.0,4373.1
2801,20241203,1,2,4,3842,119,2.8,2986.9
2802,20241204,1,2,3,4244,183,11.6,4172.4
2803,20241204,3,1,5,2373,84,3.1,537.6
2804,20241204,3,1,2,3152,94,13.3,1334.8
2805,20241204,1,1,5,3925,114,10.3,729.6
2806,20241204,3,2,8,2831,132,5.0,4474.8
2807,20241204,4,3,3,4477,167,0.0,3807.6
2808,20241204,4,1,4,3999,141,7.9,3539.1
2809,20241204,2,1,3,5728,73,33.2,1664.4
2810,20241204,4,3,4,4861,61,0.0,1531.1
2811,20241204,2,1,8,5832,55,27.0,1864.5
2812,20241204,3,2,2,2426,143,60.1,2030.6
2813,20241205,2,2,5,6706,291,2.6,1862.4
2814,20241205,3,1,5,2943,150,20.3,960.0
2815,20241205,3,1,6,2392,86,63.9,610.6
2816,20241205,1,3,1,3371,103,12.9,1287.5
2817,20241205,1,2,6,3932,127,0.5,901.7
2818,20241205,3,1,8,2427,109,6.7,3695.1
2819,20241205,1,2,3,2858,77,14.8,1755.6
2820,20241205,2,3,3,5227,156,24.7,3556.8
2821,20241205,3,1,8,2802,101,45.1,3423.9
2822,20241205,4,1,4,4066,153,0.0,3840.3
2823,20241206,1,3,4,3519,61,5.7,1531.1
2824,20241206,2,1,1,6194,207,26.1,2587.5
2825,20241206,2,3,3,5845,201,42.9,4582.8
2826,20241206,1,2,3,3311,147,25.2,3351.6
2827,20241206,3,1,8,2798,112,12.4,3796.8
2828,20241206,3,3,6,2184,13,3.1,92.3
2829,20241206,1,3,4,3158,60,20.2,1506.0
2830,20241206,2,1,2,7371,167,25.1,2371.4
2831,20241206,1,3,4,4761,75,22.7,1882.5
2832,20241207,4,1,8,4489,90,0.0,3051.0
2833,20241207,1,1,4,3733,109,17.3,2735.9
2834,20241207,4,2,7,4882,163,0.0,5134.5
2835,20241207,4,2,3,3943,262,0.0,5973.6
2836,20241207,2,2,7,6046,118,20.4,3717.0
2837,20241207,2,1,7,6134,174,1.3,5481.0
2838,20241207,3,3,3,2254,94,48.9,2143.2
2839,20241207,1,2,7,3522,140,1.4,4410.0
2840,20241207,4,2,2,4486,193,26.6,2740.6
2841,20241207,1,3,1,3800,94,1.7,1175.0
2842,20241207,1,2,8,3123,74,17.6,2508.6
2843,20241208,3,2,4,3073,87,19.7,2183.7
2844,20241208,2,1,4,7291,129,30.4,3237.9
2845,20241208,4,3,8,4578,183,41.2,6203.7
2846,20241208,1,1,8,4052,71,27.1,2406.9
2847,20241208,4,1,3,4531,92,2.4,2097.6
2848,20241208,2,1,6,6863,185,14.9,1313.5
2849,20241208,4,3,7,3980,79,26.3,2488.5
2850,20241208,1,3,3,3932,164,0.0,3739.2
2851,20241208,4,3,5,4780,56,10.5,358.4
2852,20241209,4,3,2,5531,187,25.5,2655.4
2853,20241209,3,2,7,1992,62,20.3,1953.0
2854,20241209,2,2,4,6601,81,25.9,2033.1
2855,20241209,2,1,5,6795,242,6.1,1548.8
2856,20241209,3,1,5,2586,99,1.1,633.6
2857,20241209,3,1,2,2016,79,7.0,1121.8
2858,20241210,3,1,2,2591,126,14.8,1789.2
2859,20241210,1,1,5,3442,157,24.9,1004.8
2860,20241210,1,3,3,4182,57,17.3,1299.6
2861,20241210,4,3,2,5489,135,10.6,1917.0
2862,20241210,2,1,4,4836,174,12.5,4367.4
2863,20241210,3,1,5,2897,108,7.2,691.2
2864,20241210,1,3,1,3845,120,14.0,1500.0
2865,20241210,1,1,4,2977,32,2.0,803.2
2866,20241210,3,3,1,2423,94,15.2,1175.0
2867,20241210,3,1,5,2218,36,24.6,230.4
2868,20241210,4,1,6,4844,160,0.0,1136.0
2869,20241211,4,1,6,4198,181,0.0,1285.1
2870,20241211,3,3,7,2154,98,0.4,3087.0
2871,20241211,1,1,3,4868,170,7.1,3876.0
2872,20241211,1,3,5,4476,205,4.4,1312.0
2873,20241211,1,1,5,3217,80,16.3,512.0
2874,20241211,3,3,2,2811,102,2.7,1448.4
2875,20241211,3,2,6,2577,96,49.5,681.6
2876,20241211,1,2,6,3392,156,8.8,1107.6
2877,20241211,2,3,7,6817,213,0.3,6709.5
2878,20241211,4,3,6,3839,134,8.5,951.4
2879,20241212,1,3,5,4032,153,5.0,979.2
2880,20241212,4,1,1,4074,48,40.2,600.0
2881,20241212,4,3,1,4791,145,0.0,1812.5
2882,20241212,3,3,8,2666,95,74.2,3220.5
2883,20241212,1,1,4,3679,143,5.0,3589.3
2884,20241212,2,1,4,5618,236,18.9,5923.6
2885,20241212,2,2,2,5525,129,71.9,1831.8
2886,20241213,2,1,3,5130,140,12.4,3192.0
2887,20241213,3,2,4,2342,79,56.8,1982.9
2888,20241213,2,2,8,6353,83,6.8,2813.7
2889,20241213,4,1,4,3988,153,25.0,3840.3
2890,20241213,2,3,5,5832,203,15.4,1299.2
2891,20241213,4,1,8,4377,43,15.9,1457.7
2892,20241213,1,3,4,3224,146,7.6,3664.6
2893,20241214,2,3,3,5329,132,16.3,3009.6
2894,20241214,1,1,8,3043,152,18.9,5152.8
2895,20241214,4,2,8,4626,146,3.9,4949.4
2896,20241214,1,1,3,4713,199,28.7,4537.2
2897,20241214,4,2,5,4060,147,0.4,940.8
2898,20241214,4,2,3,5780,193,3.3,4400.4
2899,20241214,3,2,2,2488,53,10.3,752.6
2900,20241214,1,3,7,2626,83,14.7,2614.5
2901,20241214,2,1,2,6157,195,5.6,2769.0
2902,20241214,4,3,1,4968,171,10.8,2137.5
2903,20241215,3,1,6,2971,131,62.3,930.1
2904,20241215,4,1,6,3498,73,4.5,518.3
2905,20241215,1,2,8,3450,164,0.9,5559.6
2906,20241215,3,3,2,2107,44,12.6,624.8
2907,20241215,3,3,4,2584,73,18.0,1832.3
2908,20241215,1,3,5,4374,192,0.6,1228.8
2909,20241215,1,1,7,3274,132,62.9,4158.0
2910,20241215,3,2,4,2311,78,8.8,1957.8
2911,20241215,4,1,1,3333,133,53.7,1662.5
2912,20241215,4,1,2,3783,32,0.0,454.4
2913,20241215,1,3,1,4134,128,15.4,1600.0
2914,20241216,3,1,2,2101,54,28.5,766.8
2915,20241216,4,1,3,4120,127,2.6,2895.6
2916,20241216,1,1,4,4745,60,32.4,1506.0
2917,20241216,1,1,4,4190,101,12.8,2535.1
2918,20241216,3,2,1,2575,111,58.2,1387.5
2919,20241216,1,3,7,3738,187,13.9,5890.5
2920,20241216,3,2,1,2703,98,22.0,1225.0
2921,20241217,1,1,5,4055,68,38.8,435.2
2922,20241217,1,3,1,3646,125,43.6,1562.5
2923,20241217,4,3,6,4723,61,0.0,433.1
2924,20241217,3,1,4,2693,61,3.3,1531.1
2925,20241217,4,3,7,4074,117,13.2,3685.5
2926,20241217,4,3,6,5134,203,28.7,1441.3
2927,20241217,4,2,5,4001,118,0.0,755.2
2928,20241217,2,1,3,4796,109,21.8,2485.2
2929,20241217,4,1,7,4762,78,17.6,2457.0
2930,20241218,2,2,7,5854,190,8.0,5985.0
2931,20241218,1,3,1,3754,147,10.7,1837.5
2932,20241218,1,2,6,3416,129,17.8,915.9
2933,20241218,2,2,7,5415,204,34.0,6426.0
2934,20241218,1,2,6,3641,78,7.4,553.8
2935,20241218,2,3,8,6564,136,8.5,4610.4
2936,20241218,1,1,5,3906,98,4.1,627.2
2937,20241218,4,2,1,4449,155,4.6,1937.5
2938,20241218,1,1,7,3366,69,17.9,2173.5
2939,20241219,2,1,4,5673,199,52.5,4994.9
2940,20241219,2,3,4,6001,115,39.8,2886.5
2941,20241219,4,3,3,4322,95,8.0,2166.0
2942,20241219,3,3,2,2823,83,15.9,1178.6
2943,20241219,2,3,8,6361,238,30.9,8068.2
2944,20241219,4,1,6,4755,129,12.2,915.9
2945,20241219,3,1,5,2116,36,41.2,230.4
2946,20241219,2,2,4,6191,329,37.6,8257.9
2947,20241219,3,2,3,2419,80,0.7,1824.0
2948,20241219,2,3,8,5919,204,3.9,6915.6
2949,20241219,2,3,5,5385,232,6.3,1484.8
2950,20241220,3,3,3,2472,80,9.9,1824.0
2951,20241220,4,3,1,4209,68,15.9,850.0
2952,20241220,2,3,5,5239,133,12.4,851.2
2953,20241220,3,2,7,2395,37,25.1,1165.5
2954,20241220,1,1,6,3798,92,13.2,653.2
2955,20241220,4,1,3,5800,90,17.0,2052.0
2956,20241220,2,1,3,5356,127,7.6,2895.6
2957,20241221,3,2,3,1972,70,0.4,1596.0
2958,20241221,4,1,2,4379,138,36.4,1959.6
2959,20241221,2,1,5,5751,45,5.6,288.0
2960,20241221,2,2,1,5875,156,1.7,1950.0
2961,20241221,4,2,8,4910,146,3.8,4949.4
2962,20241221,4,1,5,4637,148,0.0,947.2
2963,20241221,2,1,4,6398,326,39.7,8182.6
2964,20241222,1,3,7,3798,93,4.0,2929.5
2965,20241222,2,2,6,5216,129,6.0,915.9
2966,20241222,1,3,8,3590,126,22.0,4271.4
2967,20241222,1,1,6,3575,94,23.2,667.4
2968,20241222,4,1,1,4676,74,27.0,925.0
2969,20241222,1,1,8,3913,135,4.9,4576.5
2970,20241222,4,3,6,4446,148,50.5,1050.8
2971,20241222,2,1,8,4970,121,20.7,4101.9
2972,20241223,4,3,1,3378,85,33.8,1062.5
2973,20241223,3,3,7,2720,91,0.6,2866.5
2974,20241223,1,3,6,3838,159,17.2,1128.9
2975,20241223,2,2,5,5443,186,26.6,1190.4
2976,20241223,3,2,4,2778,88,33.4,2208.8
2977,20241223,4,1,3,4426,199,39.5,4537.2
2978,20241223,2,2,1,6868,170,0.2,2125.0
2979,20241223,3,2,5,2436,44,3.3,281.6
2980,20241223,1,1,7,4083,147,9.3,4630.5
2981,20241224,3,2,3,2300,98,1.1,2234.4
2982,20241224,2,2,2,6025,307,16.2,4359.4
2983,20241224,2,1,7,6309,19,16.7,598.5
2984,20241224,1,3,4,3831,149,43.5,3739.9
2985,20241224,3,3,7,2414,108,1.3,3402.0
2986,20241224,2,2,4,7043,207,11.8,5195.7
2987,20241225,3,3,4,2589,90,0.5,2259.0
2988,20241225,3,2,2,2868,90,4.1,1278.0
2989,20241225,3,2,2,1815,9,1.7,127.8
2990,20241225,3,1,8,1834,48,62.2,1627.2
2991,20241225,4,3,1,4400,101,3.4,1262.5
2992,20241225,1,2,2,4628,195,2.7,2769.0
2993,20241225,1,3,5,3089,153,19.6,979.2
2994,20241225,3,1,1,2475,155,10.0,1937.5
2995,20241225,2,1,3,6074,198,1.9,4514.4
2996,20241225,4,3,6,4851,45,1.0,319.5
2997,20241226,4,1,7,5214,133,1.8,4189.5
2998,20241226,1,3,7,3427,138,7.3,4347.0
2999,20241226,3,2,2,2664,98,0.2,1391.6
3000,20241226,3,1,7,2952,117,19.9,3685.5
3001,20241226,2,1,5,6039,227,6.1,1452.8
3002,20241226,4,2,3,5140,21,17.0,478.8
3003,20241226,4,3,7,4942,115,5.9,3622.5
3004,20241226,1,3,1,3939,120,17.7,1500.0
3005,20241226,3,3,1,2657,138,16.8,1725.0
3006,20241226,3,1,5,2812,63,0.6,403.2
3007,20241227,1,3,7,4657,120,3.4,3780.0
3008,20241227,2,1,8,6015,161,8.6,5457.9
3009,20241227,2,3,7,5062,43,7.8,1354.5
3010,20241227,3,2,7,2920,146,13.6,4599.0
3011,20241227,3,1,5,2864,39,11.5,249.6
3012,20241227,1,2,6,3472,138,12.0,979.8
3013,20241227,2,1,6,5738,203,2.0,1441.3
3014,20241227,1,2,5,3555,114,61.1,729.6
3015,20241227,2,3,4,6195,267,0.1,6701.7
3016,20241227,4,2,2,4430,70,36.1,994.0
3017,20241228,1,1,5,2993,94,25.6,601.6
3018,20241228,4,2,2,5017,125,8.1,1775.0
3019,20241228,3,3,5,2378,13,45.8,83.2
3020,20241228,3,3,3,2433,42,8.6,957.6
3021,20241228,3,3,7,2969,94,2.3,2961.0
3022,20241228,1,2,5,3980,156,0.7,998.4
3023,20241229,4,2,5,4185,113,12.8,723.2
3024,20241229,3,2,3,2779,60,43.9,1368.0
3025,20241229,2,2,2,5538,193,7.7,2740.6
3026,20241229,2,1,2,5540,150,17.5,2130.0
3027,20241229,3,3,4,2276,63,7.2,1581.3
3028,20241229,4,1,4,4187,194,11.2,4869.4
3029,20241229,3,2,4,2883,147,17.3,3689.7
3030,20241230,4,3,2,4010,180,29.7,2556.0
3031,20241230,1,3,8,5220,96,7.7,3254.4
3032,20241230,3,1,5,2667,123,43.5,787.2
3033,20241230,2,1,4,5643,138,1.7,3463.8
3034,20241230,1,1,5,2463,105,47.6,672.0
3035,20241230,4,1,2,4406,110,0.0,1562.0
3036,20241230,1,3,4,3819,122,17.8,3062.2
3037,20241230,3,2,2,2783,61,6.9,866.2
3038,20241230,1,1,8,4025,155,1.8,5254.5
3039,20241231,1,2,6,3145,54,0.4,383.4
3040,20241231,4,3,1,4617,74,23.3,925.0
3041,20241231,1,1,7,4155,147,29.7,4630.5
3042,20241231,2,3,1,5379,86,19.7,1075.0
3043,20241231,3,1,3,2353,58,7.8,1322.4
3044,20241231,1,3,3,3985,146,26.3,3328.8
3045,20241231,4,3,7,4644,60,0.0,1890.0
3046,20250101,3,3,5,2355,29,22.3,185.6
3047,20250101,1,3,3,4008,219,54.2,4993.2
3048,20250101,2,3,6,6269,162,10.9,1150.2
3049,20250101,2,1,6,5092,184,2.5,1306.4
3050,20250101,2,2,7,5610,126,6.1,3969.0
3051,20250101,1,1,3,3732,110,18.4,2508.0
3052,20250101,2,2,6,5533,184,4.2,1306.4
3053,20250101,3,1,8,2384,96,31.4,3254.4
3054,20250101,3,1,1,2715,71,6.0,887.5
3055,20250102,1,2,3,3475,164,0.3,3739.2
3056,20250102,4,3,3,4177,173,1.1,3944.4
3057,20250102,4,2,1,4603,123,56.9,1537.5
3058,20250102,4,3,1,4544,190,17.0,2375.0
3059,20250102,1,1,6,3537,85,43.6,603.5
3060,20250102,4,2,3,4449,164,8.7,3739.2
3061,20250102,3,3,8,3241,115,18.9,3898.5
3062,20250102,2,2,1,5368,131,19.7,1637.5
3063,20250102,4,1,6,4366,161,11.1,1143.1
3064,20250103,3,2,4,2813,52,1.9,1305.2
3065,20250103,2,3,6,6005,233,23.2,1654.3
3066,20250103,1,1,4,3387,19,57.7,476.9
3067,20250103,1,2,7,3582,195,25.1,6142.5
3068,20250103,4,3,3,4256,110,12.3,2508.0
3069,20250103,4,2,8,4588,267,7.3,9051.3
3070,20250103,1,2,8,4268,84,30.4,2847.6
3071,20250103,3,3,8,2635,41,3.2,1389.9
3072,20250103,1,3,2,4241,106,40.9,1505.2
3073,20250103,3,3,3,2777,125,10.2,2850.0
3074,20250103,2,2,3,6854,205,0.3,4674.0
3075,20250104,3,3,1,3083,52,22.9,650.0
3076,20250104,1,3,8,3851,148,54.6,5017.2
3077,20250104,4,1,3,4134,107,0.0,2439.6
3078,20250104,1,2,3,2988,79,6.1,1801.2
3079,20250104,4,2,1,3710,102,24.3,1275.0
3080,20250104,4,1,5,4642,120,20.3,768.0
3081,20250105,3,3,4,2677,19,3.5,476.9
3082,20250105,1,1,8,3982,160,7.6,5424.0
3083,20250105,4,1,1,4787,126,0.0,1575.0
3084,20250105,3,3,8,2710,95,9.1,3220.5
3085,20250105,3,2,6,2500,106,7.5,752.6
3086,20250105,1,1,4,3729,106,35.2,2660.6
3087,20250105,3,1,7,2535,83,11.7,2614.5
3088,20250105,1,1,4,3663,85,24.9,2133.5
3089,20250105,3,1,4,2807,131,7.1,3288.1
3090,20250105,1,1,4,4331,133,34.1,3338.3
3091,20250105,3,2,6,2011,66,80.2,468.6
3092,20250106,3,1,3,2288,38,8.7,866.4
3093,20250106,1,2,8,4134,237,24.4,8034.3
3094,20250106,4,1,7,4603,125,9.7,3937.5
3095,20250106,1,2,8,4029,90,7.4,3051.0
3096,20250106,1,2,6,3363,180,2.4,1278.0
3097,20250106,3,1,7,2686,116,12.8,3654.0
3098,20250106,1,1,5,4310,159,29.9,1017.6
3099,20250106,4,3,1,4911,65,20.9,812.5
3100,20250106,4,1,4,4565,143,1.5,3589.3
3101,20250106,1,3,5,3633,102,22.1,652.8
3102,20250107,4,2,7,3996,127,7.3,4000.5
3103,20250107,1,1,4,4167,151,18.7,3790.1
3104,20250107,2,2,2,5854,83,9.9,1178.6
3105,20250107,3,3,5,2556,139,25.2,889.6
3106,20250107,3,2,5,2779,31,6.9,198.4
3107,20250107,1,3,4,3172,105,3.5,2635.5
3108,20250107,3,1,2,2419,73,55.2,1036.6
3109,20250107,4,1,8,5079,151,24.1,5118.9
3110,20250108,4,3,8,5413,309,0.0,10475.1
3111,20250108,2,1,8,5629,49,3.7,1661.1
3112,20250108,3,3,4,2847,86,8.5,2158.6
3113,20250108,4,1,8,4686,202,8.2,6847.8
3114,20250108,1,3,8,3291,119,14.3,4034.1
3115,20250108,1,1,1,4160,169,17.7,2112.5
3116,20250108,4,2,5,4134,130,9.0,832.0
3117,20250108,3,3,5,2655,60,20.8,384.0
3118,20250108,3,3,6,3185,108,7.7,766.8
3119,20250108,1,1,3,2880,103,14.0,2348.4
3120,20250109,4,2,7,4551,145,22.5,4567.5
3121,20250109,4,3,5,3386,146,65.9,934.4
3122,20250109,3,2,2,2399,18,36.0,255.6
3123,20250109,2,1,3,7530,306,0.9,6976.8
3124,20250109,3,1,7,2734,84,19.9,2646.0
3125,20250109,1,1,3,4157,143,9.7,3260.4
3126,20250109,2,1,1,6707,161,1.0,2012.5
3127,20250109,1,2,4,3615,130,1.3,3263.0
3128,20250109,4,3,8,4949,138,7.0,4678.2
3129,20250110,2,3,4,5381,268,16.0,6726.8
3130,20250110,3,1,5,3164,113,36.7,723.2
3131,20250110,3,2,5,2662,127,13.9,812.8
3132,20250110,3,2,1,2508,94,3.9,1175.0
3133,20250110,1,3,8,4352,182,22.6,6169.8
3134,20250110,2,1,6,4912,82,7.7,582.2
3135,20250110,1,1,3,4040,71,6.5,1618.8
3136,20250111,2,1,2,6125,226,11.9,3209.2
3137,20250111,1,2,3,3595,156,88.9,3556.8
3138,20250111,3,1,3,2477,94,13.9,2143.2
3139,20250111,4,1,5,4399,118,30.1,755.2
3140,20250111,2,1,1,7522,378,0.4,4725.0
3141,20250111,4,1,6,4381,98,4.9,695.8
3142,20250111,3,1,4,2470,109,8.5,2735.9
3143,20250112,1,3,8,3689,76,0.4,2576.4
3144,20250112,4,2,7,4609,238,0.0,7497.0
3145,20250112,4,3,8,4671,120,16.2,4068.0
3146,20250112,3,2,8,2751,68,0.7,2305.2
3147,20250112,1,3,8,3901,143,34.5,4847.7
3148,20250112,3,2,5,2182,74,12.6,473.6
3149,20250113,3,2,3,2894,106,18.3,2416.8
3150,20250113,4,2,5,4220,137,41.2,876.8
3151,20250113,2,2,6,5369,107,23.9,759.7
3152,20250113,4,2,4,4639,80,0.0,2008.0
3153,20250113,2,3,6,5594,206,3.1,1462.6
3154,20250113,4,1,2,4236,194,34.3,2754.8
3155,20250113,4,2,1,4796,158,72.8,1975.0
3156,20250113,1,3,8,3963,149,7.5,5051.1
3157,20250113,1,2,7,4150,180,21.0,5670.0
3158,20250113,3,2,5,2395,66,18.0,422.4
3159,20250113,1,1,2,4419,118,3.6,1675.6
3160,20250114,1,1,5,3743,75,36.1,480.0
3161,20250114,4,1,8,4825,272,78.6,9220.8
3162,20250114,1,2,7,2870,97,15.2,3055.5
3163,20250114,2,3,8,6820,202,1.6,6847.8
3164,20250114,2,2,1,5977,39,16.0,487.5
3165,20250114,1,3,5,4100,83,43.2,531.2
3166,20250114,1,1,2,3318,56,5.0,795.2
3167,20250114,2,1,5,5046,90,10.7,576.0
3168,20250114,4,2,3,4329,154,0.0,3511.2
3169,20250115,1,1,1,4320,32,18.2,400.0
3170,20250115,3,1,8,3350,180,14.6,6102.0
3171,20250115,2,2,8,5272,135,12.2,4576.5
3172,20250115,3,1,8,2806,67,4.0,2271.3
3173,20250115,4,2,7,5167,127,18.5,4000.5
3174,20250115,4,1,8,5635,199,13.6,6746.1
3175,20250115,4,3,5,4162,128,0.0,819.2
3176,20250116,1,3,2,3566,139,0.6,1973.8
3177,20250116,3,1,4,3125,167,11.7,4191.7
3178,20250116,3,3,1,2247,108,15.3,1350.0
3179,20250116,1,2,5,3197,79,2.7,505.6
3180,20250116,1,1,3,3946,174,39.5,3967.2
3181,20250116,3,2,7,3087,112,31.9,3528.0
3182,20250117,1,3,4,4019,150,14.2,3765.0
3183,20250117,2,1,6,6380,65,14.6,461.5
3184,20250117,4,3,6,4414,99,1.4,702.9
3185,20250117,4,3,6,3444,107,5.7,759.7
3186,20250117,3,1,7,2411,15,3.2,472.5
3187,20250117,4,2,1,4789,9,8.0,112.5
3188,20250117,3,2,3,2764,100,1.0,2280.0
3189,20250117,2,2,7,6278,201,22.7,6331.5
3190,20250118,3,3,3,2314,83,3.7,1892.4
3191,20250118,3,3,3,2704,82,6.2,1869.6
3192,20250118,4,3,1,4767,101,0.0,1262.5
3193,20250118,3,2,8,2863,117,8.4,3966.3
3194,20250118,4,1,2,4659,139,0.0,1973.8
3195,20250118,1,1,7,3459,135,26.0,4252.5
3196,20250118,4,2,7,4114,181,0.2,5701.5
3197,20250118,4,1,1,4585,149,9.1,1862.5
3198,20250118,1,2,8,3149,110,22.2,3729.0
3199,20250118,1,1,7,4353,160,34.0,5040.0
3200,20250119,4,2,6,4292,248,47.6,1760.8
3201,20250119,2,3,3,5675,130,25.8,2964.0
3202,20250119,2,2,8,4551,175,30.1,5932.5
3203,20250119,3,2,5,3064,58,3.3,371.2
3204,20250119,2,3,6,6549,184,37.1,1306.4
3205,20250119,3,3,4,2588,52,17.6,1305.2
3206,20250119,4,3,2,3859,160,30.7,2272.0
3207,20250119,3,1,6,2926,143,37.0,1015.3
3208,20250120,1,2,5,4096,50,33.6,320.0
3209,20250120,2,2,6,5525,211,4.1,1498.1
3210,20250120,4,3,8,4515,99,25.3,3356.1
3211,20250120,2,3,8,6616,149,66.5,5051.1
3212,20250120,2,3,8,4934,143,0.4,4847.7
3213,20250120,4,3,5,4414,69,5.5,441.6
3214,20250121,2,1,7,5644,237,3.2,7465.5
3215,20250121,4,3,1,4750,117,0.0,1462.5
3216,20250121,3,1,2,2166,70,18.8,994.0
3217,20250121,4,1,4,4055,132,1.2,3313.2
3218,20250121,2,1,7,7583,238,12.3,7497.0
3219,20250121,2,1,7,6401,113,1.5,3559.5
3220,20250121,3,3,6,2511,25,18.5,177.5
3221,20250121,3,1,5,2864,87,1.6,556.8
3222,20250122,1,1,5,3309,67,1.9,428.8
3223,20250122,4,2,5,4449,172,0.0,1100.8
3224,20250122,1,3,1,3419,96,7.4,1200.0
3225,20250122,1,2,3,3464,115,3.5,2622.0
3226,20250122,1,2,4,4251,71,4.1,1782.1
3227,20250122,4,2,3,3806,40,28.6,912.0
3228,20250122,2,3,1,5850,146,6.5,1825.0
3229,20250122,3,1,5,2702,95,15.5,608.0
3230,20250122,3,1,8,2629,119,12.2,4034.1
3231,20250122,4,1,5,5196,280,28.1,1792.0
3232,20250122,4,1,3,4557,87,0.0,1983.6
3233,20250123,2,1,8,6674,127,40.5,4305.3
3234,20250123,2,2,1,5875,162,81.9,2025.0
3235,20250123,4,1,7,4439,161,11.5,5071.5
3236,20250123,1,2,1,3726,133,28.0,1662.5
3237,20250123,1,3,3,3483,154,4.4,3511.2
3238,20250123,2,1,1,6454,145,11.0,1812.5
3239,20250123,4,1,4,4184,76,39.6,1907.6
3240,20250123,1,1,7,3049,137,29.4,4315.5
3241,20250123,3,2,2,2969,130,0.6,1846.0
3242,20250123,1,1,7,3550,96,21.5,3024.0
3243,20250123,4,2,2,3828,66,15.5,937.2
3244,20250124,3,2,4,2736,57,14.7,1430.7
3245,20250124,1,2,6,3614,76,5.8,539.6
3246,20250124,4,1,2,4524,59,27.7,837.8
3247,20250124,1,3,1,3751,33,20.5,412.5
3248,20250124,4,2,4,4126,8,5.2,200.8
3249,20250124,3,1,6,2559,32,33.2,227.2
3250,20250124,2,3,8,6513,126,13.2,4271.4
3251,20250124,3,1,2,2456,99,3.8,1405.8
3252,20250125,3,3,2,2642,65,0.0,923.0
3253,20250125,4,2,7,4946,184,3.0,5796.0
3254,20250125,4,3,8,5095,171,9.0,5796.9
3255,20250125,2,1,2,5721,87,6.0,1235.4
3256,20250125,4,1,6,3927,104,4.6,738.4
3257,20250125,3,2,6,2774,84,7.4,596.4
3258,20250125,4,3,8,4452,126,0.0,4271.4
3259,20250126,4,1,1,3480,133,6.5,1662.5
3260,20250126,2,1,7,6913,220,4.3,6930.0
3261,20250126,1,1,3,3808,129,6.6,2941.2
3262,20250126,4,2,6,4107,75,0.0,532.5
3263,20250126,2,1,2,4664,39,64.6,553.8
3264,20250126,4,2,2,4433,117,0.0,1661.4
3265,20250126,1,1,4,3818,109,13.1,2735.9
3266,20250126,2,1,8,5675,274,0.1,9288.6
3267,20250126,4,1,8,4329,56,28.9,1898.4
3268,20250126,4,3,5,4205,156,19.9,998.4
3269,20250126,2,2,7,6433,142,0.8,4473.0
3270,20250127,3,2,5,2595,158,11.5,1011.2
3271,20250127,3,2,3,3044,6,22.1,136.8
3272,20250127,2,3,5,6152,240,20.3,1536.0
3273,20250127,3,2,7,2254,40,22.1,1260.0
3274,20250127,4,1,1,5708,125,15.4,1562.5
3275,20250127,3,2,6,2320,95,51.3,674.5
3276,20250127,2,2,7,6246,255,23.1,8032.5
3277,20250127,2,2,4,5720,171,9.5,4292.1
3278,20250128,3,1,1,2396,42,20.3,525.0
3279,20250128,3,1,1,2929,127,25.6,1587.5
3280,20250128,1,2,8,3692,164,8.1,5559.6
3281,20250128,1,2,7,3880,66,8.4,2079.0
3282,20250128,3,2,5,3289,102,2.0,652.8
3283,20250128,4,3,5,5133,140,32.1,896.0
3284,20250128,3,2,4,3136,97,6.4,2434.7
3285,20250128,1,1,6,3406,84,21.7,596.4
3286,20250128,4,2,6,4977,125,0.0,887.5
3287,20250129,1,2,3,3425,139,7.0,3169.2
3288,20250129,3,3,2,2488,49,4.2,695.8
3289,20250129,1,3,3,3333,104,45.1,2371.2
3290,20250129,4,1,5,4877,224,0.0,1433.6
3291,20250129,4,3,7,5035,188,0.0,5922.0
3292,20250129,4,3,6,3794,76,0.0,539.6
3293,20250129,4,2,4,4463,187,96.5,4693.7
3294,20250129,3,1,6,2864,82,14.0,582.2
3295,20250129,4,1,4,3829,95,0.0,2384.5
3296,20250129,1,1,1,4055,111,18.9,1387.5
3297,20250129,1,3,7,3392,157,6.0,4945.5
3298,20250130,3,1,3,3017,121,4.7,2758.8
3299,20250130,1,3,4,2943,65,11.8,1631.5
3300,20250130,1,3,3,2898,114,18.4,2599.2
3301,20250130,1,1,4,3467,89,17.3,2233.9
3302,20250130,1,1,5,4335,210,2.1,1344.0
3303,20250130,4,1,2,4529,9,21.4,127.8
3304,20250130,2,2,4,6471,178,20.8,4467.8
3305,20250130,3,3,6,3114,89,3.2,631.9
3306,20250131,2,1,4,6200,163,12.8,4091.3
3307,20250131,1,2,4,4295,209,4.3,5245.9
3308,20250131,1,2,6,4028,59,8.2,418.9
3309,20250131,4,2,8,4559,88,40.4,2983.2
3310,20250131,2,3,5,6091,143,0.7,915.2
3311,20250131,2,2,6,5298,137,26.8,972.7
3312,20250131,3,3,5,2236,83,0.6,531.2
3313,20250131,3,2,1,2720,113,20.2,1412.5
3314,20250131,3,1,8,2856,92,2.1,3118.8
3315,20250131,2,2,8,6509,297,50.4,10068.3
3316,20250131,2,3,8,6724,255,34.2,8644.5
3317,20250201,1,3,5,3963,164,18.6,1049.6
3318,20250201,3,1,5,1761,104,99.9,665.6
3319,20250201,1,2,2,3749,112,17.4,1590.4
3320,20250201,3,2,3,2790,74,9.7,1687.2
3321,20250201,2,2,1,5903,148,18.8,1850.0
3322,20250201,2,1,3,5107,184,31.5,4195.2
3323,20250201,1,1,6,4141,120,3.4,852.0
3324,20250201,4,1,5,5182,135,2.5,864.0
3325,20250202,4,3,8,4434,137,15.1,4644.3
3326,20250202,3,3,2,2579,18,66.3,255.6
3327,20250202,4,3,1,4348,156,23.7,1950.0
3328,20250202,2,2,1,5401,221,36.8,2762.5
3329,20250202,1,3,4,4931,22,48.4,552.2
3330,20250202,1,3,7,3943,87,31.0,2740.5
3331,20250202,2,1,7,7072,231,3.1,7276.5
3332,20250202,2,3,5,7944,232,11.4,1484.8
3333,20250202,2,1,2,6941,108,6.9,1533.6
3334,20250203,2,1,2,6312,181,10.7,2570.2
3335,20250203,3,2,6,2454,87,13.6,617.7
3336,20250203,2,3,4,6378,177,18.8,4442.7
3337,20250203,3,2,2,2814,92,6.3,1306.4
3338,20250203,4,3,2,4796,171,21.5,2428.2
3339,20250203,3,2,1,3241,137,10.5,1712.5
3340,20250204,3,3,4,2165,47,3.4,1179.7
3341,20250204,3,1,7,2323,44,1.5,1386.0
3342,20250204,4,1,1,4356,101,31.5,1262.5
3343,20250204,1,3,6,4598,140,27.3,994.0
3344,20250204,1,3,6,3754,87,8.6,617.7
3345,20250204,4,3,8,4729,107,4.8,3627.3
3346,20250204,4,2,8,5144,130,30.3,4407.0
3347,20250204,1,2,7,3574,76,9.2,2394.0
3348,20250205,2,1,4,5790,169,17.5,4241.9
3349,20250205,2,3,2,5933,145,6.1,2059.0
3350,20250205,4,2,4,4323,101,19.8,2535.1
3351,20250205,3,2,5,2980,73,3.4,467.2
3352,20250205,4,3,2,4151,85,9.8,1207.0
3353,20250205,3,2,6,2629,29,4.1,205.9
3354,20250205,2,3,4,6524,267,14.0,6701.7
3355,20250206,1,1,5,4203,178,59.6,1139.2
3356,20250206,3,1,8,2011,61,5.5,2067.9
3357,20250206,4,3,5,4601,172,7.3,1100.8
3358,20250206,1,3,5,3788,119,8.8,761.6
3359,20250206,2,1,4,6639,416,12.7,10441.6
3360,20250206,1,2,6,3692,133,17.8,944.3
3361,20250206,4,1,6,4386,153,39.0,1086.3
3362,20250206,1,3,8,4876,155,23.7,5254.5
3363,20250206,2,1,6,6792,73,6.6,518.3
3364,20250206,3,3,6,2564,80,65.4,568.0
3365,20250206,3,3,3,2436,133,10.4,3032.4
3366,20250207,4,2,3,4306,114,13.5,2599.2
3367,20250207,4,2,3,4365,102,14.8,2325.6
3368,20250207,4,2,2,5071,160,10.0,2272.0
3369,20250207,1,2,5,3705,111,4.8,710.4
3370,20250207,4,1,5,4080,97,0.0,620.8
3371,20250207,3,3,6,2368,102,20.2,724.2
3372,20250207,4,3,3,4760,157,0.0,3579.6
3373,20250207,4,2,8,5167,234,38.5,7932.6
3374,20250207,4,3,2,5373,204,0.0,2896.8
3375,20250207,3,1,4,2379,114,25.8,2861.4
3376,20250207,3,1,3,1992,82,4.9,1869.6
3377,20250208,1,3,7,4131,46,19.4,1449.0
3378,20250208,3,1,7,2537,100,60.3,3150.0
3379,20250208,3,2,1,2552,117,59.4,1462.5
3380,20250208,4,3,3,4552,233,0.0,5312.4
3381,20250208,1,2,5,2878,98,0.8,627.2
3382,20250208,4,1,8,4208,202,9.1,6847.8
3383,20250208,1,1,4,3124,63,16.5,1581.3
3384,20250208,2,3,6,5004,110,7.2,781.0
3385,20250209,1,1,5,4250,155,14.4,992.0
3386,20250209,2,1,6,5653,153,8.2,1086.3
3387,20250209,3,3,8,3070,102,5.6,3457.8
3388,20250209,1,1,1,3597,166,3.5,2075.0
3389,20250209,1,2,4,3867,94,3.5,2359.4
3390,20250209,3,3,1,2503,112,3.6,1400.0
3391,20250209,4,1,1,4721,66,0.0,825.0
3392,20250209,4,1,1,3082,172,0.0,2150.0
3393,20250210,4,3,5,3147,86,0.0,550.4
3394,20250210,4,3,6,3950,25,4.8,177.5
3395,20250210,4,2,6,3934,11,0.0,78.1
3396,20250210,2,3,7,5719,216,5.1,6804.0
3397,20250210,4,2,7,4602,129,36.4,4063.5
3398,20250210,4,1,7,5050,141,17.5,4441.5
3399,20250210,1,3,4,3819,121,4.2,3037.1
3400,20250210,1,3,8,4056,157,25.8,5322.3
3401,20250210,4,3,4,4892,85,11.9,2133.5
3402,20250210,2,1,6,6419,126,14.4,894.6
3403,20250210,3,2,2,2726,53,5.2,752.6
3404,20250211,2,2,7,6790,159,3.5,5008.5
3405,20250211,2,1,4,6239,360,7.2,9036.0
3406,20250211,3,2,6,2529,149,18.7,1057.9
3407,20250211,2,3,4,5614,140,12.0,3514.0
3408,20250211,1,2,3,3744,135,9.1,3078.0
3409,20250211,3,1,6,2952,104,6.8,738.4
3410,20250211,1,2,4,2818,89,10.4,2233.9
3411,20250211,1,3,8,4041,153,0.5,5186.7
3412,20250211,3,2,8,2906,52,9.0,1762.8
3413,20250211,4,1,3,4948,119,49.6,2713.2
3414,20250212,2,3,1,6047,63,20.6,787.5
3415,20250212,3,1,6,3112,75,30.4,532.5
3416,20250212,2,3,8,6257,183,19.4,6203.7
3417,20250212,2,3,8,5206,267,37.3,9051.3
3418,20250212,1,1,7,3656,89,16.3,2803.5
3419,20250212,2,2,8,6729,270,14.7,9153.0
3420,20250212,2,1,1,5417,104,5.1,1300.0
3421,20250212,3,2,7,2088,74,15.8,2331.0
3422,20250213,1,3,1,4347,171,11.5,2137.5
3423,20250213,4,2,4,4352,212,25.1,5321.2
3424,20250213,3,2,4,2622,151,48.6,3790.1
3425,20250213,4,3,8,3019,92,31.4,3118.8
3426,20250213,4,1,8,4557,215,26.6,7288.5
3427,20250213,1,3,2,4081,166,2.7,2357.2
3428,20250214,2,1,2,4517,156,6.2,2215.2
3429,20250214,2,1,1,5822,293,5.3,3662.5
3430,20250214,4,3,3,5113,151,0.0,3442.8
3431,20250214,1,1,6,4043,126,52.0,894.6
3432,20250214,2,3,3,6158,165,14.1,3762.0
3433,20250214,1,3,7,3461,182,52.1,5733.0
3434,20250214,1,1,2,3897,156,5.5,2215.2
3435,20250214,4,1,1,4745,104,16.7,1300.0
3436,20250214,1,2,7,4246,121,27.5,3811.5
3437,20250214,2,2,4,6001,126,0.5,3162.6
3438,20250215,3,3,5,2551,83,3.4,531.2
3439,20250215,3,1,7,2165,83,49.0,2614.5
3440,20250215,4,3,7,4473,123,9.0,3874.5
3441,20250215,4,3,3,3794,101,0.0,2302.8
3442,20250215,3,1,5,2398,92,13.0,588.8
3443,20250215,1,1,3,3543,101,21.4,2302.8
3444,20250215,1,3,5,3621,164,38.3,1049.6
3445,20250215,3,3,5,2748,61,53.0,390.4
3446,20250215,4,2,3,5110,89,0.0,2029.2
3447,20250215,3,3,7,2267,102,39.2,3213.0
3448,20250216,1,3,3,3961,105,65.2,2394.0
3449,20250216,1,3,5,4440,192,22.2,1228.8
3450,20250216,4,2,1,4315,55,34.4,687.5
3451,20250216,3,1,1,2837,5,0.1,62.5
3452,20250216,3,1,2,2776,161,7.4,2286.2
3453,20250216,1,1,8,3940,63,5.5,2135.7
3454,20250216,3,1,8,2603,54,11.0,1830.6
3455,20250216,3,3,2,2422,55,3.3,781.0
3456,20250216,4,3,3,4367,119,65.7,2713.2
3457,20250216,1,2,7,4070,51,3.0,1606.5
3458,20250216,2,1,6,5267,171,3.1,1214.1
3459,20250217,1,1,2,3595,48,14.9,681.6
3460,20250217,2,1,3,5397,170,9.4,3876.0
3461,20250217,3,2,5,2492,94,31.5,601.6
3462,20250217,2,3,1,6548,201,17.3,2512.5
3463,20250217,2,1,5,7104,227,5.4,1452.8
3464,20250217,2,2,4,6548,123,16.0,3087.3
3465,20250217,2,2,5,6764,121,6.4,774.4
3466,20250217,2,1,2,6465,285,3.2,4047.0
3467,20250217,3,3,6,2729,108,15.5,766.8
3468,20250217,3,1,5,2533,112,6.6,716.8
3469,20250217,4,2,7,3589,107,48.4,3370.5
3470,20250218,3,2,7,2415,67,2.0,2110.5
3471,20250218,2,3,7,5943,223,37.4,7024.5
3472,20250218,3,1,1,2709,136,5.9,1700.0
3473,20250218,1,3,4,3438,54,2.0,1355.4
3474,20250218,3,1,8,2276,116,8.9,3932.4
3475,20250218,3,2,3,2259,44,2.1,1003.2
3476,20250218,3,2,4,2692,20,40.0,502.0
3477,20250219,3,3,5,2500,65,23.0,416.0
3478,20250219,1,2,8,3393,150,7.2,5085.0
3479,20250219,4,2,7,4569,80,3.0,2520.0
3480,20250219,1,3,1,3462,105,18.1,1312.5
3481,20250219,1,1,5,3699,107,65.1,684.8
3482,20250219,2,1,4,6467,220,14.0,5522.0
3483,20250219,1,2,5,4409,140,5.6,896.0
3484,20250220,2,2,3,4926,101,22.0,2302.8
3485,20250220,1,3,6,3941,192,9.2,1363.2
3486,20250220,1,2,8,4214,178,1.1,6034.2
3487,20250220,3,3,2,2940,107,12.9,1519.4
3488,20250220,4,1,3,5181,71,9.2,1618.8
3489,20250220,3,1,7,2380,70,8.1,2205.0
3490,20250220,1,2,3,3732,136,0.9,3100.8
3491,20250220,1,1,3,4139,192,39.2,4377.6
3492,20250220,1,2,7,3640,152,33.4,4788.0
3493,20250221,4,3,3,4207,142,6.3,3237.6
3494,20250221,2,1,8,5876,195,15.2,6610.5
3495,20250221,3,1,5,2327,4,11.1,25.6
3496,20250221,2,2,2,5569,168,2.4,2385.6
3497,20250221,1,3,4,3675,112,36.1,2811.2
3498,20250221,3,1,4,2197,124,2.7,3112.4
3499,20250221,3,2,3,2639,107,8.0,2439.6
3500,20250222,2,3,5,5276,163,3.1,1043.2
3501,20250222,1,1,4,4100,155,22.2,3890.5
3502,20250222,4,1,4,4087,161,0.0,4041.1
3503,20250222,4,2,1,3403,132,6.9,1650.0
3504,20250222,1,3,8,3332,89,29.3,3017.1
3505,20250222,2,1,1,5902,163,20.9,2037.5
3506,20250222,1,3,2,4012,218,0.1,3095.6
3507,20250222,1,1,3,2764,89,30.8,2029.2
3508,20250222,4,1,5,4761,108,4.6,691.2
3509,20250223,2,1,5,5208,137,43.5,876.8
3510,20250223,1,2,5,3199,82,1.5,524.8
3511,20250223,2,3,1,4627,18,16.0,225.0
3512,20250223,2,3,2,6050,150,4.4,2130.0
3513,20250223,1,1,2,2800,114,36.2,1618.8
3514,20250223,1,3,7,4879,219,32.6,6898.5
3515,20250223,3,1,4,2581,61,7.5,1531.1
3516,20250223,3,3,4,2652,67,5.8,1681.7
3517,20250223,2,3,4,5400,104,25.5,2610.4
3518,20250223,4,3,2,4265,130,20.8,1846.0
3519,20250223,4,3,8,4545,79,17.3,2678.1
3520,20250224,4,2,3,4926,47,21.9,1071.6
3521,20250224,4,2,3,5312,280,0.0,6384.0
3522,20250224,3,1,3,2579,64,17.2,1459.2
3523,20250224,4,1,7,4917,165,28.0,5197.5
3524,20250224,4,3,2,3684,80,5.7,1136.0
3525,20250224,3,1,3,2736,23,18.8,524.4
3526,20250224,4,2,6,4852,179,2.0,1270.9
3527,20250225,1,1,5,3815,75,13.8,480.0
3528,20250225,2,1,6,6028,93,37.1,660.3
3529,20250225,1,2,2,2725,75,4.1,1065.0
3530,20250225,1,1,6,3577,51,4.7,362.1
3531,20250225,2,2,1,5064,156,5.7,1950.0
3532,20250225,2,3,7,5537,233,4.6,7339.5
3533,20250226,4,3,8,4602,104,14.3,3525.6
3534,20250226,3,1,2,2325,4,9.8,56.8
3535,20250226,4,2,1,4860,151,25.2,1887.5
3536,20250226,3,3,5,2820,76,5.1,486.4
3537,20250226,1,1,3,3306,128,11.8,2918.4
3538,20250226,4,3,8,4853,159,4.0,5390.1
3539,20250226,3,3,8,2436,73,3.2,2474.7
3540,20250226,1,3,8,3707,155,29.3,5254.5
3541,20250227,4,3,7,4667,80,2.0,2520.0
3542,20250227,3,2,3,2614,127,0.1,2895.6
3543,20250227,4,3,7,4895,178,0.0,5607.0
3544,20250227,1,2,6,3444,50,15.6,355.0
3545,20250227,2,2,7,6355,258,2.8,8127.0
3546,20250227,4,3,1,3761,100,7.4,1250.0
3547,20250228,3,2,8,3103,110,4.9,3729.0
3548,20250228,2,2,3,5897,125,7.1,2850.0
3549,20250228,2,1,6,5599,178,1.4,1263.8
3550,20250228,1,3,7,3727,186,32.0,5859.0
3551,20250228,3,3,7,2515,103,2.7,3244.5
3552,20250228,2,1,5,5427,171,0.6,1094.4
3553,20250228,4,2,8,4137,154,0.0,5220.6
3554,20250228,1,2,4,3526,60,13.2,1506.0
3555,20250228,1,3,6,3508,106,15.8,752.6
3556,20250301,3,2,2,2574,55,28.2,781.0
3557,20250301,1,3,8,3723,156,28.8,5288.4
3558,20250301,3,2,2,2438,125,16.5,1775.0
3559,20250301,2,1,7,7760,148,0.8,4662.0
3560,20250301,2,2,3,6505,192,12.8,4377.6
3561,20250301,2,3,1,5551,194,42.5,2425.0
3562,20250301,2,2,5,5898,137,59.3,876.8
3563,20250301,3,1,5,2544,32,37.9,204.8
3564,20250301,4,3,8,4724,113,0.0,3830.7
3565,20250301,1,1,7,4705,140,32.5,4410.0
3566,20250302,3,2,1,2959,148,23.5,1850.0
3567,20250302,2,1,5,5618,169,23.1,1081.6
3568,20250302,4,3,4,3111,71,14.7,1782.1
3569,20250302,1,3,1,3222,90,90.6,1125.0
3570,20250302,4,3,8,5266,212,0.0,7186.8
3571,20250302,1,1,5,3742,191,3.7,1222.4
3572,20250302,4,3,8,3862,209,0.0,7085.1
3573,20250302,3,1,6,2616,133,52.4,944.3
3574,20250303,1,3,2,3782,175,6.9,2485.0
3575,20250303,1,2,8,3336,173,12.3,5864.7
3576,20250303,3,3,7,3011,119,0.1,3748.5
3577,20250303,3,1,8,2844,58,5.0,1966.2
3578,20250303,3,2,2,2617,115,5.4,1633.0
3579,20250303,1,1,8,3826,51,6.9,1728.9
3580,20250303,1,2,4,3829,148,24.8,3714.8
3581,20250304,3,2,4,2779,101,3.7,2535.1
3582,20250304,1,2,4,3810,31,13.6,778.1
3583,20250304,1,1,5,4233,150,29.5,960.0
3584,20250304,2,2,7,5538,155,8.6,4882.5
3585,20250304,1,1,7,3926,57,12.7,1795.5
3586,20250304,3,2,4,2623,119,9.6,2986.9
3587,20250304,4,1,8,4551,115,1.6,3898.5
3588,20250304,2,2,4,5210,158,13.2,3965.8
3589,20250305,3,1,7,2208,75,10.5,2362.5
3590,20250305,2,3,4,5409,176,14.6,4417.6
3591,20250305,3,3,7,3060,98,15.0,3087.0
3592,20250305,4,2,6,4591,144,0.0,1022.4
3593,20250305,3,3,2,2921,81,21.9,1150.2
3594,20250305,2,3,8,5292,211,75.5,7152.9
3595,20250305,3,1,7,2223,123,12.5,3874.5
3596,20250305,2,1,1,5911,194,1.3,2425.0
3597,20250305,3,3,3,2482,88,18.2,2006.4
3598,20250305,3,1,7,2550,62,32.8,1953.0
3599,20250306,4,2,7,4854,154,4.5,4851.0
3600,20250306,4,2,4,3641,63,24.0,1581.3
3601,20250306,4,1,8,4976,153,43.1,5186.7
3602,20250306,3,1,8,2648,50,11.4,1695.0
3603,20250306,1,1,6,4113,164,12.6,1164.4
3604,20250306,1,3,6,3126,99,14.7,702.9
3605,20250306,1,3,5,3620,171,15.3,1094.4
3606,20250306,1,3,7,3882,105,14.1,3307.5
3607,20250306,1,1,8,4353,71,3.1,2406.9
3608,20250306,2,2,7,6574,162,19.7,5103.0
3609,20250306,4,2,7,4840,181,15.3,5701.5
3610,20250307,4,2,8,4416,90,18.6,3051.0
3611,20250307,3,2,2,2577,75,17.2,1065.0
3612,20250307,1,1,1,4129,103,18.9,1287.5
3613,20250307,3,2,1,2062,55,1.1,687.5
3614,20250307,3,2,6,2570,72,1.6,511.2
3615,20250307,2,2,2,7916,280,17.4,3976.0
3616,20250307,2,3,3,5898,179,2.8,4081.2
3617,20250308,3,2,1,1970,57,56.0,712.5
3618,20250308,1,3,1,3898,179,15.2,2237.5
3619,20250308,2,1,5,6055,110,6.8,704.0
3620,20250308,4,3,6,4112,98,2.3,695.8
3621,20250308,2,2,4,5829,268,0.1,6726.8
3622,20250308,3,2,8,3039,71,4.9,2406.9
3623,20250309,3,3,3,2475,97,3.3,2211.6
3624,20250309,2,2,2,6881,13,6.3,184.6
3625,20250309,2,1,2,5844,202,0.6,2868.4
3626,20250309,3,1,7,2855,98,13.7,3087.0
3627,20250309,1,2,2,4176,87,10.4,1235.4
3628,20250309,2,2,8,5437,167,21.9,5661.3
3629,20250309,4,3,1,4410,162,5.8,2025.0
3630,20250309,4,3,8,5082,90,33.2,3051.0
3631,20250309,4,2,4,4059,218,26.6,5471.8
3632,20250309,4,1,8,4473,117,20.9,3966.3
3633,20250310,1,1,7,3235,81,31.9,2551.5
3634,20250310,1,1,6,4252,151,13.1,1072.1
3635,20250310,4,1,7,4158,65,4.8,2047.5
3636,20250310,2,3,2,5695,183,12.0,2598.6
3637,20250310,2,3,4,6545,274,5.2,6877.4
3638,20250310,1,3,7,3710,103,0.7,3244.5
3639,20250310,2,1,3,6652,230,5.8,5244.0
3640,20250310,3,3,4,2598,66,29.9,1656.6
3641,20250310,3,2,4,2452,120,31.9,3012.0
3642,20250310,4,1,1,5591,61,11.9,762.5
3643,20250311,4,2,5,4484,167,5.3,1068.8
3644,20250311,4,1,3,4534,180,22.9,4104.0
3645,20250311,2,1,1,6257,176,70.5,2200.0
3646,20250311,1,1,6,4833,143,0.2,1015.3
3647,20250311,2,2,8,6045,329,18.8,11153.1
3648,20250311,4,2,4,4134,205,4.4,5145.5
3649,20250311,1,1,3,3588,101,0.4,2302.8
3650,20250311,2,3,3,6375,196,24.7,4468.8
3651,20250312,1,3,4,3709,121,1.1,3037.1
3652,20250312,2,1,5,6579,166,16.4,1062.4
3653,20250312,1,2,6,3808,146,2.9,1036.6
3654,20250312,1,1,1,3575,63,25.6,787.5
3655,20250312,3,2,5,2804,142,16.0,908.8
3656,20250312,2,2,1,6235,194,13.1,2425.0
3657,20250312,1,1,6,4124,155,6.5,1100.5
3658,20250312,4,2,4,5650,92,42.9,2309.2
3659,20250312,4,2,2,5389,231,1.3,3280.2
3660,20250312,2,2,4,7269,106,1.5,2660.6
3661,20250313,3,3,7,2838,103,10.7,3244.5
3662,20250313,1,2,2,4004,101,54.5,1434.2
3663,20250313,3,1,3,2902,66,2.4,1504.8
3664,20250313,2,3,7,5423,321,9.3,10111.5
3665,20250313,2,3,8,4526,99,20.1,3356.1
3666,20250313,2,1,3,6010,124,28.1,2827.2
3667,20250313,3,2,4,3016,69,2.9,1731.9
3668,20250313,2,2,4,4658,76,6.0,1907.6
3669,20250313,3,1,3,2964,71,11.4,1618.8
3670,20250313,4,3,6,3609,156,17.8,1107.6
3671,20250314,2,2,7,4935,180,9.5,5670.0
3672,20250314,4,2,3,5059,77,0.0,1755.6
3673,20250314,1,2,2,4150,106,10.5,1505.2
3674,20250314,1,2,5,3601,48,10.4,307.2
3675,20250314,1,3,2,4056,136,14.8,1931.2
3676,20250314,1,1,8,4057,67,13.5,2271.3
3677,20250314,2,2,3,5548,213,14.0,4856.4
3678,20250315,3,3,6,3143,102,3.8,724.2
3679,20250315,4,2,2,4077,139,18.5,1973.8
3680,20250315,2,3,8,7005,209,5.6,7085.1
3681,20250315,3,3,6,3159,97,6.1,688.7
3682,20250315,1,2,1,3900,115,28.5,1437.5
3683,20250315,1,3,2,3083,6,7.1,85.2
3684,20250315,4,2,5,3382,111,0.2,710.4
3685,20250315,1,2,2,4416,233,17.9,3308.6
3686,20250315,1,2,7,3974,141,19.7,4441.5
3687,20250315,4,1,8,4612,156,42.6,5288.4
3688,20250316,4,1,5,4613,195,10.6,1248.0
3689,20250316,2,1,8,5917,164,6.0,5559.6
3690,20250316,1,1,5,4444,76,9.2,486.4
3691,20250316,1,1,6,3599,115,30.7,816.5
3692,20250316,3,1,3,2846,63,22.1,1436.4
3693,20250316,3,1,1,2518,56,16.9,700.0
3694,20250316,3,3,8,2605,80,2.4,2712.0
3695,20250317,2,1,6,5897,71,64.4,504.1
3696,20250317,2,1,6,5785,257,0.1,1824.7
3697,20250317,1,3,1,4612,142,0.1,1775.0
3698,20250317,3,1,7,2116,76,0.8,2394.0
3699,20250317,1,3,1,3458,133,15.9,1662.5
3700,20250317,4,1,7,4132,115,0.0,3622.5
3701,20250317,2,2,7,6229,186,29.2,5859.0
3702,20250317,3,3,6,3036,160,15.5,1136.0
3703,20250317,1,1,2,3823,156,18.3,2215.2
3704,20250317,3,3,7,2702,105,55.4,3307.5
3705,20250317,4,1,4,4701,134,0.0,3363.4
3706,20250318,3,3,3,2302,37,10.8,843.6
3707,20250318,3,2,7,1910,75,8.7,2362.5
3708,20250318,2,3,3,5910,102,26.0,2325.6
3709,20250318,1,2,6,4058,127,0.4,901.7
3710,20250318,3,2,3,3199,113,14.6,2576.4
3711,20250318,1,2,6,3468,124,57.8,880.4
3712,20250318,1,2,4,3223,140,0.3,3514.0
3713,20250318,2,2,3,5367,212,32.2,4833.6
3714,20250319,3,1,5,2431,40,47.2,256.0
3715,20250319,4,2,4,4567,140,0.0,3514.0
3716,20250319,1,1,8,3423,113,12.2,3830.7
3717,20250319,3,1,2,2822,102,5.1,1448.4
3718,20250319,2,1,2,6149,251,4.8,3564.2
3719,20250319,4,1,3,4588,111,34.3,2530.8
3720,20250319,2,2,6,6662,51,23.5,362.1
3721,20250319,3,2,3,2413,109,0.9,2485.2
3722,20250319,3,1,4,2270,65,54.7,1631.5
3723,20250320,4,2,3,4498,107,11.6,2439.6
3724,20250320,2,2,7,5956,85,11.2,2677.5
3725,20250320,3,2,2,2194,62,17.3,880.4
3726,20250320,4,1,1,3810,168,40.3,2100.0
3727,20250320,2,1,3,4813,132,16.6,3009.6
3728,20250320,1,3,3,3564,28,35.2,638.4
3729,20250320,2,2,6,6160,129,15.2,915.9
3730,20250320,1,1,6,3925,168,21.0,1192.8
3731,20250321,1,1,5,4095,139,5.2,889.6
3732,20250321,1,2,8,2792,121,27.4,4101.9
3733,20250321,2,1,5,5907,249,19.6,1593.6
3734,20250321,2,3,3,5856,317,12.6,7227.6
3735,20250321,4,3,7,4024,83,27.1,2614.5
3736,20250321,2,1,1,6516,195,5.9,2437.5
3737,20250321,1,2,8,3310,70,14.2,2373.0
3738,20250321,4,3,5,5205,97,2.6,620.8
3739,20250321,3,3,6,2954,125,15.1,887.5
3740,20250322,3,2,7,2550,43,12.4,1354.5
3741,20250322,4,2,2,3613,157,22.9,2229.4
3742,20250322,4,3,5,3392,68,0.0,435.2
3743,20250322,4,1,4,3898,148,57.6,3714.8
3744,20250322,1,3,2,4072,237,8.4,3365.4
3745,20250322,2,3,8,6799,267,64.7,9051.3
3746,20250322,1,1,8,3658,93,19.1,3152.7
3747,20250322,3,3,1,2059,75,18.6,937.5
3748,20250323,1,3,3,2845,79,2.3,1801.2
3749,20250323,1,2,2,3522,88,5.0,1249.6
3750,20250323,1,2,7,4541,98,2.3,3087.0
3751,20250323,1,3,8,3350,19,33.3,644.1
3752,20250323,4,2,5,4650,115,0.0,736.0
3753,20250323,2,3,4,5932,129,13.9,3237.9
3754,20250324,4,2,6,3698,155,5.0,1100.5
3755,20250324,1,1,2,4124,151,40.0,2144.2
3756,20250324,3,2,6,3128,81,4.4,575.1
3757,20250324,2,1,6,4711,154,0.2,1093.4
3758,20250324,4,3,3,3793,77,37.0,1755.6
3759,20250324,3,3,4,2574,61,21.7,1531.1
3760,20250324,4,3,6,4969,221,0.0,1569.1
3761,20250324,3,2,6,2785,96,58.0,681.6
3762,20250324,3,3,1,2180,90,0.5,1125.0
3763,20250324,1,2,7,4127,124,11.4,3906.0
3764,20250324,3,2,5,2430,54,39.2,345.6
3765,20250325,4,3,3,4474,114,0.0,2599.2
3766,20250325,4,3,4,4756,9,0.0,225.9
3767,20250325,4,3,7,4227,135,3.4,4252.5
3768,20250325,2,1,2,6304,196,4.9,2783.2
3769,20250325,2,3,6,4817,113,40.6,802.3
3770,20250325,3,2,4,2401,74,0.1,1857.4
3771,20250325,2,2,1,5433,167,1.7,2087.5
3772,20250325,3,3,6,2201,88,5.5,624.8
3773,20250325,3,3,2,2665,127,19.4,1803.4
3774,20250325,1,3,7,3368,112,20.5,3528.0
3775,20250325,2,3,3,5818,182,9.7,4149.6
3776,20250326,4,3,2,5589,34,0.0,482.8
3777,20250326,1,3,8,3100,127,1.6,4305.3
3778,20250326,1,2,6,2868,80,16.0,568.0
3779,20250326,1,1,5,5063,182,6.8,1164.8
3780,20250326,2,2,3,5520,167,86.7,3807.6
3781,20250326,4,1,7,4600,108,1.5,3402.0
3782,20250326,1,1,6,3863,123,1.3,873.3
3783,20250326,4,1,5,4208,130,8.4,832.0
3784,20250327,2,2,7,5583,276,7.8,8694.0
3785,20250327,2,3,2,6355,92,6.0,1306.4
3786,20250327,1,3,4,3222,128,17.5,3212.8
3787,20250327,2,3,6,5987,146,5.7,1036.6
3788,20250327,4,2,8,4694,122,11.1,4135.8
3789,20250327,3,2,5,2253,66,18.8,422.4
3790,20250327,2,2,5,6740,232,33.2,1484.8
3791,20250327,1,3,3,3778,112,8.8,2553.6
3792,20250328,2,2,1,5122,36,41.9,450.0
3793,20250328,4,3,4,4299,202,8.7,5070.2
3794,20250328,2,1,4,7169,143,0.5,3589.3
3795,20250328,2,3,4,6213,233,8.4,5848.3
3796,20250328,2,2,2,5767,99,7.3,1405.8
3797,20250328,1,1,7,4323,134,23.7,4221.0
3798,20250328,2,2,4,6258,288,13.0,7228.8
3799,20250328,3,2,5,2370,61,13.9,390.4
3800,20250328,4,2,4,4120,92,7.3,2309.2
3801,20250329,1,1,6,4012,125,0.5,887.5
3802,20250329,2,1,5,5951,178,4.2,1139.2
3803,20250329,3,2,7,3300,75,9.3,2362.5
3804,20250329,1,3,1,2884,39,14.7,487.5
3805,20250329,4,3,7,3762,96,0.0,3024.0
3806,20250329,3,3,4,2273,77,26.9,1932.7
3807,20250329,2,2,7,6132,195,1.5,6142.5
3808,20250329,3,2,4,2548,113,95.2,2836.3
3809,20250329,2,1,5,4678,169,4.9,1081.6
3810,20250330,3,1,1,2401,53,8.7,662.5
3811,20250330,1,2,1,4035,123,39.8,1537.5
3812,20250330,1,1,7,3530,107,8.0,3370.5
3813,20250330,3,3,7,2659,87,40.9,2740.5
3814,20250330,3,3,5,2329,80,31.4,512.0
3815,20250330,1,1,6,3137,105,18.0,745.5
3816,20250330,4,3,7,4565,155,0.0,4882.5
3817,20250330,2,1,3,5969,71,2.9,1618.8
3818,20250330,1,3,7,3750,179,21.4,5638.5
3819,20250330,4,1,8,3945,93,25.4,3152.7
3820,20250330,3,2,5,2802,112,1.1,716.8
3821,20250331,2,3,2,4553,248,29.7,3521.6
3822,20250331,4,1,5,5274,108,0.0,691.2
3823,20250331,1,1,6,3932,148,2.9,1050.8
3824,20250331,2,1,3,6137,167,2.8,3807.6
3825,20250331,3,1,1,2445,55,6.4,687.5
3826,20250331,4,3,2,5357,261,0.0,3706.2
3827,20250331,4,1,5,4092,131,1.5,838.4
3828,20250401,3,2,6,2324,57,5.2,404.7
3829,20250401,2,1,1,5884,231,3.0,2887.5
3830,20250401,3,3,8,3314,121,32.4,4101.9
3831,20250401,4,3,1,4560,252,13.1,3150.0
3832,20250401,4,1,6,4443,56,4.0,397.6
3833,20250401,3,3,4,2738,65,33.2,1631.5
3834,20250401,4,1,7,4652,213,1.0,6709.5
3835,20250401,1,1,2,3222,90,6.9,1278.0
3836,20250401,3,2,7,2210,80,7.3,2520.0
3837,20250401,2,1,7,6349,268,16.4,8442.0
3838,20250402,2,3,6,6557,202,0.7,1434.2
3839,20250402,4,2,7,4176,162,0.0,5103.0
3840,20250402,2,2,7,5730,256,12.1,8064.0
3841,20250402,2,1,6,5532,200,1.0,1420.0
3842,20250402,1,3,4,4205,172,21.0,4317.2
3843,20250402,3,3,2,2394,99,13.7,1405.8
3844,20250402,3,1,5,2621,45,25.1,288.0
3845,20250402,4,3,8,3657,79,29.1,2678.1
3846,20250402,4,1,4,4630,134,47.9,3363.4
3847,20250403,3,2,2,2996,97,10.6,1377.4
3848,20250403,1,3,4,3724,167,0.9,4191.7
3849,20250403,3,2,4,2489,49,5.5,1229.9
3850,20250403,2,3,2,6653,228,8.8,3237.6
3851,20250403,3,3,8,2471,108,3.2,3661.2
3852,20250403,1,1,1,3478,136,20.4,1700.0
3853,20250403,3,3,2,2381,87,8.6,1235.4
3854,20250404,4,2,8,5009,135,0.0,4576.5
3855,20250404,3,3,1,2891,89,16.0,1112.5
3856,20250404,1,2,2,3751,154,14.4,2186.8
3857,20250404,3,3,2,2423,103,14.5,1462.6
3858,20250404,1,2,5,3816,171,19.8,1094.4
3859,20250404,2,3,1,6980,268,2.7,3350.0
3860,20250404,2,1,7,5468,216,21.9,6804.0
3861,20250404,3,2,5,1985,78,68.6,499.2
3862,20250404,1,3,8,3687,21,2.8,711.9
3863,20250404,4,2,2,3837,25,1.2,355.0
3864,20250405,2,1,4,5460,225,4.5,5647.5
3865,20250405,4,1,6,5785,201,119.1,1427.1
3866,20250405,1,1,8,3461,112,27.2,3796.8
3867,20250405,1,2,1,3817,127,15.5,1587.5
3868,20250405,3,3,4,2204,124,12.9,3112.4
3869,20250405,1,3,3,3788,136,0.2,3100.8
3870,20250405,4,1,8,4627,119,6.1,4034.1
3871,20250405,1,3,3,3823,173,75.2,3944.4
3872,20250406,3,1,5,2431,77,19.6,492.8
3873,20250406,3,2,5,2469,104,57.8,665.6
3874,20250406,3,1,2,2833,111,27.4,1576.2
3875,20250406,2,3,6,6651,106,1.4,752.6
3876,20250406,2,3,2,4565,173,0.8,2456.6
3877,20250406,1,1,6,3653,58,0.8,411.8
3878,20250406,3,2,5,2690,68,0.2,435.2
3879,20250406,1,2,1,4241,110,32.6,1375.0
3880,20250406,2,3,6,6088,139,7.3,986.9
3881,20250407,3,3,5,2311,95,22.6,608.0
3882,20250407,4,2,2,4081,153,3.4,2172.6
3883,20250407,4,1,6,4384,56,99.1,397.6
3884,20250407,3,1,7,2678,71,5.8,2236.5
3885,20250407,4,1,1,3761,152,9.3,1900.0
3886,20250407,4,2,1,4520,180,10.0,2250.0
3887,20250407,3,2,3,2860,57,13.4,1299.6
3888,20250408,2,1,8,5148,197,5.9,6678.3
3889,20250408,4,3,7,4795,57,0.6,1795.5
3890,20250408,3,3,2,2526,94,1.2,1334.8
3891,20250408,3,3,4,2623,131,6.4,3288.1
3892,20250408,1,2,6,3823,168,0.8,1192.8
3893,20250408,4,3,1,5638,220,30.4,2750.0
3894,20250408,2,3,6,5192,209,39.3,1483.9
3895,20250408,4,2,7,4212,193,0.0,6079.5
3896,20250409,4,2,7,4730,69,14.3,2173.5
3897,20250409,4,2,5,5152,126,0.0,806.4
3898,20250409,4,1,3,6363,44,0.0,1003.2
3899,20250409,3,3,3,2845,108,15.5,2462.4
3900,20250409,4,1,4,3315,71,0.2,1782.1
3901,20250409,4,2,6,3574,93,39.6,660.3
3902,20250410,1,2,7,3269,146,19.9,4599.0
3903,20250410,4,3,4,4945,181,13.4,4543.1
3904,20250410,2,3,3,8593,238,24.1,5426.4
3905,20250410,2,3,3,6608,205,2.4,4674.0
3906,20250410,1,2,2,3006,80,34.5,1136.0
3907,20250410,4,3,7,4799,174,32.0,5481.0
3908,20250410,3,1,2,2563,48,4.0,681.6
3909,20250410,3,3,6,2652,65,10.0,461.5
3910,20250411,2,2,6,5426,247,0.7,1753.7
3911,20250411,3,2,8,2435,60,57.3,2034.0
3912,20250411,2,2,1,4795,206,18.0,2575.0
3913,20250411,2,3,7,5948,180,1.5,5670.0
3914,20250411,1,2,2,3743,145,3.0,2059.0
3915,20250411,4,1,4,4899,215,28.9,5396.5
3916,20250411,2,3,2,7108,259,48.7,3677.8
3917,20250411,4,1,8,4484,159,0.0,5390.1
3918,20250411,4,2,5,5348,128,10.7,819.2
3919,20250411,2,2,1,5965,199,1.3,2487.5
3920,20250411,3,3,6,2303,34,25.8,241.4
3921,20250412,2,3,3,5776,221,10.6,5038.8
3922,20250412,1,3,5,3799,85,12.4,544.0
3923,20250412,1,1,3,3806,112,26.7,2553.6
3924,20250412,3,3,6,2396,84,9.6,596.4
3925,20250412,2,2,3,4026,128,6.3,2918.4
3926,20250412,2,2,6,6472,144,25.0,1022.4
3927,20250412,4,2,7,4894,102,26.1,3213.0
3928,20250412,1,1,1,3984,7,7.5,87.5
3929,20250413,2,3,8,6047,360,45.4,12204.0
3930,20250413,2,1,2,6286,304,16.4,4316.8
3931,20250413,1,2,3,3722,127,9.6,2895.6
3932,20250413,2,1,6,6236,168,2.5,1192.8
3933,20250413,4,3,6,5191,272,47.8,1931.2
3934,20250413,1,1,6,3812,133,2.0,944.3
3935,20250413,1,3,6,3652,82,2.6,582.2
3936,20250413,2,2,2,5651,65,46.4,923.0
3937,20250414,2,1,1,6116,96,41.2,1200.0
3938,20250414,1,3,6,3644,159,25.6,1128.9
3939,20250414,4,1,8,4552,161,4.5,5457.9
3940,20250414,2,2,6,5794,181,7.8,1285.1
3941,20250414,1,3,1,3344,85,29.3,1062.5
3942,20250414,4,1,6,4048,88,17.3,624.8
3943,20250414,2,3,8,6051,199,22.0,6746.1
3944,20250415,2,3,1,6454,239,23.6,2987.5
3945,20250415,1,2,4,3759,223,66.4,5597.3
3946,20250415,3,3,4,2491,99,8.6,2484.9
3947,20250415,2,3,7,5436,153,56.0,4819.5
3948,20250415,2,1,3,4894,124,20.5,2827.2
3949,20250415,1,3,7,3696,109,72.2,3433.5
3950,20250415,3,3,6,2069,81,20.9,575.1
3951,20250415,4,1,3,3965,132,79.7,3009.6
3952,20250415,1,2,2,4024,152,1.4,2158.4
3953,20250415,1,1,3,3973,35,7.5,798.0
3954,20250415,4,2,8,4440,114,0.0,3864.6
3955,20250416,2,2,8,6451,52,11.3,1762.8
3956,20250416,4,1,6,4786,132,14.1,937.2
3957,20250416,4,1,6,3957,15,0.0,106.5
3958,20250416,1,3,2,3700,143,20.5,2030.6
3959,20250416,4,1,5,4372,8,0.8,51.2
3960,20250416,2,1,3,5218,271,9.9,6178.8
3961,20250416,4,1,8,4635,219,11.1,7424.1
3962,20250416,4,2,5,4781,141,18.7,902.4
3963,20250417,1,2,3,4747,150,3.4,3420.0
3964,20250417,2,2,1,5610,143,10.0,1787.5
3965,20250417,2,3,1,5622,175,42.9,2187.5
3966,20250417,2,2,2,5981,114,41.1,1618.8
3967,20250417,1,1,1,3897,141,6.7,1762.5
3968,20250417,4,2,2,4254,144,9.0,2044.8
3969,20250417,4,3,8,5556,90,0.0,3051.0
3970,20250417,1,1,8,3921,98,70.3,3322.2
3971,20250418,4,3,5,4545,160,32.4,1024.0
3972,20250418,3,3,3,2907,55,2.2,1254.0
3973,20250418,2,1,7,6107,230,6.8,7245.0
3974,20250418,3,2,8,2337,61,6.7,2067.9
3975,20250418,4,1,3,4767,125,0.0,2850.0
3976,20250418,4,3,4,4380,41,20.4,1029.1
3977,20250418,3,2,8,2583,143,38.4,4847.7
3978,20250418,3,1,2,2927,166,6.9,2357.2
3979,20250418,4,3,6,4094,90,23.2,639.0
3980,20250418,2,2,7,6565,267,85.7,8410.5
3981,20250419,2,3,4,6577,83,7.0,2083.3
3982,20250419,2,1,3,6473,161,30.3,3670.8
3983,20250419,2,3,7,6633,140,27.0,4410.0
3984,20250419,4,2,1,5182,136,0.0,1700.0
3985,20250419,3,3,4,3047,160,2.1,4016.0
3986,20250419,3,1,6,2382,80,0.9,568.0
3987,20250419,1,2,8,3948,13,16.7,440.7
3988,20250419,2,1,4,5510,200,24.9,5020.0
3989,20250420,1,2,7,3934,49,9.4,1543.5
3990,20250420,2,2,7,5970,191,14.4,6016.5
3991,20250420,2,2,3,5235,145,7.5,3306.0
3992,20250420,3,2,5,2311,43,14.3,275.2
3993,20250420,2,3,1,6744,220,7.1,2750.0
3994,20250420,2,1,2,6187,125,20.4,1775.0
3995,20250420,1,1,8,4323,217,4.2,7356.3
3996,20250420,2,3,3,5794,142,13.9,3237.6
3997,20250420,2,3,2,6500,13,9.6,184.6
3998,20250420,4,1,3,4086,85,0.0,1938.0
3999,20250420,4,1,5,4499,87,28.2,556.8
4000,20250421,2,2,3,7011,112,54.8,2553.6
4001,20250421,1,1,1,3835,130,8.7,1625.0
4002,20250421,1,2,8,3884,147,3.6,4983.3
4003,20250421,2,1,4,6388,255,2.3,6400.5
4004,20250421,4,2,2,3400,116,62.0,1647.2
4005,20250421,4,3,2,3628,95,0.0,1349.0
4006,20250421,1,2,6,4099,165,28.7,1171.5
4007,20250421,2,3,2,6229,78,3.0,1107.6
4008,20250422,1,2,7,4342,8,5.4,252.0
4009,20250422,4,3,6,4310,172,4.5,1221.2
4010,20250422,3,3,7,2632,90,9.4,2835.0
4011,20250422,4,2,1,4695,211,4.7,2637.5
4012,20250422,4,1,3,5268,102,29.7,2325.6
4013,20250422,1,2,8,3166,134,3.9,4542.6
4014,20250422,4,1,3,4013,93,14.0,2120.4
4015,20250422,3,1,3,2622,93,22.8,2120.4
4016,20250422,1,1,5,3878,161,10.5,1030.4
4017,20250422,1,2,1,3299,82,27.8,1025.0
4018,20250423,2,1,2,6419,207,16.1,2939.4
4019,20250423,1,2,3,3501,166,6.4,3784.8
4020,20250423,3,3,4,2967,34,1.1,853.4
4021,20250423,1,2,1,3346,7,25.1,87.5
4022,20250423,1,2,1,4357,88,8.9,1100.0
4023,20250423,4,3,3,5130,89,3.4,2029.2
4024,20250423,1,2,2,3049,57,15.0,809.4
4025,20250423,1,3,4,3536,173,37.1,4342.3
4026,20250423,4,3,7,4305,126,31.6,3969.0
4027,20250423,3,3,8,2189,11,31.5,372.9
4028,20250423,3,1,4,2613,100,66.0,2510.0
4029,20250424,4,3,8,4393,90,0.0,3051.0
4030,20250424,2,3,4,5309,204,30.8,5120.4
4031,20250424,2,3,6,5934,239,8.1,1696.9
4032,20250424,3,2,2,2787,135,36.7,1917.0
4033,20250424,4,1,2,4125,98,20.3,1391.6
4034,20250424,3,3,2,2336,50,18.0,710.0
4035,20250424,1,1,1,4179,78,0.8,975.0
4036,20250425,4,2,8,4229,124,3.1,4203.6
4037,20250425,4,3,3,5650,233,26.3,5312.4
4038,20250425,2,1,7,5676,99,5.5,3118.5
4039,20250425,1,1,1,3538,130,20.5,1625.0
4040,20250425,1,2,6,3221,100,6.3,710.0
4041,20250425,1,2,4,4193,107,20.2,2685.7
4042,20250425,4,1,3,4582,314,0.0,7159.2
4043,20250425,2,1,8,5782,98,2.5,3322.2
4044,20250425,4,1,5,5418,158,28.2,1011.2
4045,20250425,3,3,4,1854,85,10.4,2133.5
4046,20250425,4,1,8,3565,106,7.9,3593.4
4047,20250426,3,3,5,2718,119,4.4,761.6
4048,20250426,4,1,4,5307,116,0.0,2911.6
4049,20250426,2,1,2,5834,241,4.9,3422.2
4050,20250426,3,2,2,2652,69,33.2,979.8
4051,20250426,4,1,3,4801,108,2.9,2462.4
4052,20250426,4,2,5,3626,181,0.0,1158.4
4053,20250426,4,3,1,4605,189,0.0,2362.5
4054,20250426,3,2,8,3227,68,29.5,2305.2
4055,20250426,4,2,5,5192,163,0.0,1043.2
4056,20250426,1,1,1,3219,100,18.1,1250.0
4057,20250426,1,3,1,3453,105,8.4,1312.5
4058,20250427,4,3,7,5099,210,0.0,6615.0
4059,20250427,2,1,4,6081,253,10.7,6350.3
4060,20250427,1,1,6,4034,164,9.2,1164.4
4061,20250427,3,3,8,2852,10,28.6,339.0
4062,20250427,3,2,4,1782,86,2.1,2158.6
4063,20250427,2,1,5,7441,130,8.6,832.0
4064,20250428,3,3,5,2538,83,1.0,531.2
4065,20250428,2,2,2,5824,76,21.9,1079.2
4066,20250428,3,1,3,2842,85,5.9,1938.0
4067,20250428,4,1,6,5168,110,0.0,781.0
4068,20250428,1,3,2,4181,13,1.0,184.6
4069,20250428,2,3,6,5505,205,7.7,1455.5
4070,20250428,1,1,3,3501,102,23.9,2325.6
4071,20250428,2,2,2,5819,136,4.7,1931.2
4072,20250428,2,1,5,6225,94,14.1,601.6
4073,20250428,1,1,1,4033,80,0.6,1000.0
4074,20250428,3,3,7,2650,86,9.7,2709.0
4075,20250429,2,3,8,4896,13,7.6,440.7
4076,20250429,2,1,2,7003,224,39.1,3180.8
4077,20250429,1,2,6,3432,118,55.8,837.8
4078,20250429,1,2,8,3415,127,10.5,4305.3
4079,20250429,2,1,2,5883,40,4.2,568.0
4080,20250429,1,2,4,3949,83,42.5,2083.3
4081,20250429,1,1,3,3553,55,57.0,1254.0
4082,20250429,1,3,3,3862,171,3.4,3898.8
4083,20250430,3,3,7,2552,65,5.2,2047.5
4084,20250430,2,3,1,6077,119,7.6,1487.5
4085,20250430,1,2,5,3885,137,2.8,876.8
4086,20250430,4,2,3,4514,150,15.8,3420.0
4087,20250430,2,3,3,6495,283,6.5,6452.4
4088,20250430,4,3,1,5140,226,0.0,2825.0
4089,20250430,4,1,8,4465,189,38.3,6407.1
4090,20250501,4,2,4,4155,158,0.0,3965.8
4091,20250501,4,1,1,4293,102,7.2,1275.0
4092,20250501,2,1,8,4712,180,23.5,6102.0
4093,20250501,2,3,7,6756,173,72.8,5449.5
4094,20250501,4,1,5,4049,150,0.0,960.0
4095,20250501,4,2,7,4661,107,2.8,3370.5
4096,20250501,2,1,2,6216,84,0.0,1192.8
4097,20250501,4,1,8,4127,165,0.0,5593.5
4098,20250501,4,2,2,3980,103,0.0,1462.6
4099,20250502,1,3,2,3848,57,10.6,809.4
4100,20250502,4,3,3,3996,230,1.2,5244.0
4101,20250502,1,2,6,4207,102,1.7,724.2
4102,20250502,1,3,5,3767,108,2.8,691.2
4103,20250502,4,1,6,3427,70,30.5,497.0
4104,20250502,1,1,3,3694,84,79.4,1915.2
4105,20250503,2,3,5,6095,227,12.2,1452.8
4106,20250503,2,2,1,7063,60,26.6,750.0
4107,20250503,4,2,4,5229,200,0.0,5020.0
4108,20250503,4,1,1,4613,252,15.2,3150.0
4109,20250503,1,1,8,3333,61,17.5,2067.9
4110,20250503,3,2,8,2886,108,17.6,3661.2
4111,20250503,2,3,1,6533,166,21.5,2075.0
4112,20250504,1,1,4,4820,108,3.1,2710.8
4113,20250504,1,2,3,3292,100,32.8,2280.0
4114,20250504,4,3,2,4464,227,13.1,3223.4
4115,20250504,2,1,6,4690,211,7.1,1498.1
4116,20250504,2,3,7,6332,243,20.0,7654.5
4117,20250504,3,1,8,2847,96,10.3,3254.4
4118,20250505,4,1,1,3614,112,5.8,1400.0
4119,20250505,1,2,8,4457,220,11.8,7458.0
4120,20250505,2,3,4,6766,174,0.0,4367.4
4121,20250505,2,2,1,5170,82,19.3,1025.0
4122,20250505,4,1,3,5550,241,0.0,5494.8
4123,20250505,3,3,4,2421,54,21.7,1355.4
4124,20250505,4,3,7,4744,103,0.0,3244.5
4125,20250506,4,3,6,4437,161,0.0,1143.1
4126,20250506,4,3,2,3699,80,0.0,1136.0
4127,20250506,2,3,1,6914,236,13.8,2950.0
4128,20250506,1,2,5,3172,71,0.7,454.4
4129,20250506,2,3,8,6489,191,5.1,6474.9
4130,20250506,2,2,1,7128,261,45.0,3262.5
4131,20250506,3,1,1,3497,212,8.4,2650.0
4132,20250506,3,2,4,2643,91,10.9,2284.1
4133,20250506,3,2,6,2446,88,14.6,624.8
4134,20250506,3,1,2,2238,52,33.4,738.4
4135,20250507,4,3,7,3884,124,21.6,3906.0
4136,20250507,3,2,8,2936,44,2.1,1491.6
4137,20250507,2,2,8,5668,299,2.0,10136.1
4138,20250507,3,3,3,2475,69,18.0,1573.2
4139,20250507,1,3,5,3220,51,16.5,326.4
4140,20250507,1,2,8,3597,181,33.5,6135.9
4141,20250507,1,2,3,3478,159,85.5,3625.2
4142,20250507,4,2,2,4395,67,26.0,951.4
4143,20250507,1,3,1,3403,106,11.1,1325.0
4144,20250507,1,3,5,4416,148,13.0,947.2
4145,20250508,3,3,7,2335,41,33.4,1291.5
4146,20250508,1,1,2,3321,65,7.2,923.0
4147,20250508,1,3,4,4412,151,36.3,3790.1
4148,20250508,3,1,4,2380,124,0.1,3112.4
4149,20250508,4,2,8,4445,115,31.7,3898.5
4150,20250508,3,3,5,2788,77,11.0,492.8
4151,20250508,3,3,8,2377,94,25.3,3186.6
4152,20250508,2,1,7,6299,260,3.1,8190.0
4153,20250509,2,3,4,5367,254,7.8,6375.4
4154,20250509,2,2,5,4944,241,5.2,1542.4
4155,20250509,3,1,4,2759,96,15.1,2409.6
4156,20250509,1,1,2,4469,95,99.2,1349.0
4157,20250509,2,2,2,5496,196,19.6,2783.2
4158,20250509,2,1,8,5355,139,18.5,4712.1
4159,20250509,2,2,1,5708,149,51.0,1862.5
4160,20250509,4,3,2,4748,197,0.0,2797.4
4161,20250509,2,2,6,6284,304,4.2,2158.4
4162,20250509,1,2,8,3959,90,19.5,3051.0
4163,20250509,3,3,6,2691,119,3.7,844.9
4164,20250510,2,3,1,5606,263,8.3,3287.5
4165,20250510,4,1,6,4073,141,17.8,1001.1
4166,20250510,2,3,7,6195,151,11.4,4756.5
4167,20250510,3,2,8,2762,152,1.6,5152.8
4168,20250510,4,1,5,3834,120,0.0,768.0
4169,20250510,2,3,8,5432,170,19.3,5763.0
4170,20250510,4,1,7,4383,77,33.6,2425.5
4171,20250511,3,1,4,2462,103,3.0,2585.3
4172,20250511,3,1,1,2530,72,14.0,900.0
4173,20250511,2,3,3,6556,117,9.7,2667.6
4174,20250511,3,1,3,2509,48,29.9,1094.4
4175,20250511,2,3,8,6353,129,5.9,4373.1
4176,20250511,4,1,8,4052,172,8.2,5830.8
4177,20250511,1,1,1,3470,99,45.6,1237.5
4178,20250512,4,1,6,4775,153,42.5,1086.3
4179,20250512,2,1,1,5406,235,36.2,2937.5
4180,20250512,4,2,8,4331,170,0.0,5763.0
4181,20250512,4,2,7,4219,111,10.5,3496.5
4182,20250512,1,1,2,3060,134,10.5,1902.8
4183,20250512,3,2,1,2709,147,42.1,1837.5
4184,20250512,4,2,1,4726,182,33.3,2275.0
4185,20250512,1,2,5,3737,89,11.0,569.6
4186,20250512,4,3,4,4312,112,21.4,2811.2
4187,20250512,3,1,7,2944,213,6.3,6709.5
4188,20250513,4,2,2,3909,105,10.7,1491.0
4189,20250513,4,2,1,4620,109,5.0,1362.5
4190,20250513,4,2,4,4624,181,0.0,4543.1
4191,20250513,3,1,2,2541,134,9.4,1902.8
4192,20250513,4,1,3,4134,80,0.0,1824.0
4193,20250513,1,1,6,3533,86,2.5,610.6
4194,20250514,3,3,4,1991,86,34.2,2158.6
4195,20250514,1,3,4,4584,81,1.7,2033.1
4196,20250514,2,1,8,4330,130,62.3,4407.0
4197,20250514,4,3,1,4696,172,1.3,2150.0
4198,20250514,2,3,8,6377,211,47.3,7152.9
4199,20250514,3,1,4,2655,134,32.6,3363.4
4200,20250514,1,1,6,4015,92,19.9,653.2
4201,20250515,3,1,1,2603,113,60.0,1412.5
4202,20250515,4,1,2,3526,116,21.9,1647.2
4203,20250515,2,2,7,6220,323,5.0,10174.5
4204,20250515,1,2,1,3653,81,11.6,1012.5
4205,20250515,1,2,7,4347,169,48.7,5323.5
4206,20250515,2,2,4,5960,259,4.6,6500.9
4207,20250515,4,2,5,4045,165,17.1,1056.0
4208,20250515,3,2,3,2668,86,29.2,1960.8
4209,20250515,1,1,8,3780,119,3.0,4034.1
4210,20250515,4,2,6,3485,127,8.6,901.7
4211,20250515,3,3,8,2440,75,6.2,2542.5
4212,20250516,3,2,3,2820,31,7.6,706.8
4213,20250516,4,1,4,3623,108,21.2,2710.8
4214,20250516,2,1,4,6053,90,9.9,2259.0
4215,20250516,4,2,8,3777,66,29.5,2237.4
4216,20250516,3,3,3,2618,98,3.6,2234.4
4217,20250516,2,3,8,4783,108,0.1,3661.2
4218,20250516,4,3,8,4483,75,0.0,2542.5
4219,20250516,4,3,4,3548,101,12.4,2535.1
4220,20250516,2,2,8,6095,92,4.3,3118.8
4221,20250516,2,1,8,5697,73,0.3,2474.7
4222,20250517,3,3,7,2532,101,7.0,3181.5
4223,20250517,3,3,4,3170,121,3.1,3037.1
4224,20250517,4,1,7,4470,125,0.0,3937.5
4225,20250517,2,2,1,6633,263,16.7,3287.5
4226,20250517,3,2,2,2639,91,26.5,1292.2
4227,20250517,2,1,3,5697,297,0.5,6771.6
4228,20250517,1,2,6,2825,81,12.9,575.1
4229,20250517,2,1,7,6805,291,15.7,9166.5
4230,20250517,3,3,4,2149,95,6.4,2384.5
4231,20250518,1,1,4,4272,132,1.9,3313.2
4232,20250518,1,2,3,3830,140,17.3,3192.0
4233,20250518,1,2,4,4186,95,2.5,2384.5
4234,20250518,4,1,7,3739,79,20.3,2488.5
4235,20250518,2,2,4,4571,182,6.0,4568.2
4236,20250518,3,1,6,2499,101,5.1,717.1
4237,20250519,3,1,6,2524,96,63.9,681.6
4238,20250519,2,2,8,7827,108,3.8,3661.2
4239,20250519,2,2,8,6366,215,28.4,7288.5
4240,20250519,1,2,2,3950,151,48.4,2144.2
4241,20250519,4,1,5,4537,170,0.0,1088.0
4242,20250519,4,3,5,4327,16,0.0,102.4
4243,20250520,4,2,5,4835,120,2.1,768.0
4244,20250520,1,1,8,3593,111,4.9,3762.9
4245,20250520,4,2,4,4642,155,12.7,3890.5
4246,20250520,1,3,1,4090,126,3.2,1575.0
4247,20250520,1,3,1,3595,77,17.4,962.5
4248,20250520,2,1,8,4840,119,13.2,4034.1
4249,20250520,3,2,4,2245,83,30.0,2083.3
4250,20250520,4,1,7,4926,189,9.4,5953.5
4251,20250520,1,2,3,3060,151,0.5,3442.8
4252,20250520,3,2,3,2698,132,8.9,3009.6
4253,20250520,3,2,8,2620,84,1.8,2847.6
4254,20250521,3,1,1,2465,106,5.7,1325.0
4255,20250521,2,2,8,6111,253,8.1,8576.7
4256,20250521,3,2,3,2449,86,58.4,1960.8
4257,20250521,3,1,5,2586,121,15.8,774.4
4258,20250521,2,1,8,4586,154,19.3,5220.6
4259,20250521,3,2,4,2109,72,45.9,1807.2
4260,20250522,3,2,3,2806,89,3.9,2029.2
4261,20250522,3,1,1,3047,122,51.0,1525.0
4262,20250522,1,2,3,4449,165,51.2,3762.0
4263,20250522,3,3,8,2851,51,28.0,1728.9
4264,20250522,3,2,5,2939,118,5.8,755.2
4265,20250522,1,1,2,4179,160,2.5,2272.0
4266,20250522,1,3,8,3293,120,11.5,4068.0
4267,20250522,2,2,5,5450,247,1.6,1580.8
4268,20250522,1,2,7,4355,140,5.0,4410.0
4269,20250522,3,1,7,2673,73,34.1,2299.5
4270,20250522,3,2,4,2621,137,13.0,3438.7
4271,20250523,4,3,4,4085,145,7.4,3639.5
4272,20250523,4,3,5,4233,31,20.9,198.4
4273,20250523,3,3,2,2389,62,15.8,880.4
4274,20250523,4,3,7,4665,29,5.6,913.5
4275,20250523,2,1,2,6400,180,19.1,2556.0
4276,20250523,1,2,2,4371,115,11.5,1633.0
4277,20250523,3,2,7,2708,111,11.7,3496.5
4278,20250523,4,2,7,3545,165,32.6,5197.5
4279,20250523,3,1,6,2900,59,19.2,418.9
4280,20250524,4,3,1,3851,190,41.6,2375.0
4281,20250524,3,3,8,2733,122,23.1,4135.8
4282,20250524,3,2,3,2267,66,1.3,1504.8
4283,20250524,3,3,4,2908,58,17.0,1455.8
4284,20250524,2,3,6,6274,78,40.4,553.8
4285,20250524,3,2,1,2616,162,1.7,2025.0
4286,20250525,1,2,2,3917,131,31.2,1860.2
4287,20250525,4,3,5,5156,185,10.1,1184.0
4288,20250525,3,1,3,2583,49,45.7,1117.2
4289,20250525,1,2,2,4501,174,9.5,2470.8
4290,20250525,1,1,1,3845,143,27.5,1787.5
4291,20250525,1,2,3,4085,205,0.7,4674.0
4292,20250525,1,2,3,3812,199,17.9,4537.2
4293,20250525,1,1,1,4284,181,0.3,2262.5
4294,20250525,2,2,1,6004,162,30.6,2025.0
4295,20250525,4,2,4,4789,127,38.1,3187.7
4296,20250526,3,1,6,2449,56,11.8,397.6
4297,20250526,4,1,7,5697,209,5.7,6583.5
4298,20250526,2,1,1,6209,149,7.6,1862.5
4299,20250526,1,3,7,3309,78,7.3,2457.0
4300,20250526,1,1,5,4147,152,21.2,972.8
4301,20250526,4,1,5,4090,73,0.0,467.2
4302,20250526,1,1,5,3798,81,2.3,518.4
4303,20250526,2,3,8,5758,286,1.2,9695.4
4304,20250526,2,2,4,5834,162,26.6,4066.2
4305,20250526,3,1,5,2644,23,44.5,147.2
4306,20250526,3,3,7,2327,67,46.6,2110.5
4307,20250527,2,2,1,5471,47,24.6,587.5
4308,20250527,3,3,8,2673,107,22.5,3627.3
4309,20250527,1,1,6,3959,146,43.7,1036.6
4310,20250527,3,2,6,2696,80,24.7,568.0
4311,20250527,4,1,5,3900,120,0.0,768.0
4312,20250527,2,2,8,5581,11,6.0,372.9
4313,20250527,4,1,3,4797,119,0.0,2713.2
4314,20250527,4,1,8,4794,239,4.5,8102.1
4315,20250527,3,1,6,2922,43,1.2,305.3
4316,20250527,4,1,1,4303,57,3.1,712.5
4317,20250527,4,3,6,4729,190,5.6,1349.0
4318,20250528,3,3,4,2641,126,9.6,3162.6
4319,20250528,4,1,8,4349,97,2.7,3288.3
4320,20250528,2,1,5,6024,236,39.3,1510.4
4321,20250528,4,3,1,4239,133,4.3,1662.5
4322,20250528,3,3,7,2485,31,21.4,976.5
4323,20250528,4,2,2,4471,75,21.9,1065.0
4324,20250528,3,3,1,2207,65,29.8,812.5
4325,20250528,2,1,8,6320,200,3.2,6780.0
4326,20250528,2,2,5,7347,282,10.6,1804.8
4327,20250529,4,1,1,5783,179,11.0,2237.5
4328,20250529,1,1,7,3926,41,3.7,1291.5
4329,20250529,3,3,6,2577,84,0.9,596.4
4330,20250529,3,2,1,2809,96,30.8,1200.0
4331,20250529,4,2,1,4770,142,4.6,1775.0
4332,20250529,3,2,1,2595,100,40.5,1250.0
4333,20250530,4,2,8,4138,134,19.5,4542.6
4334,20250530,3,2,7,2956,50,5.0,1575.0
4335,20250530,2,2,3,5983,208,3.1,4742.4
4336,20250530,1,3,5,4698,248,16.8,1587.2
4337,20250530,4,1,1,4281,119,33.7,1487.5
4338,20250530,2,3,5,5220,101,10.7,646.4
4339,20250530,2,2,6,5190,69,16.4,489.9
4340,20250530,1,3,8,4062,97,50.5,3288.3
4341,20250530,2,2,7,6335,242,56.8,7623.0
4342,20250530,2,3,3,5985,115,56.4,2622.0
4343,20250530,2,1,6,6498,138,2.0,979.8
4344,20250531,2,3,1,6680,190,24.1,2375.0
4345,20250531,3,2,3,2387,75,1.8,1710.0
4346,20250531,2,2,1,6390,277,4.7,3462.5
4347,20250531,3,3,3,2568,54,8.5,1231.2
4348,20250531,1,1,2,3604,79,20.8,1121.8
4349,20250531,2,2,5,7543,343,8.4,2195.2
4350,20250531,2,1,7,6609,206,4.6,6489.0
4351,20250531,2,2,4,6213,288,5.1,7228.8
4352,20250531,2,1,2,5738,201,9.8,2854.2
4353,20250531,1,2,5,4061,165,55.1,1056.0
4354,20250531,4,2,5,4544,162,5.5,1036.8
4355,20250601,3,2,4,1970,98,26.8,2459.8
4356,20250601,3,2,8,2391,95,19.2,3220.5
4357,20250601,4,2,4,4473,30,0.0,753.0
4358,20250601,2,2,5,6177,305,10.8,1952.0
4359,20250601,4,1,6,4806,254,4.3,1803.4
4360,20250601,3,1,1,1762,65,7.1,812.5
4361,20250601,4,3,8,4788,150,0.0,5085.0
4362,20250601,4,3,7,4633,67,0.0,2110.5
4363,20250602,1,1,3,4217,166,22.7,3784.8
4364,20250602,3,2,1,2646,60,25.9,750.0
4365,20250602,4,3,7,4328,145,22.2,4567.5
4366,20250602,3,3,4,3182,65,12.3,1631.5
4367,20250602,3,1,4,2730,103,4.5,2585.3
4368,20250602,4,2,8,5008,133,14.1,4508.7
4369,20250602,4,1,5,4259,120,29.4,768.0
4370,20250602,3,1,2,2407,68,5.6,965.6
4371,20250602,4,3,7,5833,186,0.0,5859.0
4372,20250603,2,3,1,5487,87,5.0,1087.5
4373,20250603,2,3,7,5462,272,31.1,8568.0
4374,20250603,2,2,2,5116,122,44.5,1732.4
4375,20250603,3,1,8,2738,90,39.3,3051.0
4376,20250603,4,2,5,3899,51,0.0,326.4
4377,20250603,4,1,1,5177,174,15.4,2175.0
4378,20250603,3,2,7,2595,108,15.4,3402.0
4379,20250603,1,2,5,3034,122,50.8,780.8
4380,20250603,1,2,6,4035,194,13.6,1377.4
4381,20250604,3,1,4,2777,67,2.9,1681.7
4382,20250604,2,2,6,6303,226,6.3,1604.6
4383,20250604,4,2,6,4266,241,11.7,1711.1
4384,20250604,2,1,7,5514,18,13.8,567.0
4385,20250604,4,1,8,5116,206,14.0,6983.4
4386,20250604,2,2,8,6932,321,40.2,10881.9
4387,20250604,1,1,2,3655,96,8.2,1363.2
4388,20250604,4,2,2,4862,150,13.7,2130.0
4389,20250604,2,2,3,5988,159,13.7,3625.2
4390,20250604,1,1,8,3993,151,3.0,5118.9
4391,20250604,2,2,2,5957,123,71.2,1746.6
4392,20250605,3,1,7,2592,21,10.6,661.5
4393,20250605,2,3,4,5846,296,4.0,7429.6
4394,20250605,4,1,1,5499,188,5.5,2350.0
4395,20250605,4,3,7,3974,156,0.0,4914.0
4396,20250605,4,3,8,4317,136,23.8,4610.4
4397,20250605,2,2,6,6106,326,2.8,2314.6
4398,20250605,2,2,4,6998,159,11.1,3990.9
4399,20250605,1,2,8,3536,26,47.7,881.4
4400,20250605,2,1,1,6993,127,68.8,1587.5
4401,20250606,4,1,2,3774,119,0.0,1689.8
4402,20250606,1,2,5,4153,81,10.4,518.4
4403,20250606,2,3,1,6489,250,15.2,3125.0
4404,20250606,4,1,5,4754,152,2.1,972.8
4405,20250606,4,3,3,5200,47,4.0,1071.6
4406,20250606,1,2,7,3562,96,45.3,3024.0
4407,20250607,2,1,8,6153,173,28.1,5864.7
4408,20250607,2,3,3,4952,289,11.1,6589.2
4409,20250607,2,2,3,5989,227,15.5,5175.6
4410,20250607,2,3,4,4846,139,0.7,3488.9
4411,20250607,1,1,7,3583,95,2.4,2992.5
4412,20250607,1,3,3,3527,91,31.7,2074.8
4413,20250607,2,2,4,6285,154,8.0,3865.4
4414,20250607,1,1,6,3489,91,7.5,646.1
4415,20250607,1,1,2,4512,130,44.5,1846.0
4416,20250608,4,1,3,4952,207,0.0,4719.6
4417,20250608,2,2,6,5556,229,2.2,1625.9
4418,20250608,4,2,7,5061,175,3.7,5512.5
4419,20250608,2,3,2,6107,145,7.2,2059.0
4420,20250608,2,2,7,5751,186,72.4,5859.0
4421,20250608,3,2,1,2792,131,0.7,1637.5
4422,20250608,1,3,1,4547,82,7.8,1025.0
4423,20250608,2,1,2,5520,185,35.6,2627.0
4424,20250608,4,3,5,5396,143,4.3,915.2
4425,20250608,1,3,6,3531,170,35.9,1207.0
4426,20250608,1,2,7,2982,160,2.3,5040.0
4427,20250609,1,1,3,3879,123,7.1,2804.4
4428,20250609,3,2,3,2438,117,6.4,2667.6
4429,20250609,1,1,4,3390,152,2.3,3815.2
4430,20250609,3,3,7,2240,72,5.7,2268.0
4431,20250609,1,3,2,3578,128,62.7,1817.6
4432,20250609,2,2,7,5699,167,35.8,5260.5
4433,20250609,2,2,7,6537,235,81.1,7402.5
4434,20250609,1,2,8,3403,85,10.5,2881.5
4435,20250609,3,2,5,2627,111,0.3,710.4
4436,20250609,3,2,5,2664,182,28.8,1164.8
4437,20250609,4,2,4,4762,184,18.0,4618.4
4438,20250610,4,1,5,4207,39,1.2,249.6
4439,20250610,4,1,5,4714,166,14.7,1062.4
4440,20250610,4,1,7,4923,217,4.7,6835.5
4441,20250610,2,3,8,6059,233,46.3,7898.7
4442,20250610,2,1,5,6114,42,31.2,268.8
4443,20250610,4,2,7,4378,50,2.9,1575.0
4444,20250610,2,2,8,7665,289,40.1,9797.1
4445,20250610,3,2,2,3125,52,14.5,738.4
4446,20250610,2,3,7,6889,304,14.0,9576.0
4447,20250610,1,2,2,3072,114,13.7,1618.8
4448,20250610,4,2,3,4274,86,0.0,1960.8
4449,20250611,4,3,1,4510,109,0.6,1362.5
4450,20250611,1,2,5,3440,69,61.4,441.6
4451,20250611,3,3,4,2171,54,40.4,1355.4
4452,20250611,4,3,4,4356,220,11.7,5522.0
4453,20250611,2,1,4,5335,152,5.7,3815.2
4454,20250611,4,1,4,4125,134,0.3,3363.4
4455,20250611,1,3,7,4652,99,3.1,3118.5
4456,20250611,4,2,8,4826,137,0.0,4644.3
4457,20250611,4,1,4,3926,90,7.2,2259.0
4458,20250611,4,2,4,3998,125,25.4,3137.5
4459,20250611,4,1,5,4744,223,45.6,1427.2
4460,20250612,3,1,4,2759,71,3.9,1782.1
4461,20250612,1,1,8,3771,164,33.0,5559.6
4462,20250612,2,1,4,6240,233,27.7,5848.3
4463,20250612,4,1,5,4187,86,51.8,550.4
4464,20250612,3,2,3,2716,82,21.8,1869.6
4465,20250612,4,2,4,4938,201,16.7,5045.1
4466,20250612,4,3,2,4871,112,0.0,1590.4
4467,20250612,2,3,1,6654,162,0.8,2025.0
4468,20250612,2,1,2,6189,213,4.8,3024.6
4469,20250612,3,2,3,2688,97,20.2,2211.6
4470,20250613,3,3,4,2345,74,2.7,1857.4
4471,20250613,4,3,7,3456,99,0.0,3118.5
4472,20250613,1,2,8,3864,166,17.5,5627.4
4473,20250613,2,3,5,5100,278,29.5,1779.2
4474,20250613,1,1,5,3000,116,10.2,742.4
4475,20250613,3,1,5,2824,71,9.4,454.4
4476,20250613,1,1,8,3863,107,13.4,3627.3
4477,20250613,2,2,2,5379,156,28.5,2215.2
4478,20250614,1,2,1,4240,146,19.0,1825.0
4479,20250614,3,2,6,2802,127,63.3,901.7
4480,20250614,4,3,1,4938,203,31.2,2537.5
4481,20250614,3,3,6,2692,118,4.0,837.8
4482,20250614,3,3,2,2937,110,6.9,1562.0
4483,20250614,3,3,4,2639,86,12.2,2158.6
4484,20250614,3,3,2,3222,70,19.5,994.0
4485,20250614,2,1,6,5676,261,11.3,1853.1
4486,20250614,2,3,8,6323,305,25.3,10339.5
4487,20250614,3,3,6,2736,67,24.8,475.7
4488,20250614,1,3,4,4217,143,0.4,3589.3
4489,20250615,2,2,5,6095,159,57.6,1017.6
4490,20250615,2,3,3,6599,165,24.8,3762.0
4491,20250615,2,3,4,5883,90,27.1,2259.0
4492,20250615,3,2,6,2164,90,25.5,639.0
4493,20250615,1,3,8,3868,169,5.6,5729.1
4494,20250615,1,3,7,3859,121,48.3,3811.5
4495,20250615,4,2,7,4653,135,0.0,4252.5
4496,20250615,1,2,3,3408,113,13.1,2576.4
4497,20250615,2,2,2,6697,88,60.5,1249.6
4498,20250615,1,1,7,3373,76,3.6,2394.0
4499,20250616,4,2,5,4889,155,0.0,992.0
4500,20250616,3,3,3,3395,138,39.2,3146.4
4501,20250616,2,1,1,6710,345,26.1,4312.5
4502,20250616,3,2,1,2285,101,3.4,1262.5
4503,20250616,2,2,6,6104,167,0.9,1185.7
4504,20250616,3,2,5,2060,4,11.0,25.6
4505,20250616,4,1,7,4169,84,112.6,2646.0
4506,20250616,4,3,1,4590,95,30.1,1187.5
4507,20250616,3,3,2,2737,113,2.3,1604.6
4508,20250616,4,2,4,4961,237,25.0,5948.7
4509,20250617,1,3,2,3652,112,19.2,1590.4
4510,20250617,4,3,1,6040,101,27.8,1262.5
4511,20250617,1,3,8,2840,5,18.7,169.5
4512,20250617,3,1,2,2925,86,21.8,1221.2
4513,20250617,3,1,2,2318,49,11.9,695.8
4514,20250617,4,3,5,4477,130,17.5,832.0
4515,20250617,3,1,4,2346,124,15.1,3112.4
4516,20250618,3,2,7,2111,57,35.9,1795.5
4517,20250618,1,3,5,4137,82,3.9,524.8
4518,20250618,4,2,1,5037,63,16.7,787.5
4519,20250618,3,2,4,2527,63,19.3,1581.3
4520,20250618,4,2,4,4356,77,4.0,1932.7
4521,20250618,2,2,7,5690,180,0.1,5670.0
4522,20250619,3,3,8,3567,147,1.4,4983.3
4523,20250619,2,3,3,6300,192,56.0,4377.6
4524,20250619,4,3,2,4279,166,0.0,2357.2
4525,20250619,4,2,4,4130,127,7.8,3187.7
4526,20250619,2,2,4,5740,65,9.1,1631.5
4527,20250619,1,1,7,3654,101,3.4,3181.5
4528,20250619,3,3,2,3159,109,15.4,1547.8
4529,20250619,2,3,2,6885,75,13.8,1065.0
4530,20250620,3,3,3,3290,164,6.4,3739.2
4531,20250620,1,2,5,3956,26,18.9,166.4
4532,20250620,2,1,3,6950,168,4.3,3830.4
4533,20250620,4,1,4,5555,178,1.7,4467.8
4534,20250620,4,3,2,4899,189,17.7,2683.8
4535,20250620,2,3,1,6540,142,56.6,1775.0
4536,20250620,2,3,3,6355,172,10.6,3921.6
4537,20250620,1,1,2,3309,135,9.1,1917.0
4538,20250620,2,1,4,6285,363,5.9,9111.3
4539,20250621,1,3,7,3943,139,37.6,4378.5
4540,20250621,2,3,7,6245,160,22.8,5040.0
4541,20250621,2,1,6,5445,155,7.2,1100.5
4542,20250621,1,3,5,3421,173,53.8,1107.2
4543,20250621,2,2,7,5699,113,12.1,3559.5
4544,20250621,3,1,1,2925,66,8.2,825.0
4545,20250621,1,1,7,3079,96,10.8,3024.0
4546,20250621,4,3,8,4761,220,14.7,7458.0
4547,20250621,1,2,7,3560,135,0.1,4252.5
4548,20250621,1,3,7,4511,94,1.8,2961.0
4549,20250622,3,1,2,2041,33,0.9,468.6
4550,20250622,4,1,6,4545,143,9.1,1015.3
4551,20250622,2,2,8,5626,66,17.6,2237.4
4552,20250622,1,3,6,3390,95,1.6,674.5
4553,20250622,1,3,2,3548,86,21.8,1221.2
4554,20250622,4,1,3,4351,225,0.0,5130.0
4555,20250622,4,3,5,5649,231,72.9,1478.4
4556,20250622,1,2,2,4142,127,18.4,1803.4
4557,20250623,3,2,2,2830,107,0.5,1519.4
4558,20250623,2,3,1,5727,266,9.7,3325.0
4559,20250623,4,1,1,5844,91,17.4,1137.5
4560,20250623,3,3,5,2801,103,34.0,659.2
4561,20250623,2,2,3,6166,273,8.4,6224.4
4562,20250623,3,2,1,2802,103,12.0,1287.5
4563,20250623,1,2,1,3899,152,11.0,1900.0
4564,20250623,4,2,3,3337,149,10.2,3397.2
4565,20250623,1,1,7,3546,69,1.0,2173.5
4566,20250624,2,1,7,5281,154,4.9,4851.0
4567,20250624,3,1,6,2178,83,7.7,589.3
4568,20250624,1,1,2,3549,109,14.2,1547.8
4569,20250624,1,1,8,3242,99,20.4,3356.1
4570,20250624,4,1,6,4236,68,0.0,482.8
4571,20250624,2,1,3,5752,164,34.1,3739.2
4572,20250624,4,1,1,5343,219,57.9,2737.5
4573,20250624,1,1,3,4901,151,9.8,3442.8
4574,20250624,3,1,6,2567,113,19.1,802.3
4575,20250624,4,3,8,4964,90,5.7,3051.0
4576,20250625,1,3,2,3791,122,43.9,1732.4
4577,20250625,4,1,2,4511,139,2.5,1973.8
4578,20250625,2,2,1,5342,278,12.5,3475.0
4579,20250625,3,3,1,2879,96,3.2,1200.0
4580,20250625,3,1,7,2674,79,7.9,2488.5
4581,20250625,3,1,7,2634,73,7.3,2299.5
4582,20250625,3,1,3,2868,92,47.9,2097.6
4583,20250625,1,3,7,4575,215,22.2,6772.5
4584,20250625,1,2,3,3640,118,5.2,2690.4
4585,20250625,2,3,2,5749,11,23.7,156.2
4586,20250625,1,3,1,3773,188,2.3,2350.0
4587,20250626,4,3,6,3834,125,7.1,887.5
4588,20250626,2,3,1,4587,201,19.7,2512.5
4589,20250626,4,2,2,4875,210,47.3,2982.0
4590,20250626,3,1,3,2714,130,2.1,2964.0
4591,20250626,2,3,1,6356,149,20.9,1862.5
4592,20250626,4,3,5,5094,117,29.1,748.8
4593,20250626,2,1,2,5589,126,26.9,1789.2
4594,20250627,3,1,4,3077,68,11.1,1706.8
4595,20250627,4,3,4,3607,125,47.0,3137.5
4596,20250627,4,3,2,4691,45,28.3,639.0
4597,20250627,1,1,6,3341,64,21.6,454.4
4598,20250627,4,3,6,4631,157,4.6,1114.7
4599,20250627,1,1,3,3283,79,2.4,1801.2
4600,20250627,4,1,7,4862,167,0.3,5260.5
4601,20250628,1,1,7,3860,207,21.1,6520.5
4602,20250628,1,3,7,2643,71,6.8,2236.5
4603,20250628,2,3,3,6224,141,21.9,3214.8
4604,20250628,1,1,7,3121,108,15.3,3402.0
4605,20250628,2,3,8,6744,187,11.6,6339.3
4606,20250628,3,1,5,1950,70,2.7,448.0
4607,20250629,1,1,8,3677,86,39.1,2915.4
4608,20250629,1,2,2,4411,90,18.8,1278.0
4609,20250629,1,1,6,3194,83,16.7,589.3
4610,20250629,4,3,2,5398,228,1.4,3237.6
4611,20250629,1,3,8,3169,110,10.2,3729.0
4612,20250629,2,1,7,5652,194,10.8,6111.0
4613,20250629,4,3,1,4627,130,0.0,1625.0
4614,20250629,3,1,1,2541,102,5.0,1275.0
4615,20250629,3,3,4,3067,156,25.3,3915.6
4616,20250630,2,3,8,5999,263,33.0,8915.7
4617,20250630,1,1,4,4494,125,14.6,3137.5
4618,20250630,3,2,1,2967,79,26.9,987.5
4619,20250630,1,2,4,2911,62,21.5,1556.2
4620,20250630,2,1,7,6214,146,28.5,4599.0
4621,20250630,1,1,5,3175,81,8.9,518.4
4622,20250630,4,1,7,4298,188,0.0,5922.0
4623,20250701,3,3,3,2737,112,14.9,2553.6
4624,20250701,3,1,5,2404,136,3.4,870.4
4625,20250701,1,1,1,3676,183,24.3,2287.5
4626,20250701,2,2,7,5675,178,1.9,5607.0
4627,20250701,3,2,1,2669,168,21.3,2100.0
4628,20250701,4,1,7,4755,138,46.4,4347.0
4629,20250702,2,3,8,5607,103,2.4,3491.7
4630,20250702,4,2,7,4128,140,45.0,4410.0
4631,20250702,1,1,4,3856,151,8.5,3790.1
4632,20250702,2,1,8,5996,136,16.0,4610.4
4633,20250702,4,3,1,4414,11,14.7,137.5
4634,20250702,4,3,1,4628,200,9.9,2500.0
4635,20250702,2,2,5,4995,167,18.7,1068.8
4636,20250702,4,2,3,4163,105,48.7,2394.0
4637,20250703,1,1,7,3716,128,0.4,4032.0
4638,20250703,2,1,4,5408,207,33.2,5195.7
4639,20250703,4,2,7,4145,79,5.3,2488.5
4640,20250703,2,3,5,6234,272,4.4,1740.8
4641,20250703,4,2,1,4660,238,0.0,2975.0
4642,20250703,2,1,2,5025,265,1.8,3763.0
4643,20250704,4,2,7,4051,104,7.4,3276.0
4644,20250704,4,3,2,5632,235,0.0,3337.0
4645,20250704,1,2,5,3680,103,26.5,659.2
4646,20250704,1,1,7,3856,116,39.4,3654.0
4647,20250704,1,1,8,3917,94,17.0,3186.6
4648,20250704,2,1,1,4323,110,39.7,1375.0
4649,20250704,3,3,3,2131,105,1.5,2394.0
4650,20250704,1,2,1,3396,126,17.0,1575.0
4651,20250705,3,3,7,2937,72,9.7,2268.0
4652,20250705,2,3,1,6852,236,21.0,2950.0
4653,20250705,1,1,4,3279,106,34.4,2660.6
4654,20250705,2,1,6,5449,213,20.5,1512.3
4655,20250705,4,3,6,4801,159,25.3,1128.9
4656,20250705,1,3,2,3734,119,26.2,1689.8
4657,20250705,4,2,2,5124,205,69.2,2911.0
4658,20250705,2,1,2,4734,114,46.6,1618.8
4659,20250705,3,3,5,2394,50,20.8,320.0
4660,20250705,3,2,8,2283,57,4.9,1932.3
4661,20250706,4,3,3,4105,109,18.2,2485.2
4662,20250706,1,2,8,4541,87,8.3,2949.3
4663,20250706,3,2,8,2812,88,4.4,2983.2
4664,20250706,1,1,1,3315,92,4.6,1150.0
4665,20250706,2,2,5,5842,102,14.0,652.8
4666,20250706,2,1,2,5776,116,24.0,1647.2
4667,20250707,3,1,1,3048,36,12.5,450.0
4668,20250707,2,2,6,5795,307,5.0,2179.7
4669,20250707,1,3,1,3734,8,3.2,100.0
4670,20250707,2,1,4,6123,97,1.1,2434.7
4671,20250707,4,1,1,4666,29,19.5,362.5
4672,20250707,2,1,7,4489,164,41.1,5166.0
4673,20250707,4,1,6,4213,46,10.4,326.6
4674,20250707,4,3,5,4650,94,38.3,601.6
4675,20250708,2,1,1,6403,231,8.2,2887.5
4676,20250708,2,3,5,7611,352,22.0,2252.8
4677,20250708,4,1,4,5576,197,9.4,4944.7
4678,20250708,4,1,6,4416,75,3.2,532.5
4679,20250708,4,2,7,5095,234,22.2,7371.0
4680,20250708,3,2,5,2680,26,7.3,166.4
4681,20250708,1,2,4,4129,89,9.0,2233.9
4682,20250708,4,2,8,3118,59,0.0,2000.1
4683,20250708,4,1,8,5041,121,0.0,4101.9
4684,20250708,3,2,8,2307,100,6.5,3390.0
4685,20250708,1,3,7,3762,99,32.9,3118.5
4686,20250709,2,2,3,7034,214,6.5,4879.2
4687,20250709,2,2,5,6730,223,15.9,1427.2
4688,20250709,4,2,1,4232,87,20.6,1087.5
4689,20250709,4,1,5,4837,91,4.8,582.4
4690,20250709,4,3,6,5313,52,12.8,369.2
4691,20250709,3,2,1,3242,130,3.1,1625.0
4692,20250709,3,3,5,2891,109,9.1,697.6
4693,20250709,1,1,7,3732,188,14.6,5922.0
4694,20250709,1,3,7,3918,177,26.9,5575.5
4695,20250709,3,2,8,2619,90,79.3,3051.0
4696,20250709,3,2,3,2648,134,41.5,3055.2
4697,20250710,1,2,8,3252,93,4.0,3152.7
4698,20250710,3,1,6,2506,73,3.0,518.3
4699,20250710,4,2,8,3608,71,9.8,2406.9
4700,20250710,1,3,1,3233,35,7.7,437.5
4701,20250710,2,3,7,5577,173,4.0,5449.5
4702,20250710,4,3,1,3597,154,0.0,1925.0
4703,20250710,3,2,8,2731,147,48.1,4983.3
4704,20250710,2,1,6,6413,111,2.1,788.1
4705,20250710,4,1,5,3635,51,5.8,326.4
4706,20250710,3,1,8,2567,102,13.9,3457.8
4707,20250711,4,2,7,4450,120,2.3,3780.0
4708,20250711,4,1,5,5333,121,0.0,774.4
4709,20250711,3,1,3,2266,54,38.7,1231.2
4710,20250711,2,2,7,5910,84,37.9,2646.0
4711,20250711,1,2,2,3361,124,50.3,1760.8
4712,20250711,3,3,8,3541,92,2.4,3118.8
4713,20250711,2,3,4,6957,265,55.6,6651.5
4714,20250712,3,2,7,3187,81,15.3,2551.5
4715,20250712,4,1,7,4673,148,11.9,4662.0
4716,20250712,3,2,8,2854,63,23.4,2135.7
4717,20250712,4,1,2,4040,101,53.6,1434.2
4718,20250712,2,1,4,5488,240,0.2,6024.0
4719,20250712,1,1,5,3520,126,10.2,806.4
4720,20250712,3,2,3,2449,79,5.0,1801.2
4721,20250712,4,3,4,4706,21,0.0,527.1
4722,20250712,4,1,8,4710,199,57.8,6746.1
4723,20250713,3,3,2,3003,114,3.8,1618.8
4724,20250713,3,1,3,2474,105,39.3,2394.0
4725,20250713,3,2,5,2551,42,17.1,268.8
4726,20250713,2,3,4,5797,240,3.6,6024.0
4727,20250713,3,2,3,2619,32,16.2,729.6
4728,20250713,4,3,3,4470,158,17.9,3602.4
4729,20250713,4,1,4,4398,104,6.2,2610.4
4730,20250714,3,2,3,2849,104,1.5,2371.2
4731,20250714,3,1,4,2602,68,38.2,1706.8
4732,20250714,2,3,4,7861,285,28.8,7153.5
4733,20250714,4,3,1,4296,121,2.7,1512.5
4734,20250714,4,2,5,4465,84,34.5,537.6
4735,20250714,3,1,6,2450,86,5.3,610.6
4736,20250714,1,1,8,3845,163,7.2,5525.7
4737,20250714,2,3,5,4709,162,10.0,1036.8
4738,20250714,2,3,5,5601,195,54.0,1248.0
4739,20250715,1,2,1,4315,160,16.3,2000.0
4740,20250715,2,1,3,5972,192,0.5,4377.6
4741,20250715,1,2,2,3860,87,1.5,1235.4
4742,20250715,1,3,6,3197,88,19.1,624.8
4743,20250715,3,1,6,2911,138,5.6,979.8
4744,20250715,3,2,4,2504,80,4.6,2008.0
4745,20250716,2,3,2,6546,271,5.0,3848.2
4746,20250716,4,2,2,4261,165,27.5,2343.0
4747,20250716,1,2,5,3018,111,8.4,710.4
4748,20250716,3,1,6,2272,93,12.8,660.3
4749,20250716,3,3,6,2612,45,2.2,319.5
4750,20250716,3,3,5,2571,72,14.6,460.8
4751,20250716,3,3,5,2483,71,14.5,454.4
4752,20250716,4,3,5,5638,90,2.0,576.0
4753,20250716,3,2,6,2598,115,13.1,816.5
4754,20250716,1,3,8,4017,43,29.4,1457.7
4755,20250717,4,3,6,4734,73,50.9,518.3
4756,20250717,4,1,5,4575,146,5.5,934.4
4757,20250717,3,3,3,3307,97,29.8,2211.6
4758,20250717,3,1,2,2799,104,15.2,1476.8
4759,20250717,2,2,8,6529,197,7.1,6678.3
4760,20250717,2,1,7,6454,327,2.6,10300.5
4761,20250717,3,2,5,3436,86,5.0,550.4
4762,20250717,4,1,3,5086,57,5.4,1299.6
4763,20250717,1,2,1,4014,136,3.7,1700.0
4764,20250717,3,3,4,3301,71,26.2,1782.1
4765,20250717,1,3,1,3735,161,0.4,2012.5
4766,20250718,4,1,4,4647,193,0.4,4844.3
4767,20250718,4,1,3,5288,248,0.0,5654.4
4768,20250718,2,1,6,6937,236,9.1,1675.6
4769,20250718,1,3,5,3417,103,5.5,659.2
4770,20250718,4,1,3,5381,135,8.2,3078.0
4771,20250718,2,2,4,6190,230,19.6,5773.0
4772,20250718,3,1,1,2693,86,26.8,1075.0
4773,20250718,1,3,5,3157,78,18.6,499.2
4774,20250718,4,1,3,4908,164,11.9,3739.2
4775,20250719,2,3,8,5846,246,15.8,8339.4
4776,20250719,3,3,5,2296,70,2.6,448.0
4777,20250719,4,3,5,3751,163,0.0,1043.2
4778,20250719,4,3,6,5914,150,19.4,1065.0
4779,20250719,2,1,7,6016,319,68.9,10048.5
4780,20250719,3,2,5,2714,75,11.4,480.0
4781,20250719,3,3,4,2031,65,0.2,1631.5
4782,20250719,4,2,4,5532,193,0.0,4844.3
4783,20250719,3,2,8,2657,55,3.4,1864.5
4784,20250720,4,1,4,4254,91,9.2,2284.1
4785,20250720,3,2,1,2911,117,37.3,1462.5
4786,20250720,2,3,7,6547,248,2.7,7812.0
4787,20250720,3,2,4,2664,103,11.9,2585.3
4788,20250720,4,3,3,4489,117,7.1,2667.6
4789,20250720,3,2,4,2211,77,0.9,1932.7
4790,20250720,3,3,6,2733,110,3.4,781.0
4791,20250721,4,1,8,4406,8,1.3,271.2
4792,20250721,2,1,2,5744,156,2.7,2215.2
4793,20250721,2,2,2,5403,106,7.9,1505.2
4794,20250721,3,1,4,2590,91,35.4,2284.1
4795,20250721,2,1,6,7713,242,0.2,1718.2
4796,20250721,3,1,3,2809,79,38.6,1801.2
4797,20250721,4,2,8,4436,76,9.3,2576.4
4798,20250721,1,2,6,3541,112,20.4,795.2
4799,20250722,2,1,1,6077,257,45.7,3212.5
4800,20250722,2,3,8,5955,60,11.1,2034.0
4801,20250722,4,1,1,4693,212,14.4,2650.0
4802,20250722,4,1,7,4669,89,3.1,2803.5
4803,20250722,1,2,5,4283,207,43.8,1324.8
4804,20250722,2,2,2,5309,152,6.6,2158.4
4805,20250722,4,2,8,4227,146,10.7,4949.4
4806,20250722,2,1,8,6285,74,35.1,2508.6
4807,20250722,3,1,8,3001,123,39.8,4169.7
4808,20250723,4,1,4,4356,128,0.1,3212.8
4809,20250723,2,2,6,7474,299,3.2,2122.9
4810,20250723,4,2,1,4648,75,3.5,937.5
4811,20250723,2,3,6,6279,264,6.7,1874.4
4812,20250723,3,1,3,2867,127,54.2,2895.6
4813,20250723,3,2,8,2425,121,27.3,4101.9
4814,20250723,2,3,5,5939,239,3.9,1529.6
4815,20250723,3,3,4,2697,54,8.3,1355.4
4816,20250723,2,2,7,5491,183,7.5,5764.5
4817,20250724,4,2,4,3942,169,14.3,4241.9
4818,20250724,2,1,1,5469,209,3.4,2612.5
4819,20250724,1,3,8,3624,39,13.2,1322.1
4820,20250724,1,2,3,3373,153,0.6,3488.4
4821,20250724,1,2,2,3201,148,21.2,2101.6
4822,20250724,2,3,6,6640,269,4.4,1909.9
4823,20250724,1,2,7,3567,125,11.3,3937.5
4824,20250725,1,1,3,3581,87,10.7,1983.6
4825,20250725,1,1,7,3986,155,14.7,4882.5
4826,20250725,2,3,3,5501,172,31.2,3921.6
4827,20250725,2,3,8,6593,205,19.0,6949.5
4828,20250725,3,2,8,2856,98,5.3,3322.2
4829,20250725,4,1,2,5204,126,30.2,1789.2
4830,20250725,3,1,2,2692,149,1.1,2115.8
4831,20250725,4,3,7,4862,168,0.0,5292.0
4832,20250725,2,2,3,5036,161,27.5,3670.8
4833,20250726,1,2,3,3932,176,22.5,4012.8
4834,20250726,4,2,8,4712,162,14.2,5491.8
4835,20250726,1,3,4,4357,138,18.2,3463.8
4836,20250726,1,3,8,4213,147,0.2,4983.3
4837,20250726,1,3,6,3915,112,56.1,795.2
4838,20250726,4,2,7,4096,98,50.9,3087.0
4839,20250726,2,2,4,5986,177,10.3,4442.7
4840,20250726,4,1,8,5206,94,57.9,3186.6
4841,20250726,3,2,3,2852,163,0.0,3716.4
4842,20250726,3,3,2,3076,154,34.5,2186.8
4843,20250727,2,3,6,4430,109,1.6,773.9
4844,20250727,4,3,1,5061,132,14.6,1650.0
4845,20250727,3,1,2,2623,67,2.1,951.4
4846,20250727,3,1,3,2457,83,3.6,1892.4
4847,20250727,2,3,4,7329,132,42.5,3313.2
4848,20250727,2,2,4,6348,23,4.9,577.3
4849,20250727,4,2,5,4541,85,13.3,544.0
4850,20250728,3,3,4,2633,106,15.5,2660.6
4851,20250728,4,3,7,4058,60,14.7,1890.0
4852,20250728,3,2,2,2639,123,15.7,1746.6
4853,20250728,1,3,6,4366,75,39.9,532.5
4854,20250728,3,2,1,2821,113,0.6,1412.5
4855,20250728,4,2,6,4381,149,0.0,1057.9
4856,20250728,2,3,1,6440,269,7.6,3362.5
4857,20250728,3,2,6,2565,77,6.1,546.7
4858,20250728,2,2,2,5013,32,36.5,454.4
4859,20250729,1,3,5,3886,138,21.2,883.2
4860,20250729,2,2,8,6058,167,30.3,5661.3
4861,20250729,2,2,8,5239,130,23.2,4407.0
4862,20250729,1,3,5,3155,98,3.5,627.2
4863,20250729,4,1,2,3847,119,0.0,1689.8
4864,20250729,3,3,3,2536,59,10.5,1345.2
4865,20250729,2,2,3,5208,166,23.4,3784.8
4866,20250729,2,1,6,6668,197,4.5,1398.7
4867,20250729,2,2,2,7070,209,2.5,2967.8
4868,20250729,2,3,1,5860,239,24.9,2987.5
4869,20250729,1,2,2,3299,88,43.4,1249.6
4870,20250730,2,1,8,5113,114,1.5,3864.6
4871,20250730,2,3,3,5788,142,18.7,3237.6
4872,20250730,1,2,1,3874,105,2.4,1312.5
4873,20250730,3,2,7,2932,89,1.2,2803.5
4874,20250730,2,1,8,5915,246,15.3,8339.4
4875,20250730,2,1,1,6055,277,0.8,3462.5
4876,20250730,4,1,6,4247,168,0.0,1192.8
4877,20250730,2,1,1,5654,124,49.9,1550.0
4878,20250730,1,1,1,3775,124,7.4,1550.0
4879,20250730,3,3,2,3151,120,42.8,1704.0
4880,20250730,3,2,7,2371,42,11.3,1323.0
4881,20250731,4,1,4,4188,198,7.7,4969.8
4882,20250731,3,1,5,1779,77,16.5,492.8
4883,20250731,3,2,4,1801,65,23.9,1631.5
4884,20250731,4,1,5,3905,46,17.8,294.4
4885,20250731,1,1,2,3801,74,22.3,1050.8
4886,20250731,3,2,1,3035,123,0.2,1537.5
4887,20250801,2,2,2,6026,208,10.0,2953.6
4888,20250801,1,3,2,4000,19,2.5,269.8
4889,20250801,3,3,5,2721,89,13.8,569.6
4890,20250801,2,3,5,4597,137,32.8,876.8
4891,20250801,4,2,5,3934,128,1.9,819.2
4892,20250801,3,3,6,2398,106,17.1,752.6
4893,20250801,3,2,5,2377,95,2.4,608.0
4894,20250801,4,3,5,3749,87,24.5,556.8
4895,20250801,3,1,7,2368,62,53.7,1953.0
4896,20250801,4,2,2,4144,8,0.0,113.6
4897,20250802,3,2,4,3167,66,25.3,1656.6
4898,20250802,3,2,1,2717,97,7.0,1212.5
4899,20250802,2,3,1,6781,478,53.9,5975.0
4900,20250802,2,2,2,6127,204,16.7,2896.8
4901,20250802,3,2,4,2997,76,2.8,1907.6
4902,20250802,2,1,3,6593,255,2.7,5814.0
4903,20250803,3,1,3,2432,49,2.8,1117.2
4904,20250803,4,2,8,4649,157,8.4,5322.3
4905,20250803,3,2,2,2982,73,3.4,1036.6
4906,20250803,4,3,5,4446,172,0.2,1100.8
4907,20250803,2,3,6,5426,169,9.9,1199.9
4908,20250803,3,1,5,2600,87,5.0,556.8
4909,20250803,1,2,1,4523,178,22.6,2225.0
4910,20250803,1,3,5,3852,143,3.2,915.2
4911,20250803,1,2,6,4237,148,49.8,1050.8
4912,20250803,3,2,1,2944,24,38.4,300.0
4913,20250803,4,1,8,3764,50,0.0,1695.0
4914,20250804,1,3,1,4316,103,10.3,1287.5
4915,20250804,3,3,2,2300,110,2.5,1562.0
4916,20250804,2,2,3,6016,181,4.5,4126.8
4917,20250804,1,2,6,4423,151,32.6,1072.1
4918,20250804,1,1,7,4162,70,22.2,2205.0
4919,20250804,1,2,6,4680,184,7.2,1306.4
4920,20250804,4,2,3,4782,77,12.5,1755.6
4921,20250804,3,2,2,3718,111,31.0,1576.2
4922,20250804,4,2,3,3627,114,67.4,2599.2
4923,20250805,2,2,5,6160,171,25.2,1094.4
4924,20250805,1,3,4,2835,101,2.0,2535.1
4925,20250805,2,1,2,5182,52,17.4,738.4
4926,20250805,4,1,8,4655,176,4.0,5966.4
4927,20250805,3,2,6,2809,152,18.0,1079.2
4928,20250805,4,3,4,4470,67,15.5,1681.7
4929,20250805,3,3,8,2654,78,65.3,2644.2
4930,20250806,1,3,3,3295,52,26.0,1185.6
4931,20250806,4,2,2,4548,81,0.0,1150.2
4932,20250806,1,1,4,3912,124,19.2,3112.4
4933,20250806,4,2,5,4219,168,0.3,1075.2
4934,20250806,2,3,8,6160,77,2.6,2610.3
4935,20250806,3,1,5,2409,119,5.2,761.6
4936,20250806,3,2,8,2463,75,29.2,2542.5
4937,20250806,2,2,4,5401,75,48.0,1882.5
4938,20250806,4,1,7,4594,123,11.8,3874.5
4939,20250807,4,2,6,4238,16,13.3,113.6
4940,20250807,1,1,3,3551,70,9.8,1596.0
4941,20250807,4,1,6,4403,151,3.5,1072.1
4942,20250807,1,1,3,3886,217,7.1,4947.6
4943,20250807,4,3,4,4317,213,0.0,5346.3
4944,20250807,2,3,5,6607,216,8.2,1382.4
4945,20250807,3,3,8,2955,70,10.8,2373.0
4946,20250807,3,3,7,2973,128,7.6,4032.0
4947,20250807,2,2,4,5532,183,27.5,4593.3
4948,20250807,2,1,4,5489,172,6.5,4317.2
4949,20250807,1,2,2,3187,98,11.6,1391.6
4950,20250808,2,3,7,5631,172,4.3,5418.0
4951,20250808,4,3,6,3999,152,0.0,1079.2
4952,20250808,3,1,4,2872,63,19.9,1581.3
4953,20250808,3,1,7,2404,132,65.1,4158.0
4954,20250808,3,2,3,2463,94,8.5,2143.2
4955,20250808,1,2,7,3687,169,10.1,5323.5
4956,20250808,2,3,8,5834,269,13.5,9119.1
4957,20250808,1,1,2,3247,141,26.7,2002.2
4958,20250808,3,3,2,3039,132,5.1,1874.4
4959,20250808,4,2,6,4663,63,16.5,447.3
4960,20250809,1,2,1,3710,132,45.7,1650.0
4961,20250809,2,3,8,6134,243,40.4,8237.7
4962,20250809,3,1,2,2541,87,11.4,1235.4
4963,20250809,1,2,8,4239,84,2.1,2847.6
4964,20250809,1,1,1,4177,141,21.5,1762.5
4965,20250809,4,2,2,4409,37,3.2,525.4
4966,20250809,2,3,4,5823,100,2.8,2510.0
4967,20250810,4,3,3,4474,229,0.0,5221.2
4968,20250810,4,3,1,4626,138,22.2,1725.0
4969,20250810,3,1,7,2335,93,3.0,2929.5
4970,20250810,3,3,5,2710,64,10.9,409.6
4971,20250810,2,3,5,5946,184,4.5,1177.6
4972,20250810,2,3,3,7137,290,4.6,6612.0
4973,20250810,2,3,8,6080,188,5.5,6373.2
4974,20250810,4,1,2,4850,201,3.0,2854.2
4975,20250810,1,3,2,4086,133,1.6,1888.6
4976,20250810,2,3,2,5890,184,3.6,2612.8
4977,20250811,4,3,1,5228,64,13.7,800.0
4978,20250811,1,3,6,3969,167,2.5,1185.7
4979,20250811,2,1,3,6475,152,9.3,3465.6
4980,20250811,4,1,5,4597,122,11.5,780.8
4981,20250811,1,1,8,3645,60,3.5,2034.0
4982,20250811,3,3,7,2521,43,48.8,1354.5
4983,20250812,4,3,4,4440,48,9.4,1204.8
4984,20250812,4,3,6,4646,42,14.4,298.2
4985,20250812,1,1,6,3858,105,1.8,745.5
4986,20250812,4,2,2,4923,157,23.8,2229.4
4987,20250812,2,3,6,6142,137,24.9,972.7
4988,20250812,1,1,2,3909,256,35.1,3635.2
4989,20250812,3,1,5,2685,115,21.4,736.0
4990,20250812,2,1,5,5288,163,6.0,1043.2
4991,20250812,1,2,7,3315,73,29.2,2299.5
4992,20250812,4,2,6,4038,192,0.0,1363.2
4993,20250813,4,1,4,4088,94,16.7,2359.4
4994,20250813,1,2,5,3892,45,7.0,288.0
4995,20250813,2,2,1,6079,126,1.9,1575.0
4996,20250813,3,2,6,3350,127,63.4,901.7
4997,20250813,3,3,1,2402,86,5.0,1075.0
4998,20250813,2,2,2,6639,199,0.8,2825.8
4999,20250814,3,2,1,2710,95,5.3,1187.5
5000,20250814,4,2,6,3849,118,12.7,837.8
5001,20250814,4,3,5,4668,111,14.2,710.4
5002,20250814,2,1,4,6300,110,0.3,2761.0
5003,20250814,4,1,4,4637,119,43.1,2986.9
5004,20250814,4,1,2,4945,295,17.0,4189.0
5005,20250814,1,1,1,3790,91,0.0,1137.5
5006,20250814,2,1,4,5818,268,5.8,6726.8
5007,20250815,4,1,6,4145,110,4.2,781.0
5008,20250815,2,3,3,4958,250,8.9,5700.0
5009,20250815,4,1,1,3890,91,6.2,1137.5
5010,20250815,2,3,8,6741,160,37.3,5424.0
5011,20250815,3,3,2,2254,111,22.8,1576.2
5012,20250815,4,3,6,4901,136,11.0,965.6
5013,20250815,4,2,3,4829,229,4.6,5221.2
5014,20250815,4,3,3,5284,272,10.6,6201.6
5015,20250816,4,1,4,5380,139,10.2,3488.9
5016,20250816,3,2,4,2405,78,7.3,1957.8
5017,20250816,4,1,3,4574,76,5.7,1732.8
5018,20250816,1,1,7,4182,190,14.9,5985.0
5019,20250816,3,1,5,2360,96,38.9,614.4
5020,20250816,3,2,3,3154,62,71.8,1413.6
5021,20250816,1,3,3,4470,114,16.5,2599.2
5022,20250816,2,2,8,6427,196,0.3,6644.4
5023,20250816,2,1,3,5571,86,10.1,1960.8
5024,20250816,4,3,3,4609,55,0.0,1254.0
5025,20250817,4,2,7,5133,148,21.3,4662.0
5026,20250817,2,3,8,6256,181,2.3,6135.9
5027,20250817,4,1,6,4649,118,7.6,837.8
5028,20250817,4,1,8,4607,117,9.7,3966.3
5029,20250817,4,2,7,5218,257,0.0,8095.5
5030,20250817,1,2,1,4740,103,12.9,1287.5
5031,20250817,1,3,2,3437,98,5.3,1391.6
5032,20250817,1,2,8,3616,137,22.8,4644.3
5033,20250817,3,3,7,2896,138,10.1,4347.0
5034,20250817,4,1,4,4762,165,28.4,4141.5
5035,20250817,2,2,7,6609,82,18.4,2583.0
5036,20250818,3,1,2,3222,135,8.7,1917.0
5037,20250818,4,3,5,4484,83,41.5,531.2
5038,20250818,3,2,8,2869,75,7.7,2542.5
5039,20250818,3,1,6,3218,27,4.0,191.7
5040,20250818,4,2,4,5172,297,4.7,7454.7
5041,20250818,1,1,2,4074,151,26.6,2144.2
5042,20250818,1,2,4,3464,72,12.0,1807.2
5043,20250818,3,1,8,2790,75,85.8,2542.5
5044,20250818,1,1,5,3438,93,7.7,595.2
5045,20250818,3,2,3,2750,150,13.4,3420.0
5046,20250818,2,2,3,5060,226,14.4,5152.8
5047,20250819,4,3,8,4040,8,15.2,271.2
5048,20250819,2,2,4,6187,259,4.9,6500.9
5049,20250819,2,2,6,6772,149,13.6,1057.9
5050,20250819,2,1,2,5641,91,12.8,1292.2
5051,20250819,2,1,5,6380,68,0.2,435.2
5052,20250819,1,3,6,4399,80,3.1,568.0
5053,20250819,3,1,1,2312,48,7.1,600.0
5054,20250819,3,3,3,2368,105,5.6,2394.0
5055,20250819,2,2,8,6145,181,2.5,6135.9
5056,20250819,1,1,7,3517,81,13.5,2551.5
5057,20250820,2,2,3,5819,239,9.7,5449.2
5058,20250820,3,1,3,2435,79,6.6,1801.2
5059,20250820,1,1,1,3716,205,0.3,2562.5
5060,20250820,4,1,1,4689,80,21.0,1000.0
5061,20250820,2,3,5,5379,180,11.3,1152.0
5062,20250820,2,3,4,6405,228,2.1,5722.8
5063,20250820,4,2,8,4382,114,0.0,3864.6
5064,20250820,4,1,8,3723,132,11.3,4474.8
5065,20250820,1,2,8,3921,90,2.2,3051.0
5066,20250821,3,2,4,2627,81,11.2,2033.1
5067,20250821,3,2,2,2155,100,9.3,1420.0
5068,20250821,3,2,3,2357,105,1.2,2394.0
5069,20250821,1,3,1,3866,136,4.3,1700.0
5070,20250821,3,2,2,3187,130,12.8,1846.0
5071,20250821,4,1,2,4610,41,6.0,582.2
5072,20250821,1,3,5,4130,135,19.6,864.0
5073,20250822,3,3,4,3089,144,34.3,3614.4
5074,20250822,3,1,5,2483,135,5.5,864.0
5075,20250822,2,1,6,6205,55,4.4,390.5
5076,20250822,2,2,1,5694,201,26.5,2512.5
5077,20250822,1,2,2,3517,152,20.9,2158.4
5078,20250822,2,1,2,6233,162,1.8,2300.4
5079,20250822,1,3,7,4268,31,6.1,976.5
5080,20250822,2,2,5,6025,296,8.6,1894.4
5081,20250822,4,2,1,5077,90,0.6,1125.0
5082,20250822,3,1,7,3007,126,2.3,3969.0
5083,20250822,1,1,2,3605,92,0.1,1306.4
5084,20250823,1,2,5,3475,73,0.6,467.2
5085,20250823,1,2,8,4298,129,20.2,4373.1
5086,20250823,1,1,6,3564,85,39.0,603.5
5087,20250823,1,2,8,3952,156,2.9,5288.4
5088,20250823,2,1,1,5467,259,1.9,3237.5
5089,20250823,2,2,8,6118,231,8.5,7830.9
5090,20250823,4,3,5,4513,162,72.2,1036.8
5091,20250823,2,1,5,6357,265,7.7,1696.0
5092,20250823,4,3,1,3736,118,0.1,1475.0
5093,20250824,4,2,7,4266,92,14.6,2898.0
5094,20250824,1,3,5,3966,53,14.7,339.2
5095,20250824,3,1,3,3130,82,14.4,1869.6
5096,20250824,3,2,3,2752,100,3.3,2280.0
5097,20250824,4,3,1,3463,58,5.2,725.0
5098,20250824,1,1,7,3897,81,2.8,2551.5
5099,20250824,4,3,3,4589,80,8.6,1824.0
5100,20250824,4,2,5,4692,117,0.0,748.8
5101,20250825,1,2,3,3787,127,9.9,2895.6
5102,20250825,4,1,2,3652,87,0.8,1235.4
5103,20250825,3,1,6,2615,90,16.3,639.0
5104,20250825,2,1,7,5065,222,16.7,6993.0
5105,20250825,1,2,3,2880,142,11.7,3237.6
5106,20250825,2,3,2,4850,49,10.5,695.8
5107,20250825,2,3,2,4768,172,12.4,2442.4
5108,20250825,4,3,6,4989,171,64.2,1214.1
5109,20250825,1,1,2,3985,149,15.6,2115.8
5110,20250825,4,3,7,4204,105,24.5,3307.5
5111,20250825,2,2,2,7040,239,7.4,3393.8
5112,20250826,1,2,5,3912,216,6.7,1382.4
5113,20250826,4,1,1,3565,7,26.1,87.5
5114,20250826,1,1,1,3829,229,5.4,2862.5
5115,20250826,4,1,3,3114,109,5.8,2485.2
5116,20250826,4,2,5,4807,135,25.3,864.0
5117,20250826,4,1,2,4531,157,9.6,2229.4
5118,20250827,4,2,5,4970,110,15.4,704.0
5119,20250827,4,3,7,4679,215,0.0,6772.5
5120,20250827,4,3,7,4281,182,23.7,5733.0
5121,20250827,3,1,2,2679,76,2.2,1079.2
5122,20250827,2,3,1,6519,273,4.4,3412.5
5123,20250827,4,3,3,4828,188,0.0,4286.4
5124,20250827,2,1,5,4983,131,8.1,838.4
5125,20250827,2,1,8,5508,180,6.8,6102.0
5126,20250827,4,3,6,5172,160,6.1,1136.0
5127,20250828,3,3,7,1981,41,38.4,1291.5
5128,20250828,2,2,3,4435,190,4.5,4332.0
5129,20250828,3,1,7,2340,86,31.7,2709.0
5130,20250828,2,3,7,6181,264,48.7,8316.0
5131,20250828,1,3,7,3553,21,10.5,661.5
5132,20250828,2,1,4,5281,154,5.3,3865.4
5133,20250828,1,1,8,4380,107,15.8,3627.3
5134,20250829,3,1,3,2424,67,4.6,1527.6
5135,20250829,1,1,3,4462,215,15.2,4902.0
5136,20250829,1,2,6,4252,164,16.7,1164.4
5137,20250829,2,2,7,5715,226,4.5,7119.0
5138,20250829,3,1,8,2420,12,2.6,406.8
5139,20250829,4,3,2,3256,116,56.0,1647.2
5140,20250829,1,1,7,3697,145,2.8,4567.5
5141,20250829,3,1,3,2460,138,12.2,3146.4
5142,20250829,3,2,5,2247,91,3.3,582.4
5143,20250829,1,3,4,4017,191,34.8,4794.1
5144,20250830,4,1,4,3778,107,0.0,2685.7
5145,20250830,1,2,2,3724,96,35.9,1363.2
5146,20250830,2,1,6,7753,300,20.9,2130.0
5147,20250830,1,3,6,3732,86,11.8,610.6
5148,20250830,3,1,8,2826,96,8.9,3254.4
5149,20250830,3,2,4,2862,66,31.6,1656.6
5150,20250830,2,3,2,5156,112,57.3,1590.4
5151,20250830,3,2,1,2350,127,45.0,1587.5
5152,20250830,3,2,2,2795,107,69.6,1519.4
5153,20250831,2,2,3,4994,115,10.1,2622.0
5154,20250831,2,2,4,6265,233,11.9,5848.3
5155,20250831,2,3,5,6303,212,1.4,1356.8
5156,20250831,1,1,1,4045,125,67.8,1562.5
5157,20250831,4,3,8,4584,142,0.0,4813.8
5158,20250831,4,2,7,4503,71,15.9,2236.5
5159,20250901,1,2,4,3589,129,1.4,3237.9
5160,20250901,3,2,7,2340,103,37.8,3244.5
5161,20250901,2,2,4,5939,291,11.6,7304.1
5162,20250901,3,2,3,2668,138,16.7,3146.4
5163,20250901,2,2,7,5974,282,32.4,8883.0
5164,20250901,3,2,6,2445,35,9.8,248.5
5165,20250901,1,3,8,3697,10,6.2,339.0
5166,20250901,4,1,5,5605,45,90.7,288.0
5167,20250902,4,1,1,4784,127,0.0,1587.5
5168,20250902,1,2,5,4196,144,4.3,921.6
5169,20250902,4,3,2,4911,130,10.9,1846.0
5170,20250902,3,2,1,2902,46,19.7,575.0
5171,20250902,1,2,5,4040,89,8.1,569.6
5172,20250902,4,2,1,5217,111,5.7,1387.5
5173,20250902,4,3,8,4911,126,38.7,4271.4
5174,20250902,3,3,6,2445,104,28.2,738.4
5175,20250903,3,3,5,2867,132,9.0,844.8
5176,20250903,4,3,8,4389,72,9.1,2440.8
5177,20250903,2,3,5,6233,187,7.3,1196.8
5178,20250903,1,1,1,4557,94,11.5,1175.0
5179,20250903,1,3,4,4130,123,14.0,3087.3
5180,20250903,1,1,4,3587,187,8.2,4693.7
5181,20250903,2,2,3,6075,240,21.7,5472.0
5182,20250903,3,3,6,2870,89,24.0,631.9
5183,20250903,4,2,1,5833,157,19.5,1962.5
5184,20250903,4,2,4,4917,204,26.0,5120.4
5185,20250904,2,3,4,4721,159,10.7,3990.9
5186,20250904,1,3,3,3602,180,14.7,4104.0
5187,20250904,2,3,3,5150,137,21.1,3123.6
5188,20250904,3,3,2,2948,36,18.9,511.2
5189,20250904,1,2,8,4500,279,9.2,9458.1
5190,20250904,1,2,2,4351,165,3.0,2343.0
5191,20250904,3,1,7,2617,135,1.0,4252.5
5192,20250904,4,3,4,4158,120,27.8,3012.0
5193,20250904,1,2,5,3752,177,30.9,1132.8
5194,20250904,1,3,1,3182,166,26.5,2075.0
5195,20250905,3,3,8,2791,105,5.7,3559.5
5196,20250905,1,3,4,4072,145,24.1,3639.5
5197,20250905,4,1,8,4321,150,6.5,5085.0
5198,20250905,1,1,8,3595,111,0.1,3762.9
5199,20250905,4,1,1,4585,198,16.9,2475.0
5200,20250905,3,2,8,3086,39,40.2,1322.1
5201,20250906,2,3,1,4482,71,26.5,887.5
5202,20250906,1,3,6,3181,97,6.3,688.7
5203,20250906,3,1,5,3205,117,18.7,748.8
5204,20250906,3,3,3,2969,86,0.7,1960.8
5205,20250906,1,2,8,3873,71,18.2,2406.9
5206,20250906,1,2,8,3809,92,8.7,3118.8
5207,20250907,1,3,7,3726,75,29.3,2362.5
5208,20250907,3,3,6,2642,21,11.7,149.1
5209,20250907,4,1,5,4245,182,0.0,1164.8
5210,20250907,4,1,8,4123,113,12.9,3830.7
5211,20250907,4,3,6,3741,40,13.2,284.0
5212,20250907,4,2,8,4776,97,0.2,3288.3
5213,20250907,3,2,3,2653,98,19.4,2234.4
5214,20250907,1,2,5,4434,160,22.5,1024.0
5215,20250907,2,3,1,6710,214,7.6,2675.0
5216,20250907,4,3,5,4654,59,0.0,377.6
5217,20250907,1,2,3,4171,142,48.0,3237.6
5218,20250908,3,1,1,2644,91,1.3,1137.5
5219,20250908,3,2,2,2834,53,29.4,752.6
5220,20250908,2,1,8,6915,194,11.1,6576.6
5221,20250908,2,1,1,7018,218,6.6,2725.0
5222,20250908,3,1,8,2331,67,17.9,2271.3
5223,20250908,2,2,6,4743,161,20.4,1143.1
5224,20250908,4,1,8,4324,197,12.7,6678.3
5225,20250909,4,1,3,5275,246,7.6,5608.8
5226,20250909,4,3,7,4326,95,15.4,2992.5
5227,20250909,2,2,8,5937,169,4.4,5729.1
5228,20250909,1,2,5,4262,139,14.8,889.6
5229,20250909,3,3,4,2233,109,1.9,2735.9
5230,20250909,2,3,5,6182,39,19.6,249.6
5231,20250909,1,2,4,4008,102,5.9,2560.2
5232,20250909,3,1,2,2203,42,29.7,596.4
5233,20250909,2,1,2,6480,211,50.9,2996.2
5234,20250910,2,3,2,6280,169,7.0,2399.8
5235,20250910,1,3,1,3921,70,1.9,875.0
5236,20250910,3,2,1,2952,97,0.9,1212.5
5237,20250910,4,3,6,4032,48,0.0,340.8
5238,20250910,1,2,8,4009,110,18.2,3729.0
5239,20250910,3,2,5,3148,93,14.3,595.2
5240,20250910,3,3,5,2171,113,17.0,723.2
5241,20250910,1,1,7,4108,75,30.9,2362.5
5242,20250911,1,3,3,3940,121,24.2,2758.8
5243,20250911,3,2,1,2453,64,3.4,800.0
5244,20250911,2,3,8,6418,153,62.0,5186.7
5245,20250911,3,2,2,3042,104,19.8,1476.8
5246,20250911,1,1,7,4110,61,0.6,1921.5
5247,20250911,3,1,6,2786,117,16.2,830.7
5248,20250911,3,1,8,3249,103,32.1,3491.7
5249,20250912,1,1,5,3756,21,21.3,134.4
5250,20250912,4,1,3,3748,36,0.0,820.8
5251,20250912,2,3,3,7035,216,5.6,4924.8
5252,20250912,4,3,2,4403,174,0.0,2470.8
5253,20250912,1,2,7,4412,191,13.7,6016.5
5254,20250912,3,3,7,2817,141,11.5,4441.5
5255,20250912,1,3,6,3597,122,17.3,866.2
5256,20250913,3,2,4,2586,107,15.8,2685.7
5257,20250913,3,3,5,2574,102,15.5,652.8
5258,20250913,2,3,1,6707,93,32.2,1162.5
5259,20250913,3,2,4,2507,77,2.9,1932.7
5260,20250913,2,2,3,5763,263,10.7,5996.4
5261,20250913,3,1,5,2477,70,15.7,448.0
5262,20250913,4,2,7,5258,93,15.9,2929.5
5263,20250913,3,3,6,2625,144,3.5,1022.4
5264,20250913,3,3,5,2754,65,10.0,416.0
5265,20250913,1,2,1,3835,168,3.8,2100.0
5266,20250913,4,2,1,3326,65,9.4,812.5
5267,20250914,2,3,4,5808,161,19.5,4041.1
5268,20250914,4,1,1,3755,70,85.9,875.0
5269,20250914,4,1,7,4535,166,0.0,5229.0
5270,20250914,2,3,8,5598,110,8.9,3729.0
5271,20250914,3,2,8,2252,97,82.2,3288.3
5272,20250914,4,3,6,4754,190,1.5,1349.0
5273,20250914,1,1,1,3689,84,19.6,1050.0
5274,20250915,1,2,8,4792,174,28.2,5898.6
5275,20250915,1,1,3,3817,74,0.9,1687.2
5276,20250915,2,2,7,6004,227,7.9,7150.5
5277,20250915,4,1,3,4174,138,17.5,3146.4
5278,20250915,1,1,2,3566,47,30.0,667.4
5279,20250915,3,3,8,2520,44,33.8,1491.6
5280,20250915,4,3,4,4771,154,0.0,3865.4
5281,20250915,1,2,8,3864,84,72.9,2847.6
5282,20250915,1,1,2,4602,101,63.2,1434.2
5283,20250915,3,2,4,2670,82,14.4,2058.2
5284,20250916,2,2,4,5526,80,7.8,2008.0
5285,20250916,4,1,5,4433,56,1.4,358.4
5286,20250916,4,2,5,4665,63,2.0,403.2
5287,20250916,3,2,5,2577,76,6.4,486.4
5288,20250916,3,1,7,3355,69,5.9,2173.5
5289,20250916,1,3,4,4200,119,11.4,2986.9
5290,20250917,1,3,6,4152,144,18.9,1022.4
5291,20250917,3,2,8,2205,69,31.1,2339.1
5292,20250917,1,1,7,4010,72,10.0,2268.0
5293,20250917,2,1,5,5436,200,2.3,1280.0
5294,20250917,4,3,2,4267,75,6.2,1065.0
5295,20250917,4,1,5,5222,232,55.1,1484.8
5296,20250917,2,3,6,6022,166,26.6,1178.6
5297,20250917,3,1,3,2514,83,2.2,1892.4
5298,20250917,3,3,4,2279,69,1.6,1731.9
5299,20250917,4,2,4,4393,262,27.4,6576.2
5300,20250918,1,3,5,3552,79,34.2,505.6
5301,20250918,2,1,6,5590,121,15.6,859.1
5302,20250918,4,1,8,4647,71,5.4,2406.9
5303,20250918,3,1,4,2378,67,46.1,1681.7
5304,20250918,4,2,6,5948,175,12.0,1242.5
5305,20250918,2,1,5,6848,344,22.1,2201.6
5306,20250918,3,3,4,2303,37,8.6,928.7
5307,20250918,3,2,5,2459,49,39.6,313.6
5308,20250918,4,1,5,4862,112,0.0,716.8
5309,20250918,2,2,6,5820,212,114.1,1505.2
5310,20250919,3,3,1,2420,74,6.2,925.0
5311,20250919,3,2,3,2357,93,28.6,2120.4
5312,20250919,1,1,8,4154,124,83.4,4203.6
5313,20250919,4,3,7,4454,25,42.3,787.5
5314,20250919,4,3,8,4510,84,14.9,2847.6
5315,20250919,4,1,8,3897,7,1.3,237.3
5316,20250920,2,3,8,5030,180,20.9,6102.0
5317,20250920,2,3,8,6019,195,5.7,6610.5
5318,20250920,3,3,7,2672,115,32.9,3622.5
5319,20250920,3,3,6,2320,94,17.6,667.4
5320,20250920,1,3,7,3024,60,3.5,1890.0
5321,20250920,4,3,2,5670,235,17.3,3337.0
5322,20250920,3,3,6,2582,93,2.3,660.3
5323,20250920,3,2,7,2123,68,38.2,2142.0
5324,20250920,4,1,2,5318,92,1.4,1306.4
5325,20250920,4,3,1,5347,311,14.2,3887.5
5326,20250921,2,2,1,6275,136,11.7,1700.0
5327,20250921,2,3,6,6153,151,19.7,1072.1
5328,20250921,1,3,5,3300,79,12.6,505.6
5329,20250921,3,3,7,2412,49,1.6,1543.5
5330,20250921,3,2,6,2910,111,25.5,788.1
5331,20250921,4,3,8,4887,256,8.0,8678.4
5332,20250921,1,3,5,4150,98,0.7,627.2
5333,20250921,3,1,1,2611,77,6.6,962.5
5334,20250921,2,1,1,6531,282,1.4,3525.0
5335,20250921,2,3,4,6921,290,5.6,7279.0
5336,20250922,2,3,5,6103,223,4.6,1427.2
5337,20250922,1,2,7,3947,196,33.6,6174.0
5338,20250922,2,1,5,6735,198,46.9,1267.2
5339,20250922,1,3,7,3363,94,4.7,2961.0
5340,20250922,4,2,7,4889,9,21.0,283.5
5341,20250922,4,3,2,3859,81,0.0,1150.2
5342,20250922,2,3,5,6618,103,1.9,659.2
5343,20250922,3,1,8,2700,107,0.9,3627.3
5344,20250923,2,2,5,5998,172,32.3,1100.8
5345,20250923,1,2,3,3821,129,13.1,2941.2
5346,20250923,3,3,8,2577,45,31.2,1525.5
5347,20250923,4,2,7,4184,116,62.8,3654.0
5348,20250923,2,2,2,5888,94,3.2,1334.8
5349,20250923,1,2,8,3958,155,51.4,5254.5
5350,20250923,3,2,4,2845,82,18.4,2058.2
5351,20250923,1,3,4,3227,129,7.8,3237.9
5352,20250923,4,1,5,4236,93,2.3,595.2
5353,20250924,4,3,8,5311,114,22.5,3864.6
5354,20250924,1,1,1,4116,122,35.8,1525.0
5355,20250924,2,1,3,6166,293,18.3,6680.4
5356,20250924,4,3,4,4380,121,3.1,3037.1
5357,20250924,1,1,6,4145,212,4.6,1505.2
5358,20250924,1,1,8,3579,22,24.6,745.8
5359,20250924,3,3,3,2889,59,3.5,1345.2
5360,20250925,3,1,8,2609,96,12.6,3254.4
5361,20250925,4,3,3,4333,205,0.0,4674.0
5362,20250925,3,1,1,2361,68,27.4,850.0
5363,20250925,1,1,5,2498,102,0.3,652.8
5364,20250925,1,3,1,4160,152,4.5,1900.0
5365,20250925,1,2,7,3675,113,2.7,3559.5
5366,20250925,1,3,4,4421,115,5.1,2886.5
5367,20250925,2,3,8,5726,170,5.9,5763.0
5368,20250925,4,1,8,3925,99,16.1,3356.1
5369,20250926,1,3,6,3687,154,31.2,1093.4
5370,20250926,2,3,4,6215,246,32.9,6174.6
5371,20250926,4,1,7,4369,238,21.0,7497.0
5372,20250926,4,3,6,4902,167,17.8,1185.7
5373,20250926,4,1,2,5262,74,14.8,1050.8
5374,20250926,4,1,1,3911,97,0.0,1212.5
5375,20250926,1,1,1,3471,116,7.6,1450.0
5376,20250926,1,1,4,3803,15,11.4,376.5
5377,20250927,4,3,5,4184,152,4.9,972.8
5378,20250927,4,1,2,4376,144,0.0,2044.8
5379,20250927,2,3,3,7196,163,5.8,3716.4
5380,20250927,4,1,7,5052,107,17.9,3370.5
5381,20250927,2,1,8,5382,72,4.6,2440.8
5382,20250927,2,2,1,5868,195,21.4,2437.5
5383,20250927,1,3,3,2925,103,6.4,2348.4
5384,20250928,4,1,3,3974,109,98.1,2485.2
5385,20250928,4,1,3,5109,177,22.3,4035.6
5386,20250928,4,1,1,4968,118,30.2,1475.0
5387,20250928,3,3,8,2918,41,15.2,1389.9
5388,20250928,3,2,7,3247,113,24.4,3559.5
5389,20250928,1,2,3,3160,193,32.8,4400.4
5390,20250928,2,3,5,5238,119,13.2,761.6
5391,20250928,2,2,3,4643,171,5.2,3898.8
5392,20250929,4,3,4,4546,147,26.4,3689.7
5393,20250929,4,2,8,4954,170,9.1,5763.0
5394,20250929,2,3,7,7057,259,18.2,8158.5
5395,20250929,1,3,4,3102,138,35.3,3463.8
5396,20250929,4,2,5,4480,101,19.4,646.4
5397,20250929,3,3,8,3008,108,4.4,3661.2
5398,20250929,3,2,3,2609,129,0.1,2941.2
5399,20250929,2,1,8,5650,80,10.1,2712.0
5400,20250929,1,3,2,3384,72,12.7,1022.4
5401,20250929,1,1,6,3354,130,16.8,923.0
5402,20250929,3,2,2,2957,143,9.9,2030.6
5403,20250930,1,3,6,3558,35,13.9,248.5
5404,20250930,1,2,1,3269,168,23.7,2100.0
5405,20250930,2,3,2,4378,137,30.0,1945.4
5406,20250930,2,1,7,6003,281,11.2,8851.5
5407,20250930,2,2,4,5443,125,32.6,3137.5
5408,20250930,2,2,1,5405,256,35.0,3200.0
5409,20250930,1,2,7,3797,149,6.1,4693.5
5410,20250930,2,1,8,5735,223,7.7,7559.7
5411,20250930,3,3,6,2797,66,15.2,468.6
5412,20251001,3,3,6,2442,103,17.7,731.3
5413,20251001,4,3,3,5038,152,32.0,3465.6
5414,20251001,1,1,4,3435,55,3.4,1380.5
5415,20251001,3,1,4,2317,67,16.3,1681.7
5416,20251001,4,2,2,4441,134,1.5,1902.8
5417,20251001,2,2,4,5621,142,3.4,3564.2
5418,20251002,1,2,6,3453,80,3.9,568.0
5419,20251002,3,2,3,3168,97,3.1,2211.6
5420,20251002,1,2,2,3310,125,18.5,1775.0
5421,20251002,1,1,8,3961,160,43.9,5424.0
5422,20251002,1,3,5,3583,111,13.3,710.4
5423,20251002,3,2,8,3022,88,19.1,2983.2
5424,20251003,1,2,5,2442,62,11.4,396.8
5425,20251003,1,1,1,3990,7,33.3,87.5
5426,20251003,4,1,3,4411,169,78.0,3853.2
5427,20251003,4,2,1,4255,158,6.5,1975.0
5428,20251003,3,3,7,2094,111,6.8,3496.5
5429,20251003,4,3,4,3962,179,8.1,4492.9
5430,20251003,1,2,4,3551,52,8.5,1305.2
5431,20251003,2,1,8,6214,243,1.0,8237.7
5432,20251003,1,1,8,3797,121,11.9,4101.9
5433,20251003,3,3,5,2672,76,30.9,486.4
5434,20251004,4,3,5,4363,129,9.6,825.6
5435,20251004,1,2,5,3507,52,11.1,332.8
5436,20251004,3,1,5,2376,75,45.8,480.0
5437,20251004,3,3,1,2123,110,12.8,1375.0
5438,20251004,3,2,8,2624,71,10.0,2406.9
5439,20251004,1,1,5,3662,186,32.3,1190.4
5440,20251004,3,3,2,2399,73,35.2,1036.6
5441,20251005,1,3,8,3861,167,3.5,5661.3
5442,20251005,3,1,1,2171,22,22.8,275.0
5443,20251005,3,1,7,2895,70,6.0,2205.0
5444,20251005,3,2,7,2042,29,24.1,913.5
5445,20251005,3,1,6,2822,121,5.7,859.1
5446,20251005,3,3,8,2141,101,16.3,3423.9
5447,20251005,3,3,1,2552,88,10.1,1100.0
5448,20251006,2,3,8,7383,334,7.3,11322.6
5449,20251006,2,1,3,4792,103,2.2,2348.4
5450,20251006,2,3,8,6978,187,6.1,6339.3
5451,20251006,2,3,3,6364,124,7.7,2827.2
5452,20251006,1,3,8,4250,239,8.9,8102.1
5453,20251006,2,1,6,6690,123,0.9,873.3
5454,20251006,1,2,5,4269,168,3.6,1075.2
5455,20251006,2,1,4,6152,162,15.3,4066.2
5456,20251006,4,3,8,4739,173,2.5,5864.7
5457,20251006,3,2,7,2663,94,31.9,2961.0
5458,20251006,4,1,7,4086,137,45.5,4315.5
5459,20251007,1,2,1,3575,171,29.2,2137.5
5460,20251007,1,3,2,3753,137,13.8,1945.4
5461,20251007,3,1,3,2794,102,6.0,2325.6
5462,20251007,3,3,7,2601,121,1.3,3811.5
5463,20251007,1,2,2,3991,156,30.7,2215.2
5464,20251007,2,2,7,6775,206,0.1,6489.0
5465,20251007,1,2,3,3912,81,6.8,1846.8
5466,20251007,2,2,3,5034,113,43.4,2576.4
5467,20251008,2,2,8,5187,250,9.6,8475.0
5468,20251008,4,2,4,5222,96,2.3,2409.6
5469,20251008,1,2,6,3596,54,16.4,383.4
5470,20251008,3,1,8,2243,83,17.8,2813.7
5471,20251008,1,2,3,4228,129,7.3,2941.2
5472,20251008,2,1,3,6222,235,3.4,5358.0
5473,20251008,4,1,5,4341,234,0.0,1497.6
5474,20251008,2,2,8,6630,262,31.7,8881.8
5475,20251008,2,3,8,5516,11,12.0,372.9
5476,20251009,4,2,2,4308,111,22.2,1576.2
5477,20251009,1,3,7,4224,98,8.4,3087.0
5478,20251009,3,3,2,2815,102,3.1,1448.4
5479,20251009,1,1,8,3467,129,3.8,4373.1
5480,20251009,4,2,8,4566,91,0.0,3084.9
5481,20251009,3,2,2,3115,136,6.0,1931.2
5482,20251009,1,3,5,3978,86,2.7,550.4
5483,20251009,1,3,3,4082,89,5.0,2029.2
5484,20251009,4,3,1,4459,106,2.6,1325.0
5485,20251009,1,1,1,3165,74,1.1,925.0
5486,20251009,3,2,5,2605,52,0.9,332.8
5487,20251010,2,1,4,5542,141,10.1,3539.1
5488,20251010,4,1,6,4990,133,0.0,944.3
5489,20251010,2,3,4,5291,184,16.7,4618.4
5490,20251010,3,1,6,2845,7,2.8,49.7
5491,20251010,2,2,4,6035,58,1.7,1455.8
5492,20251010,3,2,8,2973,119,25.6,4034.1
5493,20251010,4,3,4,4654,216,6.3,5421.6
5494,20251010,4,1,6,4088,49,5.7,347.9
5495,20251010,3,2,7,2428,47,8.8,1480.5
5496,20251011,2,3,3,5507,170,45.2,3876.0
5497,20251011,1,2,3,4224,146,4.6,3328.8
5498,20251011,4,2,6,4797,202,0.0,1434.2
5499,20251011,3,2,6,3363,74,70.2,525.4
5500,20251011,3,2,2,2528,83,11.4,1178.6
5501,20251011,4,3,7,4054,120,3.8,3780.0
5502,20251011,2,3,7,6699,282,42.0,8883.0
5503,20251011,4,2,2,4585,9,4.9,127.8
5504,20251011,1,2,4,3832,104,14.3,2610.4
5505,20251011,2,2,7,5725,141,1.3,4441.5
5506,20251012,3,3,4,2436,90,36.2,2259.0
5507,20251012,1,3,5,3343,116,31.6,742.4
5508,20251012,3,3,3,2425,84,3.5,1915.2
5509,20251012,2,2,7,6595,108,6.5,3402.0
5510,20251012,4,3,2,4666,66,0.0,937.2
5511,20251012,3,1,4,2587,54,16.3,1355.4
5512,20251013,4,1,2,4733,54,58.5,766.8
5513,20251013,3,2,7,2955,116,18.9,3654.0
5514,20251013,4,2,5,5194,193,30.1,1235.2
5515,20251013,2,1,6,6598,262,30.8,1860.2
5516,20251013,2,2,1,6012,138,45.6,1725.0
5517,20251013,3,1,2,2930,54,74.6,766.8
5518,20251014,4,2,6,4977,257,36.1,1824.7
5519,20251014,2,1,6,6578,140,13.3,994.0
5520,20251014,4,3,4,4518,57,7.0,1430.7
5521,20251014,1,3,3,4226,149,24.6,3397.2
5522,20251014,2,1,8,5150,220,7.0,7458.0
5523,20251014,2,1,4,5720,92,2.0,2309.2
5524,20251014,1,3,3,3037,124,7.2,2827.2
5525,20251014,3,3,7,3096,86,3.2,2709.0
5526,20251015,4,1,4,4374,139,10.5,3488.9
5527,20251015,4,1,8,4989,160,15.2,5424.0
5528,20251015,1,2,5,3896,143,9.3,915.2
5529,20251015,3,1,7,2705,146,1.2,4599.0
5530,20251015,1,3,1,4020,220,30.6,2750.0
5531,20251015,1,1,5,3000,108,31.8,691.2
5532,20251016,1,2,3,4214,129,51.4,2941.2
5533,20251016,1,1,3,4099,43,16.9,980.4
5534,20251016,3,1,7,2639,106,24.4,3339.0
5535,20251016,4,2,8,4827,74,4.4,2508.6
5536,20251016,2,3,6,6762,13,5.2,92.3
5537,20251016,1,2,2,4004,108,3.9,1533.6
5538,20251016,4,3,7,4871,82,10.7,2583.0
5539,20251017,1,3,8,3855,110,52.3,3729.0
5540,20251017,4,1,6,5136,173,0.0,1228.3
5541,20251017,1,2,5,4028,145,0.8,928.0
5542,20251017,3,3,3,2422,35,45.0,798.0
5543,20251017,1,3,4,3825,124,7.3,3112.4
5544,20251017,2,1,4,6883,99,24.1,2484.9
5545,20251017,4,1,1,6226,414,0.0,5175.0
5546,20251017,3,2,8,2702,64,13.5,2169.6
5547,20251017,4,2,3,4999,113,130.3,2576.4
5548,20251018,2,2,3,7198,193,5.6,4400.4
5549,20251018,1,1,3,4285,194,23.2,4423.2
5550,20251018,3,3,3,3058,122,18.3,2781.6
5551,20251018,4,2,1,5280,198,1.6,2475.0
5552,20251018,1,1,2,4272,183,19.1,2598.6
5553,20251018,4,2,1,4925,10,32.2,125.0
5554,20251018,3,1,1,2615,142,2.7,1775.0
5555,20251018,1,2,6,4222,158,14.0,1121.8
5556,20251019,3,3,7,2282,38,19.0,1197.0
5557,20251019,4,3,6,4195,102,0.0,724.2
5558,20251019,2,1,6,5443,249,22.1,1767.9
5559,20251019,1,3,7,4380,157,20.1,4945.5
5560,20251019,3,2,2,2963,50,37.2,710.0
5561,20251019,4,1,4,3676,97,16.2,2434.7
5562,20251019,1,1,2,3286,46,29.2,653.2
5563,20251019,2,3,5,6451,183,6.2,1171.2
5564,20251019,3,3,1,2844,106,1.6,1325.0
5565,20251019,2,1,1,6839,161,7.8,2012.5
5566,20251020,1,1,3,3996,122,8.0,2781.6
5567,20251020,2,2,7,5473,160,3.4,5040.0
5568,20251020,2,3,2,6325,160,6.7,2272.0
5569,20251020,4,2,7,3198,87,2.7,2740.5
5570,20251020,1,1,6,3462,129,13.7,915.9
5571,20251020,1,1,8,4054,29,17.9,983.1
5572,20251020,1,3,8,3826,152,13.7,5152.8
5573,20251021,4,3,8,5248,118,16.3,4000.2
5574,20251021,3,2,2,2624,84,4.6,1192.8
5575,20251021,3,3,7,2902,111,65.1,3496.5
5576,20251021,2,3,6,5290,201,10.8,1427.1
5577,20251021,1,3,2,3307,34,16.1,482.8
5578,20251021,2,2,3,6093,131,22.3,2986.8
5579,20251021,1,1,6,4354,118,21.2,837.8
5580,20251021,1,2,3,4066,134,45.8,3055.2
5581,20251022,4,1,2,4230,147,10.5,2087.4
5582,20251022,3,1,4,2376,82,0.8,2058.2
5583,20251022,2,1,2,5114,132,12.9,1874.4
5584,20251022,2,2,3,6322,176,4.4,4012.8
5585,20251022,3,3,1,2627,98,13.1,1225.0
5586,20251022,2,2,7,5886,237,1.8,7465.5
5587,20251023,3,3,4,2863,61,2.3,1531.1
5588,20251023,1,3,6,4190,137,11.4,972.7
5589,20251023,1,2,7,4206,61,6.1,1921.5
5590,20251023,2,3,7,7569,114,0.7,3591.0
5591,20251023,4,1,4,3731,125,0.0,3137.5
5592,20251023,1,1,1,4121,169,45.9,2112.5
5593,20251023,4,2,2,4912,70,0.0,994.0
5594,20251023,2,3,3,6258,179,8.3,4081.2
5595,20251023,2,1,4,5757,159,30.1,3990.9
5596,20251024,2,3,7,6071,157,31.2,4945.5
5597,20251024,2,2,2,6006,22,27.7,312.4
5598,20251024,2,2,8,5381,205,25.3,6949.5
5599,20251024,1,1,7,3928,114,40.7,3591.0
5600,20251024,3,3,7,2871,114,21.2,3591.0
5601,20251024,3,3,5,2189,71,25.7,454.4
5602,20251024,2,1,6,6241,156,31.7,1107.6
5603,20251024,1,3,3,3713,158,24.7,3602.4
5604,20251025,2,3,4,5598,196,3.9,4919.6
5605,20251025,3,3,3,2585,57,6.4,1299.6
5606,20251025,3,3,4,3249,59,1.8,1480.9
5607,20251025,2,2,1,6633,228,0.1,2850.0
5608,20251025,1,3,2,4191,86,15.7,1221.2
5609,20251025,3,3,4,2722,96,37.2,2409.6
5610,20251025,4,1,2,4229,221,0.0,3138.2
5611,20251026,3,2,4,2916,80,7.6,2008.0
5612,20251026,2,2,5,5111,154,3.4,985.6
5613,20251026,2,1,5,5003,129,6.1,825.6
5614,20251026,1,3,4,4243,110,23.9,2761.0
5615,20251026,4,3,6,3859,88,24.6,624.8
5616,20251026,1,2,5,3596,109,30.6,697.6
5617,20251027,4,3,2,4887,193,36.8,2740.6
5618,20251027,1,2,6,2854,100,5.7,710.0
5619,20251027,4,1,5,4059,51,0.0,326.4
5620,20251027,4,1,7,4982,57,18.4,1795.5
5621,20251027,4,1,2,5133,93,22.7,1320.6
5622,20251027,4,3,8,4052,116,23.0,3932.4
5623,20251027,3,1,3,2859,158,4.3,3602.4
5624,20251027,3,3,5,2775,107,0.8,684.8
5625,20251027,1,2,3,3994,62,42.8,1413.6
5626,20251028,3,1,4,2723,118,0.2,2961.8
5627,20251028,4,1,6,4361,151,0.0,1072.1
5628,20251028,1,1,8,3845,115,7.7,3898.5
5629,20251028,4,3,5,3438,61,66.5,390.4
5630,20251028,4,1,8,4551,147,10.9,4983.3
5631,20251028,2,1,2,4944,90,9.4,1278.0
5632,20251028,1,2,7,4025,151,52.2,4756.5
5633,20251028,3,2,8,2576,88,11.5,2983.2
5634,20251028,4,2,6,4471,116,5.7,823.6
5635,20251029,4,2,3,4555,79,0.0,1801.2
5636,20251029,4,3,2,4463,184,7.9,2612.8
5637,20251029,3,3,1,2729,102,6.1,1275.0
5638,20251029,2,3,2,5282,78,3.2,1107.6
5639,20251029,1,3,2,3222,73,6.0,1036.6
5640,20251029,3,2,5,2401,65,16.7,416.0
5641,20251030,2,3,2,5939,212,9.9,3010.4
5642,20251030,4,3,6,3748,197,0.0,1398.7
5643,20251030,3,2,2,1995,75,7.5,1065.0
5644,20251030,2,1,4,6250,273,22.2,6852.3
5645,20251030,3,3,5,2853,177,4.6,1132.8
5646,20251030,2,1,8,6208,142,3.7,4813.8
5647,20251030,2,2,2,5769,286,1.5,4061.2
5648,20251030,4,3,2,5015,191,12.4,2712.2
5649,20251030,2,3,6,5727,247,10.8,1753.7
5650,20251030,2,3,5,4718,190,34.4,1216.0
5651,20251031,3,2,6,2532,99,77.8,702.9
5652,20251031,4,2,3,4976,83,7.7,1892.4
5653,20251031,4,3,5,4183,152,11.0,972.8
5654,20251031,4,3,3,4641,234,11.5,5335.2
5655,20251031,1,2,8,4325,71,97.5,2406.9
5656,20251031,1,3,2,3266,93,19.0,1320.6
5657,20251031,3,1,1,3164,104,11.6,1300.0
5658,20251101,4,2,1,5695,91,0.0,1137.5
5659,20251101,2,3,8,6803,263,47.6,8915.7
5660,20251101,1,3,1,2960,123,7.9,1537.5
5661,20251101,3,1,3,2708,125,21.6,2850.0
5662,20251101,1,1,4,3903,165,18.7,4141.5
5663,20251101,4,1,4,3193,87,25.8,2183.7
5664,20251101,4,2,1,3943,86,0.0,1075.0
5665,20251101,3,3,4,2464,98,0.7,2459.8
5666,20251101,3,1,1,2619,83,21.5,1037.5
5667,20251101,1,3,4,4209,173,20.5,4342.3
5668,20251101,2,1,2,5877,76,21.6,1079.2
5669,20251102,3,1,1,2350,92,11.1,1150.0
5670,20251102,2,3,1,6617,282,5.3,3525.0
5671,20251102,3,2,1,2925,53,39.7,662.5
5672,20251102,3,3,4,2984,45,18.2,1129.5
5673,20251102,3,3,6,2416,100,17.9,710.0
5674,20251102,3,1,8,2115,63,9.8,2135.7
5675,20251102,4,2,1,4482,83,0.0,1037.5
5676,20251102,4,1,3,4743,71,0.0,1618.8
5677,20251103,1,2,8,4626,98,54.4,3322.2
5678,20251103,4,1,3,5686,167,0.0,3807.6
5679,20251103,4,2,6,3971,128,4.7,908.8
5680,20251103,2,3,8,5994,145,51.4,4915.5
5681,20251103,3,3,6,2703,103,24.5,731.3
5682,20251103,1,2,7,4306,181,10.7,5701.5
5683,20251103,3,2,3,2275,82,10.0,1869.6
5684,20251103,4,3,6,4234,188,43.6,1334.8
5685,20251103,4,1,6,4035,56,30.6,397.6
5686,20251103,2,3,3,5678,241,29.1,5494.8
5687,20251103,3,1,6,2254,72,26.5,511.2
5688,20251104,4,1,8,5359,151,12.4,5118.9
5689,20251104,1,3,2,4601,149,6.6,2115.8
5690,20251104,2,3,4,4967,236,4.1,5923.6
5691,20251104,4,2,8,4991,65,0.0,2203.5
5692,20251104,2,2,7,6162,232,14.1,7308.0
5693,20251104,2,3,6,6345,12,3.9,85.2
5694,20251104,4,2,4,4969,152,0.0,3815.2
5695,20251105,2,3,2,7439,215,22.9,3053.0
5696,20251105,2,2,4,6397,295,31.5,7404.5
5697,20251105,3,2,4,2924,152,5.4,3815.2
5698,20251105,2,2,7,6125,122,27.1,3843.0
5699,20251105,3,2,2,2592,43,15.3,610.6
5700,20251105,1,3,4,3331,74,2.4,1857.4
5701,20251105,3,3,4,2824,151,29.8,3790.1
5702,20251105,1,3,4,3919,71,15.0,1782.1
5703,20251105,4,2,6,4940,86,21.7,610.6
5704,20251105,2,1,1,6561,305,8.5,3812.5
5705,20251106,1,2,1,3434,149,2.7,1862.5
5706,20251106,3,1,3,2601,66,1.9,1504.8
5707,20251106,3,1,4,3178,91,6.1,2284.1
5708,20251106,4,3,5,3883,131,23.2,838.4
5709,20251106,3,3,7,2844,87,2.6,2740.5
5710,20251106,4,1,4,4425,81,0.0,2033.1
5711,20251106,1,3,7,3974,136,9.4,4284.0
5712,20251106,2,2,6,6576,225,17.3,1597.5
5713,20251106,2,3,5,5724,142,6.7,908.8
5714,20251106,4,3,5,5124,202,8.3,1292.8
5715,20251106,1,1,2,3569,98,38.1,1391.6
5716,20251107,3,1,4,2444,57,0.0,1430.7
5717,20251107,1,1,8,3821,117,25.7,3966.3
5718,20251107,4,3,1,4259,152,35.1,1900.0
5719,20251107,1,1,3,4096,70,7.0,1596.0
5720,20251107,2,3,4,5886,198,9.0,4969.8
5721,20251107,4,3,8,4832,49,29.4,1661.1
5722,20251107,4,1,3,3624,51,0.0,1162.8
5723,20251107,4,2,5,5061,172,29.6,1100.8
5724,20251107,2,2,2,5641,39,3.9,553.8
5725,20251107,2,3,4,6732,200,19.7,5020.0
5726,20251107,3,1,3,2782,86,14.8,1960.8
5727,20251108,3,1,7,2199,81,8.6,2551.5
5728,20251108,1,3,3,4045,182,0.5,4149.6
5729,20251108,4,2,8,4605,139,0.0,4712.1
5730,20251108,4,2,4,5317,179,14.3,4492.9
5731,20251108,1,1,6,3659,83,14.6,589.3
5732,20251108,3,3,3,2574,95,5.3,2166.0
5733,20251108,3,3,2,2716,60,19.0,852.0
5734,20251108,1,3,7,3202,107,7.2,3370.5
5735,20251108,2,1,5,6332,173,2.5,1107.2
5736,20251109,4,3,5,4808,185,22.3,1184.0
5737,20251109,3,1,1,2923,99,20.1,1237.5
5738,20251109,3,2,2,2534,104,3.3,1476.8
5739,20251109,4,1,1,4096,252,18.0,3150.0
5740,20251109,3,3,1,3311,65,23.8,812.5
5741,20251109,1,2,1,4598,148,30.2,1850.0
5742,20251109,3,3,1,2972,96,7.3,1200.0
5743,20251109,1,1,5,4805,204,64.2,1305.6
5744,20251109,2,3,1,4997,161,2.5,2012.5
5745,20251109,1,3,5,3458,80,20.2,512.0
5746,20251110,3,2,3,2515,93,14.2,2120.4
5747,20251110,3,3,8,2448,72,9.9,2440.8
5748,20251110,3,1,3,2575,55,1.4,1254.0
5749,20251110,4,2,8,4231,166,9.6,5627.4
5750,20251110,4,1,3,3970,133,0.1,3032.4
5751,20251110,1,2,8,3778,157,22.3,5322.3
5752,20251110,4,1,2,4590,96,0.3,1363.2
5753,20251110,4,1,5,4820,90,25.6,576.0
5754,20251110,2,2,4,5385,259,25.2,6500.9
5755,20251110,1,3,2,2867,120,13.9,1704.0
5756,20251110,1,2,3,3800,88,18.6,2006.4
5757,20251111,2,2,3,5426,70,0.6,1596.0
5758,20251111,2,2,8,6528,250,2.4,8475.0
5759,20251111,4,2,2,4008,138,32.2,1959.6
5760,20251111,1,1,1,3337,131,0.2,1637.5
5761,20251111,3,3,4,2794,94,7.8,2359.4
5762,20251111,4,1,7,5371,199,0.0,6268.5
5763,20251111,3,1,6,2839,68,13.6,482.8
5764,20251111,3,3,2,2726,80,0.8,1136.0
5765,20251111,3,2,3,2172,44,1.8,1003.2
5766,20251111,4,1,7,4431,84,5.7,2646.0
5767,20251112,2,3,7,6158,156,22.9,4914.0
5768,20251112,1,3,6,3448,89,19.6,631.9
5769,20251112,4,3,3,3887,100,0.0,2280.0
5770,20251112,2,2,4,4964,132,4.4,3313.2
5771,20251112,1,3,2,4184,177,4.2,2513.4
5772,20251112,3,2,5,2304,89,0.6,569.6
5773,20251112,1,1,7,3701,100,2.5,3150.0
5774,20251112,1,1,5,3177,104,6.0,665.6
5775,20251112,2,2,8,6256,131,28.5,4440.9
5776,20251112,1,3,4,3851,155,15.6,3890.5
5777,20251112,4,2,3,5165,139,5.6,3169.2
5778,20251113,3,3,6,2732,89,3.7,631.9
5779,20251113,1,2,1,3537,74,51.0,925.0
5780,20251113,3,2,7,2445,102,3.7,3213.0
5781,20251113,2,2,2,4967,40,30.8,568.0
5782,20251113,4,2,5,4619,194,8.2,1241.6
5783,20251113,3,3,8,2734,88,2.7,2983.2
5784,20251113,2,3,3,5370,93,38.2,2120.4
5785,20251113,1,2,7,4058,94,8.2,2961.0
5786,20251113,4,2,2,5213,126,22.0,1789.2
5787,20251113,1,1,5,3412,47,58.1,300.8
5788,20251113,4,2,4,4445,79,16.9,1982.9
5789,20251114,3,3,8,2887,54,3.4,1830.6
5790,20251114,2,1,8,6821,201,6.2,6813.9
5791,20251114,3,3,4,2512,108,4.5,2710.8
5792,20251114,2,1,8,6135,231,23.9,7830.9
5793,20251114,1,2,4,3705,104,7.0,2610.4
5794,20251114,1,3,3,4538,73,7.8,1664.4
5795,20251114,1,3,3,3546,121,23.4,2758.8
5796,20251114,2,1,2,6534,231,10.1,3280.2
5797,20251115,2,2,6,5720,211,8.2,1498.1
5798,20251115,4,3,8,5322,129,11.5,4373.1
5799,20251115,1,2,6,3950,164,7.9,1164.4
5800,20251115,3,3,1,2770,53,19.0,662.5
5801,20251115,4,3,7,4339,151,25.6,4756.5
5802,20251115,4,3,4,5277,224,10.0,5622.4
5803,20251115,3,3,1,2586,109,1.6,1362.5
5804,20251115,4,1,3,4519,117,2.2,2667.6
5805,20251115,1,1,1,3683,99,18.7,1237.5
5806,20251116,3,1,5,2701,91,11.3,582.4
5807,20251116,1,1,5,3642,108,9.3,691.2
5808,20251116,3,2,4,2414,102,5.4,2560.2
5809,20251116,4,3,6,4550,232,41.2,1647.2
5810,20251116,3,1,6,2568,156,4.6,1107.6
5811,20251116,3,3,6,2672,105,5.3,745.5
5812,20251116,3,2,8,2737,24,5.4,813.6
5813,20251116,3,3,6,2634,70,1.0,497.0
5814,20251116,1,2,4,3332,80,18.9,2008.0
5815,20251116,4,1,3,4286,97,113.7,2211.6
5816,20251117,4,1,2,3671,161,29.4,2286.2
5817,20251117,2,2,7,5981,227,22.7,7150.5
5818,20251117,3,2,3,2937,47,0.5,1071.6
5819,20251117,1,2,1,3453,110,52.3,1375.0
5820,20251117,1,2,1,4286,157,10.4,1962.5
5821,20251117,2,1,6,5878,274,3.2,1945.4
5822,20251117,3,2,1,2500,99,17.5,1237.5
5823,20251118,1,1,4,3130,41,64.5,1029.1
5824,20251118,2,1,6,6420,188,24.7,1334.8
5825,20251118,3,1,7,2656,94,1.9,2961.0
5826,20251118,3,2,4,3259,106,21.1,2660.6
5827,20251118,4,1,8,4640,156,14.4,5288.4
5828,20251118,1,3,3,3774,158,10.5,3602.4
5829,20251118,3,3,6,2847,92,7.1,653.2
5830,20251118,1,1,5,4051,125,6.4,800.0
5831,20251118,1,1,8,3739,74,14.0,2508.6
5832,20251118,2,1,6,6724,144,35.3,1022.4
5833,20251118,2,1,7,5777,57,13.7,1795.5
5834,20251119,2,2,6,5543,143,5.4,1015.3
5835,20251119,4,1,1,4109,129,0.0,1612.5
5836,20251119,4,1,5,4393,147,4.7,940.8
5837,20251119,3,3,3,2793,59,13.5,1345.2
5838,20251119,3,2,6,2923,42,2.8,298.2
5839,20251119,2,3,3,5329,101,38.8,2302.8
5840,20251119,1,3,6,3685,64,2.8,454.4
5841,20251119,1,2,1,3906,125,0.2,1562.5
5842,20251120,1,2,6,2767,107,24.3,759.7
5843,20251120,1,2,2,4510,150,4.0,2130.0
5844,20251120,4,1,5,5580,302,17.6,1932.8
5845,20251120,4,3,7,4906,151,8.0,4756.5
5846,20251120,3,1,8,2806,141,13.9,4779.9
5847,20251120,3,3,4,2319,108,18.1,2710.8
5848,20251120,4,1,2,5238,287,4.3,4075.4
5849,20251120,1,2,6,3409,153,13.2,1086.3
5850,20251120,1,3,5,4426,151,1.4,966.4
5851,20251121,2,1,1,5515,220,65.9,2750.0
5852,20251121,2,3,5,5381,203,1.3,1299.2
5853,20251121,4,1,7,4745,100,0.0,3150.0
5854,20251121,1,3,1,3586,138,24.5,1725.0
5855,20251121,4,3,5,4360,116,12.9,742.4
5856,20251121,3,1,5,2511,80,15.6,512.0
5857,20251122,2,3,3,5904,269,13.8,6133.2
5858,20251122,2,2,3,6303,171,11.0,3898.8
5859,20251122,3,3,7,2495,110,32.3,3465.0
5860,20251122,3,1,7,2583,41,11.6,1291.5
5861,20251122,1,1,8,3844,113,7.9,3830.7
5862,20251122,3,3,5,2706,107,8.3,684.8
5863,20251122,4,1,1,4014,150,0.0,1875.0
5864,20251123,3,3,1,2846,114,13.3,1425.0
5865,20251123,3,3,4,2354,52,49.1,1305.2
5866,20251123,4,1,5,4863,202,12.3,1292.8
5867,20251123,2,3,8,5784,194,3.4,6576.6
5868,20251123,4,1,2,3335,94,16.5,1334.8
5869,20251123,4,1,8,4897,169,2.7,5729.1
5870,20251123,2,2,8,6659,103,44.4,3491.7
5871,20251124,2,3,8,6461,276,9.0,9356.4
5872,20251124,1,2,8,3473,141,2.0,4779.9
5873,20251124,1,1,5,3157,59,46.1,377.6
5874,20251124,1,2,2,4325,110,1.9,1562.0
5875,20251124,4,3,2,4088,145,20.5,2059.0
5876,20251124,3,2,1,3296,108,30.4,1350.0
5877,20251124,1,3,4,4587,133,31.9,3338.3
5878,20251124,3,2,8,2128,121,19.0,4101.9
5879,20251124,4,3,7,4212,189,3.0,5953.5
5880,20251124,1,1,5,4098,102,7.5,652.8
5881,20251125,3,3,7,2564,114,41.0,3591.0
5882,20251125,2,2,1,7111,268,22.7,3350.0
5883,20251125,3,3,3,2536,86,38.5,1960.8
5884,20251125,4,1,4,4427,89,0.0,2233.9
5885,20251125,3,1,5,2823,111,19.0,710.4
5886,20251125,3,2,3,2884,55,11.7,1254.0
5887,20251125,1,3,8,4083,134,19.0,4542.6
5888,20251125,3,2,3,2739,128,13.9,2918.4
5889,20251125,3,2,7,2174,59,11.3,1858.5
5890,20251125,3,1,7,2516,91,8.6,2866.5
5891,20251126,3,3,3,3229,178,22.1,4058.4
5892,20251126,2,2,8,6750,223,32.3,7559.7
5893,20251126,4,1,7,4165,194,0.0,6111.0
5894,20251126,2,2,3,6940,267,15.5,6087.6
5895,20251126,3,1,5,3337,101,6.7,646.4
5896,20251126,1,1,4,3266,94,47.6,2359.4
5897,20251126,1,3,3,3102,74,12.2,1687.2
5898,20251126,2,2,1,5892,158,14.5,1975.0
5899,20251126,3,3,4,2698,109,11.0,2735.9
5900,20251126,2,2,4,5398,121,13.1,3037.1
5901,20251127,4,1,6,3419,79,0.0,560.9
5902,20251127,1,3,4,4224,102,36.6,2560.2
5903,20251127,3,3,8,2254,113,3.5,3830.7
5904,20251127,3,1,5,2717,169,2.5,1081.6
5905,20251127,3,3,5,1868,43,3.2,275.2
5906,20251127,2,2,2,5136,209,51.2,2967.8
5907,20251127,1,2,5,3135,93,3.3,595.2
5908,20251127,2,3,2,5666,274,87.7,3890.8
5909,20251127,3,1,2,2558,27,6.7,383.4
5910,20251128,3,1,5,2811,60,1.8,384.0
5911,20251128,4,1,1,4512,106,12.3,1325.0
5912,20251128,2,1,6,6644,241,12.6,1711.1
5913,20251128,1,1,4,4465,118,47.6,2961.8
5914,20251128,1,1,7,4109,109,55.2,3433.5
5915,20251128,4,1,1,4705,108,0.0,1350.0
5916,20251128,4,3,2,4097,126,46.0,1789.2
5917,20251128,2,3,2,7573,318,3.0,4515.6
5918,20251128,2,1,4,6806,341,5.6,8559.1
5919,20251128,4,3,4,4240,195,1.7,4894.5
5920,20251128,3,1,1,2198,65,10.8,812.5
5921,20251129,4,3,4,4433,136,6.6,3413.6
5922,20251129,4,2,7,4792,191,6.5,6016.5
5923,20251129,1,2,3,3092,135,7.2,3078.0
5924,20251129,3,3,3,2641,146,24.4,3328.8
5925,20251129,1,2,7,3582,149,76.1,4693.5
5926,20251129,4,3,5,4056,25,9.9,160.0
5927,20251129,1,2,2,2899,62,9.9,880.4
5928,20251129,4,1,1,5435,76,0.0,950.0
5929,20251130,1,3,7,3932,130,26.4,4095.0
5930,20251130,2,3,3,4617,159,8.0,3625.2
5931,20251130,2,3,6,6803,233,5.7,1654.3
5932,20251130,3,1,6,2981,59,16.9,418.9
5933,20251130,3,3,6,2468,92,0.3,653.2
5934,20251130,2,1,5,6272,219,15.6,1401.6
5935,20251130,1,1,3,3849,54,0.1,1231.2
5936,20251130,4,3,3,4568,86,4.6,1960.8
5937,20251130,4,1,7,5496,183,2.8,5764.5
5938,20251130,2,2,6,5440,189,7.3,1341.9
5939,20251130,1,1,6,3909,152,30.7,1079.2
5940,20251201,3,1,2,2659,88,9.5,1249.6
5941,20251201,2,3,3,5920,112,1.3,2553.6
5942,20251201,1,1,1,4408,133,2.9,1662.5
5943,20251201,3,1,6,2304,123,16.7,873.3
5944,20251201,3,3,1,2381,49,5.6,612.5
5945,20251201,3,1,6,2740,66,21.3,468.6
5946,20251201,4,3,5,4509,158,82.7,1011.2
5947,20251201,2,2,3,5991,19,33.6,433.2
5948,20251201,3,2,2,2699,55,47.8,781.0
5949,20251202,3,2,3,3132,92,18.1,2097.6
5950,20251202,2,3,7,5948,11,0.2,346.5
5951,20251202,3,2,7,2236,24,1.0,756.0
5952,20251202,4,3,3,4330,42,0.0,957.6
5953,20251202,1,1,3,3373,66,7.6,1504.8
5954,20251202,2,2,3,6710,118,0.5,2690.4
5955,20251202,2,1,4,6047,351,25.7,8810.1
5956,20251202,2,3,8,5447,102,8.7,3457.8
5957,20251203,1,2,8,3744,153,45.6,5186.7
5958,20251203,1,1,1,4132,193,4.7,2412.5
5959,20251203,2,1,8,6340,175,1.2,5932.5
5960,20251203,4,2,2,4225,59,16.6,837.8
5961,20251203,2,3,6,6001,130,57.3,923.0
5962,20251203,4,2,3,3266,95,2.3,2166.0
5963,20251203,3,3,8,2932,43,19.8,1457.7
5964,20251203,1,3,6,3595,178,12.6,1263.8
5965,20251203,3,1,7,2300,44,37.5,1386.0
5966,20251203,3,1,4,2924,151,27.6,3790.1
5967,20251203,2,2,6,6746,292,19.4,2073.2
5968,20251204,1,3,3,4150,123,2.8,2804.4
5969,20251204,4,1,3,5117,161,0.7,3670.8
5970,20251204,3,1,5,2645,51,22.9,326.4
5971,20251204,2,3,7,5992,280,11.5,8820.0
5972,20251204,2,1,3,6555,301,32.5,6862.8
5973,20251204,1,2,6,3529,53,44.4,376.3
5974,20251204,1,3,6,4233,97,0.3,688.7
5975,20251204,4,1,7,4447,31,12.1,976.5
5976,20251205,3,3,5,2525,77,0.1,492.8
5977,20251205,3,3,5,2321,121,14.6,774.4
5978,20251205,3,3,4,2799,120,20.7,3012.0
5979,20251205,3,1,2,2774,103,14.3,1462.6
5980,20251205,4,2,6,5071,179,14.8,1270.9
5981,20251205,4,1,2,3167,89,14.1,1263.8
5982,20251205,1,2,7,3846,105,50.8,3307.5
5983,20251205,3,3,1,2792,61,12.9,762.5
5984,20251205,3,2,2,2076,98,10.7,1391.6
5985,20251205,1,3,6,4420,139,89.7,986.9
5986,20251205,2,2,5,5510,258,14.2,1651.2
5987,20251206,2,2,1,6978,305,9.7,3812.5
5988,20251206,2,3,5,7092,223,0.2,1427.2
5989,20251206,3,2,8,2758,80,25.2,2712.0
5990,20251206,3,2,4,2489,128,14.2,3212.8
5991,20251206,4,1,2,4338,137,0.5,1945.4
5992,20251206,4,3,4,4383,236,24.4,5923.6
5993,20251206,2,2,7,7098,182,21.3,5733.0
5994,20251207,2,1,4,4984,168,13.6,4216.8
5995,20251207,1,2,7,4003,164,37.4,5166.0
5996,20251207,4,1,3,5515,244,11.8,5563.2
5997,20251207,1,3,1,3847,108,6.5,1350.0
5998,20251207,4,3,3,4739,108,9.9,2462.4
5999,20251207,1,2,8,3670,74,50.3,2508.6
6000,20251207,2,2,1,5788,120,9.8,1500.0
6001,20251207,2,1,6,5499,291,58.9,2066.1
6002,20251207,4,3,2,4685,91,21.7,1292.2
6003,20251207,2,1,3,5326,187,5.9,4263.6
6004,20251208,2,1,8,5247,195,7.6,6610.5
6005,20251208,3,2,2,2434,109,50.1,1547.8
6006,20251208,2,2,2,6738,109,66.2,1547.8
6007,20251208,3,2,8,2777,110,14.5,3729.0
6008,20251208,1,3,6,3570,106,49.3,752.6
6009,20251208,2,1,7,7514,46,10.2,1449.0
6010,20251208,2,3,3,5850,74,18.3,1687.2
6011,20251208,4,2,3,3518,148,0.0,3374.4
6012,20251208,2,2,1,5526,123,39.9,1537.5
6013,20251208,3,3,6,3010,66,2.4,468.6
6014,20251208,3,1,3,3127,73,12.7,1664.4
6015,20251209,4,2,5,5613,14,0.0,89.6
6016,20251209,1,3,6,3875,92,1.2,653.2
6017,20251209,1,1,6,3794,40,0.2,284.0
6018,20251209,1,1,2,2614,90,1.9,1278.0
6019,20251209,2,2,5,5653,146,11.1,934.4
6020,20251209,4,3,6,3928,86,0.0,610.6
6021,20251209,1,3,4,3540,154,4.7,3865.4
6022,20251209,2,1,2,5067,253,3.0,3592.6
6023,20251210,3,3,8,3056,96,14.4,3254.4
6024,20251210,2,3,2,5565,232,2.3,3294.4
6025,20251210,4,2,8,3810,106,34.6,3593.4
6026,20251210,2,2,1,6366,114,30.6,1425.0
6027,20251210,2,2,8,6216,165,2.3,5593.5
6028,20251210,1,3,5,3600,162,14.6,1036.8
6029,20251210,3,3,2,2414,61,16.8,866.2
6030,20251210,3,1,4,2461,89,3.0,2233.9
6031,20251211,1,2,6,3727,166,7.2,1178.6
6032,20251211,1,3,6,3158,76,11.7,539.6
6033,20251211,2,3,3,5765,156,3.9,3556.8
6034,20251211,2,3,8,6337,191,9.0,6474.9
6035,20251211,4,2,4,3545,122,53.4,3062.2
6036,20251211,1,2,3,3305,76,18.5,1732.8
6037,20251211,3,2,6,2382,132,5.9,937.2
6038,20251211,2,3,3,5807,204,15.5,4651.2
6039,20251211,3,1,2,2756,75,40.0,1065.0
6040,20251212,3,2,1,3375,80,2.5,1000.0
6041,20251212,4,1,8,4992,86,61.0,2915.4
6042,20251212,4,2,5,4716,116,31.1,742.4
6043,20251212,2,1,6,5388,218,5.1,1547.8
6044,20251212,1,3,5,2912,96,1.5,614.4
6045,20251212,1,1,8,3707,76,0.5,2576.4
6046,20251212,4,2,7,4791,41,19.6,1291.5
6047,20251212,1,1,1,3928,174,51.1,2175.0
6048,20251213,1,2,4,3750,153,21.9,3840.3
6049,20251213,1,1,4,4151,70,14.3,1757.0
6050,20251213,4,1,5,4809,263,19.9,1683.2
6051,20251213,2,1,1,6261,124,14.6,1550.0
6052,20251213,3,1,8,2803,101,9.2,3423.9
6053,20251213,3,2,7,3029,110,0.8,3465.0
6054,20251213,2,3,2,6661,324,13.3,4600.8
6055,20251213,1,2,8,3270,50,3.8,1695.0
6056,20251213,3,1,5,2411,87,31.0,556.8
6057,20251213,1,2,7,4281,150,31.6,4725.0
6058,20251214,3,1,8,3222,92,0.3,3118.8
6059,20251214,1,1,2,3802,129,10.5,1831.8
6060,20251214,4,3,4,4711,157,0.0,3940.7
6061,20251214,2,1,5,5846,164,19.2,1049.6
6062,20251214,4,3,3,4639,136,7.0,3100.8
6063,20251214,1,1,7,4233,200,22.5,6300.0
6064,20251215,3,1,8,2775,117,30.8,3966.3
6065,20251215,2,2,4,6864,202,5.1,5070.2
6066,20251215,1,3,3,3932,131,6.9,2986.8
6067,20251215,1,2,5,3398,111,33.4,710.4
6068,20251215,1,2,1,3591,100,0.7,1250.0
6069,20251215,4,1,6,4533,100,0.0,710.0
6070,20251215,4,2,1,4458,157,23.4,1962.5
6071,20251215,2,1,4,6376,261,1.8,6551.1
6072,20251216,4,1,8,5095,181,0.0,6135.9
6073,20251216,4,3,3,5397,177,23.7,4035.6
6074,20251216,1,1,2,3472,75,2.4,1065.0
6075,20251216,3,2,4,2868,104,17.8,2610.4
6076,20251216,4,3,2,4569,203,0.0,2882.6
6077,20251216,2,2,3,5228,192,33.3,4377.6
6078,20251216,3,2,8,2079,64,18.1,2169.6
6079,20251216,1,3,2,3600,74,12.5,1050.8
6080,20251217,4,3,1,4594,79,17.5,987.5
6081,20251217,3,2,3,2176,44,53.9,1003.2
6082,20251217,2,3,5,5057,215,8.3,1376.0
6083,20251217,1,2,1,4117,90,11.4,1125.0
6084,20251217,3,1,3,2451,109,12.5,2485.2
6085,20251217,4,1,7,4655,101,41.2,3181.5
6086,20251217,4,3,3,4464,155,12.1,3534.0
6087,20251217,3,2,6,2727,87,8.9,617.7
6088,20251217,2,2,7,5672,207,8.1,6520.5
6089,20251217,2,3,6,5729,196,23.2,1391.6
6090,20251217,2,2,5,6270,117,8.7,748.8
6091,20251218,3,1,2,2633,94,5.4,1334.8
6092,20251218,1,1,7,3179,104,16.4,3276.0
6093,20251218,3,3,7,3198,98,6.2,3087.0
6094,20251218,3,2,2,2235,21,0.0,298.2
6095,20251218,4,2,7,4316,91,25.5,2866.5
6096,20251218,1,1,2,4198,104,17.1,1476.8
6097,20251218,3,3,3,2308,98,0.9,2234.4
6098,20251218,2,3,2,7172,181,4.6,2570.2
6099,20251218,1,2,8,3927,122,18.4,4135.8
6100,20251218,1,2,8,3620,34,7.3,1152.6
6101,20251218,3,3,8,2262,26,9.1,881.4
6102,20251219,2,2,5,5039,248,29.5,1587.2
6103,20251219,3,2,3,2986,186,14.0,4240.8
6104,20251219,2,1,4,5494,146,11.2,3664.6
6105,20251219,1,1,2,4083,106,0.7,1505.2
6106,20251219,4,2,5,4657,68,1.0,435.2
6107,20251219,3,2,1,2364,89,22.6,1112.5
6108,20251220,2,3,1,6164,165,5.3,2062.5
6109,20251220,1,3,1,3621,181,11.7,2262.5
6110,20251220,2,1,7,6255,137,0.9,4315.5
6111,20251220,4,1,5,5113,262,5.1,1676.8
6112,20251220,2,1,5,5548,294,30.5,1881.6
6113,20251220,4,1,5,4678,51,9.1,326.4
6114,20251221,1,2,6,3913,126,5.1,894.6
6115,20251221,1,3,6,2475,75,32.3,532.5
6116,20251221,2,3,8,5508,180,12.5,6102.0
6117,20251221,4,1,8,4579,139,16.7,4712.1
6118,20251221,1,2,6,3378,160,8.2,1136.0
6119,20251221,3,3,2,2783,154,26.1,2186.8
6120,20251221,1,3,2,3327,87,15.6,1235.4
6121,20251221,3,1,4,2651,98,4.7,2459.8
6122,20251222,1,2,8,4309,114,3.7,3864.6
6123,20251222,2,2,5,6160,109,0.7,697.6
6124,20251222,1,2,8,4039,90,0.1,3051.0
6125,20251222,4,1,7,5327,159,0.0,5008.5
6126,20251222,2,3,4,5278,164,42.4,4116.4
6127,20251222,1,2,2,4179,151,26.9,2144.2
6128,20251222,2,1,2,6400,249,5.9,3535.8
6129,20251223,2,3,8,5915,233,5.9,7898.7
6130,20251223,4,2,5,3983,87,1.0,556.8
6131,20251223,2,1,2,6185,139,16.2,1973.8
6132,20251223,2,1,6,4997,178,36.8,1263.8
6133,20251223,3,1,1,2858,108,3.0,1350.0
6134,20251223,3,2,7,2369,30,8.4,945.0
6135,20251223,1,3,3,3585,121,3.7,2758.8
6136,20251223,1,2,7,3545,136,28.0,4284.0
6137,20251224,1,1,8,2602,93,7.5,3152.7
6138,20251224,3,1,2,2332,71,2.2,1008.2
6139,20251224,2,2,3,6076,210,41.7,4788.0
6140,20251224,2,2,7,5887,173,23.0,5449.5
6141,20251224,1,1,4,3786,101,4.1,2535.1
6142,20251224,3,3,8,2849,69,25.7,2339.1
6143,20251224,2,3,1,6123,174,27.9,2175.0
6144,20251225,4,1,1,4651,129,60.2,1612.5
6145,20251225,4,3,6,4674,127,0.0,901.7
6146,20251225,3,3,4,2191,62,17.6,1556.2
6147,20251225,2,2,4,6666,211,21.4,5296.1
6148,20251225,1,1,7,3785,134,29.0,4221.0
6149,20251225,3,3,3,2625,105,37.3,2394.0
6150,20251225,2,1,6,4348,124,6.9,880.4
6151,20251225,3,2,6,2053,103,9.9,731.3
6152,20251226,2,3,4,5617,185,3.1,4643.5
6153,20251226,1,3,2,4056,215,8.3,3053.0
6154,20251226,3,2,6,2801,61,2.7,433.1
6155,20251226,3,1,1,2941,176,8.6,2200.0
6156,20251226,4,2,1,4415,105,0.0,1312.5
6157,20251226,3,3,2,2815,155,2.7,2201.0
6158,20251226,2,3,3,5720,143,29.3,3260.4
6159,20251226,1,3,6,4511,152,13.0,1079.2
6160,20251226,4,1,8,4638,181,6.9,6135.9
6161,20251226,4,2,6,4630,200,20.3,1420.0
6162,20251226,3,1,8,2718,111,3.4,3762.9
6163,20251227,2,3,3,6328,124,38.8,2827.2
6164,20251227,4,1,3,4178,166,3.4,3784.8
6165,20251227,4,3,7,4033,99,14.1,3118.5
6166,20251227,1,1,1,3413,55,11.9,687.5
6167,20251227,2,3,4,6693,115,19.3,2886.5
6168,20251227,4,2,7,4344,90,4.8,2835.0
6169,20251227,4,3,4,3788,109,3.5,2735.9
6170,20251227,1,3,6,3961,65,26.1,461.5
6171,20251228,3,2,7,3001,61,3.7,1921.5
6172,20251228,3,3,7,2551,59,1.2,1858.5
6173,20251228,2,3,4,4604,14,22.5,351.4
6174,20251228,3,1,5,2172,136,11.5,870.4
6175,20251228,2,1,5,5056,184,9.3,1177.6
6176,20251228,2,2,5,5448,263,4.3,1683.2
6177,20251228,2,2,6,4720,114,6.9,809.4
6178,20251228,2,3,7,5552,46,54.4,1449.0
6179,20251229,1,2,5,4212,120,11.7,768.0
6180,20251229,4,1,3,4573,150,14.3,3420.0
6181,20251229,3,3,7,2614,64,19.3,2016.0
6182,20251229,3,1,1,2867,5,45.7,62.5
6183,20251229,2,2,6,5783,135,9.5,958.5
6184,20251229,3,3,2,2037,61,13.5,866.2
6185,20251229,1,2,7,3412,160,3.4,5040.0
6186,20251230,2,2,8,7914,279,4.2,9458.1
6187,20251230,1,2,6,3445,99,6.5,702.9
6188,20251230,2,1,8,5755,239,2.5,8102.1
6189,20251230,1,1,8,3659,98,4.9,3322.2
6190,20251230,3,3,3,2601,73,3.0,1664.4
6191,20251230,3,1,4,2752,122,3.1,3062.2
6192,20251230,1,1,8,3630,63,2.7,2135.7
6193,20251230,3,1,3,2793,91,9.4,2074.8
6194,20251230,1,2,7,3394,132,13.5,4158.0
6195,20251230,3,3,6,2488,98,11.0,695.8
6196,20251231,2,3,1,5828,67,38.2,837.5
6197,20251231,1,2,6,3716,126,24.6,894.6
6198,20251231,3,3,6,2937,87,32.2,617.7
6199,20251231,1,3,4,3124,107,1.8,2685.7
6200,20251231,2,3,7,5859,203,18.9,6394.5
6201,20251231,2,3,4,5441,173,21.0,4342.3
6202,20251231,3,1,1,2848,111,63.7,1387.5
6203,20251231,1,1,5,3241,135,5.0,864.0
6204,20251231,1,1,8,2819,119,1.5,4034.1
6205,20251231,4,2,6,3993,92,37.6,653.2
6206,20251231,1,1,8,3972,88,15.7,2983.2
